episode,global_step,ep_reward,ep_length,termination_reason,term_goal,term_battery,term_collision,term_timeout,start_x,start_y,goal_x,goal_y,distance_to_goal,distance_reduction,invalid_move_count,invalid_move_rate,battery_remaining,avg_network_score,avg_rssi,avg_latency,avg_packet_loss,total_outage_steps,route_distance
1,207,-22542.870761,207,battery_depleted,0,1,0,0,49,47,37,33,13.416407864998739,5.022681049587035,81,0.391304347826087,0.0,0.0,,,,207,151.68124086713195
2,405,-20701.92827,198,battery_depleted,0,1,0,0,21,31,23,42,17.804493814764857,-6.624153927265908,63,0.3181818181818182,0.0,0.0,,,,198,165.23759005323603
3,577,-15600.383517,172,battery_depleted,0,1,0,0,39,42,10,35,26.476404589747453,3.356463190605144,9,0.05232558139534884,0.0,0.0,,,,172,196.96551211459408
4,765,-18715.833992,188,battery_depleted,0,1,0,0,20,37,38,21,35.608987629529715,-11.525798471945123,42,0.22340425531914893,0.0,0.0,,,,188,175.82337649086298
5,961,-20312.759963,196,battery_depleted,0,1,0,0,22,2,0,20,39.0,-10.57465919289621,60,0.30612244897959184,0.0,0.0,,,,196,164.58073580374358
6,1130,-15058.095927,169,battery_depleted,0,1,0,0,47,24,37,11,13.038404810405298,3.3628146564514285,6,0.03550295857988166,0.0,0.0,,,,169,197.79393923934026
7,1333,-21776.708389,203,battery_depleted,0,1,0,0,18,21,42,39,37.013511046643494,-7.013511046643494,77,0.3793103448275862,0.0,0.0,,,,203,153.33809511662432
8,1521,-18679.615636,188,battery_depleted,0,1,0,0,17,47,11,31,24.515301344262525,-7.427293853627464,43,0.22872340425531915,0.0,0.0,,,,188,175.6518036156091
9,1698,-16444.343177,177,battery_depleted,0,1,0,0,49,23,36,45,10.0,15.553864678361276,19,0.10734463276836158,0.0,0.0,,,,177,189.89444430272846
10,1893,-20101.625383,195,battery_depleted,0,1,0,0,13,26,32,43,28.42534080710379,-2.930243239139866,71,0.3641025641025641,0.0,0.0,,,,195,159.62236636408625
11,2081,-18648.500726,188,battery_depleted,0,1,0,0,24,33,29,44,9.848857801796104,2.2341881717984684,38,0.20212765957446807,0.0,0.0,,,,188,178.5807358037437
12,2274,-19648.113811,193,battery_depleted,0,1,0,0,12,30,41,35,31.575306807693888,-2.147428868569566,52,0.2694300518134715,0.0,0.0,,,,193,170.82337649086298
13,2469,-20034.204244,195,battery_depleted,0,1,0,0,13,26,28,26,16.1245154965971,-1.1245154965970983,48,0.24615384615384617,0.0,0.0,,,,195,171.85281374238576
14,2653,-17881.506329,184,battery_depleted,0,1,0,0,40,34,38,21,21.93171219946131,-8.778765761495404,29,0.15760869565217392,0.0,0.0,,,,184,184.40916292848988
15,2832,-16851.683474,179,battery_depleted,0,1,0,0,34,38,28,17,9.848857801796104,11.991471866045451,25,0.13966480446927373,0.0,0.0,,,,179,187.1370849898478
16,3032,-21110.552261,200,battery_depleted,0,1,0,0,39,8,41,25,22.561028345356956,-5.443785576733266,64,0.32,0.0,0.0,,,,200,161.68124086713195
17,3208,-16413.673127,176,battery_depleted,0,1,0,0,28,45,5,40,35.22782990761707,-11.690625315737432,18,0.10227272727272728,0.0,0.0,,,,176,190.7228714274747
18,3406,-20720.140822,198,battery_depleted,0,1,0,0,23,29,37,26,20.808652046684813,-6.490830983408459,64,0.32323232323232326,0.0,0.0,,,,198,163.82337649086287
19,3606,-21092.721985,200,battery_depleted,0,1,0,0,35,2,41,21,16.492422502470642,3.4324363427006332,71,0.355,0.0,0.0,,,,200,159.65180361560905
20,3782,-16310.705384,176,battery_depleted,0,1,0,0,47,30,31,14,17.804493814764857,4.822923183204665,16,0.09090909090909091,0.0,0.0,,,,176,191.0660171779823
21,3972,-18989.894005,190,battery_depleted,0,1,0,0,30,21,9,5,15.297058540778355,11.103699024109815,41,0.21578947368421053,0.0,0.0,,,,190,177.9949493661168
22,4185,-23902.053054,213,battery_depleted,0,1,0,0,39,49,20,35,31.016124838541646,-7.415277396129753,88,0.4131455399061033,0.0,0.0,,,,213,147.36753236814715
23,4366,-17353.751862,181,battery_depleted,0,1,0,0,31,31,37,18,28.792360097775937,-14.474539034499584,27,0.14917127071823205,0.0,0.0,,,,181,185.48023074035538
24,4563,-20433.354386,197,battery_depleted,0,1,0,0,35,18,14,7,7.810249675906654,15.89628950635274,67,0.3401015228426396,0.0,0.0,,,,197,159.4091629284898
25,4750,-18431.113352,187,battery_depleted,0,1,0,0,6,37,27,31,20.0,1.840329667841555,38,0.20320855614973263,0.0,0.0,,,,187,178.82337649086298
26,4918,-14874.264143,168,battery_depleted,0,1,0,0,39,38,15,44,18.867962264113206,5.870671489592755,5,0.02976190476190476,0.0,0.0,,,,168,199.03657992645944
27,5117,-20903.782644,199,battery_depleted,0,1,0,0,10,45,22,49,17.69180601295413,-5.042695372280614,67,0.33668341708542715,0.0,0.0,,,,199,158.92388155425124
28,5303,-18286.155148,186,battery_depleted,0,1,0,0,35,21,12,37,40.607881008493905,-12.590029556250105,32,0.17204301075268819,0.0,0.0,,,,186,182.99494936611677
29,5483,-17134.847371,180,battery_depleted,0,1,0,0,27,42,15,16,37.8021163428716,-9.166474216318893,26,0.14444444444444443,0.0,0.0,,,,180,186.72287142747473
30,5692,-23053.269246,209,battery_depleted,0,1,0,0,11,11,14,36,25.079872407968907,0.09948421605943736,92,0.44019138755980863,0.0,0.0,,,,209,145.9949493661166
31,5882,-19012.721163,190,battery_depleted,0,1,0,0,29,18,2,11,19.235384061671343,8.657267300291362,43,0.22631578947368422,0.0,0.0,,,,190,174.75230867899745
32,6078,-20317.953745,196,battery_depleted,0,1,0,0,24,42,40,37,31.400636936215164,-14.637582321974953,53,0.27040816326530615,0.0,0.0,,,,196,171.16652224137056
33,6266,-18568.850639,188,battery_depleted,0,1,0,0,11,23,36,19,4.123105625617661,21.194872176726665,50,0.26595744680851063,0.0,0.0,,,,188,173.6223663640863
34,6439,-15857.819223,173,battery_depleted,0,1,0,0,31,33,10,35,29.832867780352597,-8.737844670623609,18,0.10404624277456648,0.0,0.0,,,,173,191.45079348883263
35,6652,-24026.111321,213,battery_depleted,0,1,0,0,8,15,18,16,19.1049731745428,-9.05509755342191,93,0.43661971830985913,0.0,0.0,,,,213,146.50966799187805
36,6824,-15587.008101,172,battery_depleted,0,1,0,0,34,33,25,48,15.652475842498529,1.8403798420373718,4,0.023255813953488372,0.0,0.0,,,,172,199.06601717798225
37,7020,-20188.145389,196,battery_depleted,0,1,0,0,18,16,30,30,9.0,9.439088914585774,57,0.29081632653061223,0.0,0.0,,,,196,166.33809511662437
38,7243,-26121.429713,223,battery_depleted,0,1,0,0,5,5,0,26,15.652475842498529,5.934557302424373,111,0.4977578475336323,0.0,0.0,,,,223,133.95331880577396
39,7421,-16700.827979,178,battery_depleted,0,1,0,0,33,36,20,38,10.04987562112089,3.1030708168450154,18,0.10112359550561797,0.0,0.0,,,,178,190.65180361560925
40,7589,-14894.905965,168,battery_depleted,0,1,0,0,47,24,21,29,25.495097567963924,0.9813070217835289,5,0.02976190476190476,0.0,0.0,,,,168,198.6223663640864
41,7779,-19092.274323,190,battery_depleted,0,1,0,0,23,14,0,30,36.40054944640259,-8.382697994158793,45,0.23684210526315788,0.0,0.0,,,,190,176.06601717798227
42,7980,-21205.955069,201,battery_depleted,0,1,0,0,30,37,43,17,2.23606797749979,21.617652906253337,66,0.3283582089552239,0.0,0.0,,,,201,162.7523086789974
43,8168,-18666.340469,188,battery_depleted,0,1,0,0,39,22,45,49,27.459060435491963,0.19957293638669782,44,0.23404255319148937,0.0,0.0,,,,188,175.06601717798227
44,8369,-21250.251206,201,battery_depleted,0,1,0,0,26,17,12,39,19.235384061671343,6.841425559139253,60,0.29850746268656714,0.0,0.0,,,,201,165.43860018001266
45,8569,-21081.60575,200,battery_depleted,0,1,0,0,29,1,28,25,21.633307652783937,2.3875166461446895,60,0.3,0.0,0.0,,,,200,163.6101730552665
46,8771,-21475.750093,202,battery_depleted,0,1,0,0,19,49,37,38,18.681541692269406,2.4134814174595824,67,0.3316831683168317,0.0,0.0,,,,202,159.43860018001268
47,8952,-17309.974374,181,battery_depleted,0,1,0,0,26,49,6,45,30.364452901377952,-9.968374847006814,21,0.11602209944751381,0.0,0.0,,,,181,189.82337649086304
48,9143,-19233.705457,191,battery_depleted,0,1,0,0,0,30,13,48,20.615528128088304,1.5880751830862145,47,0.24607329842931938,0.0,0.0,,,,191,172.1665222413706
49,9329,-18264.392251,186,battery_depleted,0,1,0,0,37,22,14,16,27.018512172212592,-3.2487835242031657,38,0.20430107526881722,0.0,0.0,,,,186,179.06601717798225
50,9528,-20863.087902,199,battery_depleted,0,1,0,0,4,27,32,37,30.083217912982647,-0.3510804183456351,57,0.2864321608040201,0.0,0.0,,,,199,168.09545442950508
51,9722,-19854.319257,194,battery_depleted,0,1,0,0,11,46,32,28,24.839484696748443,2.8191486751302186,54,0.27835051546391754,0.0,0.0,,,,194,167.33809511662437
52,9916,-19868.762464,194,battery_depleted,0,1,0,0,24,32,18,47,16.278820596099706,-0.12332617469619578,55,0.28350515463917525,0.0,0.0,,,,194,167.5807358037436
53,10113,-20500.958893,197,battery_depleted,0,1,0,0,24,9,44,24,35.38361202590826,-10.383612025908263,57,0.2893401015228426,0.0,0.0,,,,197,166.92388155425124
54,10295,-17424.751392,182,battery_depleted,0,1,0,0,29,34,41,28,5.0990195135927845,8.317388351405954,26,0.14285714285714285,0.0,0.0,,,,182,184.99494936611683
55,10480,-18090.919673,185,battery_depleted,0,1,0,0,33,25,12,19,28.653097563788805,-6.81276789594725,33,0.1783783783783784,0.0,0.0,,,,185,182.6518036156092
56,10666,-18248.127649,186,battery_depleted,0,1,0,0,15,20,36,19,21.540659228538015,-0.5168631869093758,34,0.1827956989247312,0.0,0.0,,,,186,181.82337649086298
57,10859,-19640.808628,193,battery_depleted,0,1,0,0,45,5,37,33,21.95449840010015,7.165941157021923,52,0.2694300518134715,0.0,0.0,,,,193,170.40916292848982
58,11036,-16549.965225,177,battery_depleted,0,1,0,0,19,18,47,23,31.400636936215164,-2.9577116295593804,24,0.13559322033898305,0.0,0.0,,,,177,186.96551211459396
59,11229,-19567.29109,193,battery_depleted,0,1,0,0,11,24,16,36,3.605551275463989,9.39444872453601,42,0.21761658031088082,0.0,0.0,,,,193,177.92388155425132
60,11421,-19404.51922,192,battery_depleted,0,1,0,0,24,45,43,26,23.345235059857504,3.5248226252313017,46,0.23958333333333334,0.0,0.0,,,,192,173.7523086789975
61,11599,-16718.747062,178,battery_depleted,0,1,0,0,38,38,31,29,14.0,-2.598245749008621,19,0.10674157303370786,0.0,0.0,,,,178,190.06601717798227
62,11814,-24389.039011,215,battery_depleted,0,1,0,0,21,5,39,20,30.083217912982647,-6.652468885262685,100,0.46511627906976744,0.0,0.0,,,,215,140.26702730475873
63,12021,-22611.409359,207,battery_depleted,0,1,0,0,7,25,19,16,22.47220505424423,-7.472205054244231,80,0.3864734299516908,0.0,0.0,,,,207,154.75230867899742
64,12224,-21767.06573,203,battery_depleted,0,1,0,0,1,41,11,17,30.4138126514911,-4.413812651491099,72,0.35467980295566504,0.0,0.0,,,,203,158.33809511662437
65,12417,-19621.943941,193,battery_depleted,0,1,0,0,49,7,36,31,26.076809620810597,1.2178785071017657,50,0.25906735751295334,0.0,0.0,,,,193,169.5096679918782
66,12631,-24165.099609,214,battery_depleted,0,1,0,0,37,18,36,39,30.083217912982647,-9.059421871354008,93,0.43457943925233644,0.0,0.0,,,,214,149.16652224137047
67,12823,-19395.349469,192,battery_depleted,0,1,0,0,28,45,12,28,18.867962264113206,4.477272795744298,47,0.24479166666666666,0.0,0.0,,,,192,170.68124086713198
68,13024,-21233.599195,201,battery_depleted,0,1,0,0,46,20,31,14,4.0,12.15549442140351,66,0.3283582089552239,0.0,0.0,,,,201,162.33809511662432
69,13227,-21643.035273,203,battery_depleted,0,1,0,0,47,42,20,46,17.11724276862369,10.177445359288672,67,0.33004926108374383,0.0,0.0,,,,203,160.02438661763958
70,13404,-16542.736638,177,battery_depleted,0,1,0,0,44,26,34,18,17.11724276862369,-4.310994293757993,16,0.0903954802259887,0.0,0.0,,,,177,192.4802307403554
71,13595,-19192.393068,191,battery_depleted,0,1,0,0,19,14,33,10,3.0,11.560219778561036,43,0.225130890052356,0.0,0.0,,,,191,176.58073580374364
72,13790,-20164.395452,195,battery_depleted,0,1,0,0,36,19,45,39,44.294469180700204,-22.362756981238896,52,0.26666666666666666,0.0,0.0,,,,195,172.82337649086293
73,13987,-20450.105166,197,battery_depleted,0,1,0,0,7,25,18,25,11.704699910719626,-0.7046999107196257,60,0.30456852791878175,0.0,0.0,,,,197,165.58073580374366
74,14173,-18324.112197,186,battery_depleted,0,1,0,0,23,29,48,44,38.07886552931954,-8.924106055093041,44,0.23655913978494625,0.0,0.0,,,,186,175.96551211459396
75,14374,-21301.965657,201,battery_depleted,0,1,0,0,46,1,48,11,8.54400374531753,1.6540352818680386,71,0.35323383084577115,0.0,0.0,,,,201,157.7523086789974
76,14574,-21031.350264,200,battery_depleted,0,1,0,0,33,47,15,31,18.601075237738275,5.4821139198463165,63,0.315,0.0,0.0,,,,200,163.9238815542513
77,14658,-3769.838729,84,goal_reached,1,0,0,0,43,24,34,31,0.0,11.40175425099138,5,0.05952380952380952,51.049999999999905,0.0,,,,84,95.15432893255064
78,14856,-20711.184858,198,battery_depleted,0,1,0,0,28,9,49,23,31.78049716414141,-6.541638235893483,64,0.32323232323232326,0.0,0.0,,,,198,163.40916292848982
79,15048,-19497.65001,192,battery_depleted,0,1,0,0,30,18,39,28,23.08679276123039,-9.633168714156682,53,0.2760416666666667,0.0,0.0,,,,192,169.23759005323603
80,15230,-17438.565976,182,battery_depleted,0,1,0,0,41,35,22,18,23.08679276123039,2.4083048067335326,23,0.12637362637362637,0.0,0.0,,,,182,186.33809511662443
81,15436,-22403.877115,206,battery_depleted,0,1,0,0,33,12,19,12,18.027756377319946,-4.027756377319946,86,0.4174757281553398,0.0,0.0,,,,206,148.58073580374355
82,15610,-15987.336822,174,battery_depleted,0,1,0,0,37,35,14,21,28.231188426986208,-1.305364391313688,14,0.08045977011494253,0.0,0.0,,,,174,193.1370849898478
83,15825,-24266.495579,215,battery_depleted,0,1,0,0,22,42,14,24,5.385164807134504,14.312550796457703,92,0.42790697674418604,0.0,0.0,,,,215,147.8528137423857
84,16014,-18801.610061,189,battery_depleted,0,1,0,0,12,24,6,37,6.0,8.317821063276353,47,0.24867724867724866,0.0,0.0,,,,189,174.72287142747462
85,16233,-25196.731297,219,battery_depleted,0,1,0,0,22,19,35,30,10.63014581273465,6.399240553191753,95,0.4337899543378995,0.0,0.0,,,,219,145.12489168102783
86,16417,-17774.34487,184,battery_depleted,0,1,0,0,28,29,38,10,3.605551275463989,17.8653592781199,38,0.20652173913043478,0.0,0.0,,,,184,177.48023074035527
87,16608,-19302.110898,191,battery_depleted,0,1,0,0,7,25,21,20,20.223748416156685,-5.357679668838179,51,0.2670157068062827,0.0,0.0,,,,191,171.4802307403553
88,16782,-15985.300751,174,battery_depleted,0,1,0,0,43,30,30,37,19.1049731745428,-4.340150114309399,10,0.05747126436781609,0.0,0.0,,,,174,195.06601717798233
89,16972,-19088.74144,190,battery_depleted,0,1,0,0,18,37,44,31,35.014282800023196,-8.330954671770527,52,0.2736842105263158,0.0,0.0,,,,190,171.1370849898478
90,17177,-22101.477782,205,battery_depleted,0,1,0,0,25,6,6,29,26.40075756488817,3.4321102154644265,74,0.36097560975609755,0.0,0.0,,,,205,155.0243866176395
91,17364,-18459.267259,187,battery_depleted,0,1,0,0,29,10,16,10,5.830951894845301,7.169048105154699,45,0.24064171122994651,0.0,0.0,,,,187,174.72287142747467
92,17565,-21304.915273,201,battery_depleted,0,1,0,0,39,8,26,17,18.384776310850235,-2.5733880100083386,68,0.3383084577114428,0.0,0.0,,,,201,159.92388155425124
93,17775,-23262.797802,210,battery_depleted,0,1,0,0,4,26,7,46,28.635642126552707,-8.411893710396022,82,0.3904761904761905,0.0,0.0,,,,210,152.4386001800126
94,17960,-18018.873177,185,battery_depleted,0,1,0,0,2,45,30,47,19.1049731745428,8.966364520693599,40,0.21621621621621623,0.0,0.0,,,,185,177.3086578651016
95,18146,-18312.673723,186,battery_depleted,0,1,0,0,22,37,0,24,33.52610922848042,-7.972244550119147,43,0.23118279569892472,0.0,0.0,,,,186,175.3086578651015
96,18333,-18456.84591,187,battery_depleted,0,1,0,0,15,31,34,15,25.0,-0.16051530325155738,36,0.1925133689839572,0.0,0.0,,,,187,179.58073580374366
97,18528,-20040.996155,195,battery_depleted,0,1,0,0,6,49,0,25,25.553864678361276,-0.8152309246553138,50,0.2564102564102564,0.0,0.0,,,,195,172.33809511662434
98,18703,-16184.795862,175,battery_depleted,0,1,0,0,10,43,29,26,22.20360331117452,3.291494256789406,26,0.14857142857142858,0.0,0.0,,,,175,186.27922061357876
99,18913,-23326.511051,210,battery_depleted,0,1,0,0,8,19,18,39,30.675723300355934,-8.315043525358035,85,0.40476190476190477,0.0,0.0,,,,210,151.5096679918781
100,19132,-25261.023223,219,battery_depleted,0,1,0,0,30,32,34,4,38.62641583165593,-10.342144584194031,103,0.4703196347031963,0.0,0.0,,,,219,138.36753236814707
101,19323,-19269.119151,191,battery_depleted,0,1,0,0,35,18,32,0,20.518284528683193,-2.269996937788534,59,0.3089005235602094,0.0,0.0,,,,191,165.96551211459385
102,19500,-16573.636437,177,battery_depleted,0,1,0,0,14,37,37,43,31.04834939252005,-7.278620744510622,22,0.12429378531073447,0.0,0.0,,,,177,188.13708498984778
103,19701,-21351.665839,201,battery_depleted,0,1,0,0,8,17,5,5,24.839484696748443,-12.470167819895462,66,0.3283582089552239,0.0,0.0,,,,201,163.5807358037436
104,19886,-18055.433536,185,battery_depleted,0,1,0,0,7,41,0,30,16.55294535724685,-3.51454054684155,31,0.16756756756756758,0.0,0.0,,,,185,182.9949493661168
105,20075,-18788.564011,189,battery_depleted,0,1,0,0,24,8,6,20,7.280109889280518,14.35319776350342,44,0.2328042328042328,0.0,0.0,,,,189,174.82337649086298
106,20261,-18291.05454,186,battery_depleted,0,1,0,0,5,33,0,5,39.0,-10.557074693344216,35,0.1881720430107527,0.0,0.0,,,,186,180.40916292848985
107,20441,-17064.397268,180,battery_depleted,0,1,0,0,12,27,24,45,12.041594578792296,9.591713073991642,33,0.18333333333333332,0.0,0.0,,,,180,180.96551211459396
108,20634,-19609.116926,193,battery_depleted,0,1,0,0,10,36,27,45,7.211102550927978,12.024281510743364,54,0.27979274611398963,0.0,0.0,,,,193,168.40916292848988
109,20835,-21325.371634,201,battery_depleted,0,1,0,0,23,43,3,35,22.847319317591726,-1.306660089053711,74,0.3681592039800995,0.0,0.0,,,,201,156.4091629284897
110,21024,-18860.14793,189,battery_depleted,0,1,0,0,20,9,4,30,30.805843601498726,-4.405086036610555,39,0.20634920634920634,0.0,0.0,,,,189,178.1665222413706
111,21231,-22639.12511,207,battery_depleted,0,1,0,0,3,23,9,6,20.12461179749811,-2.096855420178162,85,0.4106280193236715,0.0,0.0,,,,207,150.99494936611666
112,21398,-14737.5225,167,battery_depleted,0,1,0,0,39,40,31,47,10.63014581273465,0.0,7,0.041916167664670656,0.0,0.0,,,,167,198.10764773832506
113,21608,-23251.576258,210,battery_depleted,0,1,0,0,5,12,13,2,11.0,1.806248474865697,85,0.40476190476190477,0.0,0.0,,,,210,149.85281374238568
114,21790,-17481.9568,182,battery_depleted,0,1,0,0,34,46,19,29,25.059928172283335,-2.3883600747740665,28,0.15384615384615385,0.0,0.0,,,,182,184.6518036156092
115,21995,-22156.606597,205,battery_depleted,0,1,0,0,22,48,48,49,31.38470965295043,-5.3654859904350545,77,0.375609756097561,0.0,0.0,,,,205,153.68124086713192
116,22186,-19289.336514,191,battery_depleted,0,1,0,0,7,28,15,6,34.0147027033899,-10.60530288195065,48,0.2513089005235602,0.0,0.0,,,,191,171.1665222413706
117,22358,-15531.191524,172,battery_depleted,0,1,0,0,48,42,24,48,8.94427190999916,15.794361843706803,10,0.05813953488372093,0.0,0.0,,,,172,196.7939392393402
118,22545,-18411.3848,187,battery_depleted,0,1,0,0,1,34,8,48,7.211102550927978,8.44137329157055,40,0.21390374331550802,0.0,0.0,,,,187,177.65180361560917
119,22715,-15246.691787,170,battery_depleted,0,1,0,0,34,29,20,39,15.524174696260024,1.6804758378252291,5,0.029411764705882353,0.0,0.0,,,,170,198.96551211459402
120,22911,-20254.381087,196,battery_depleted,0,1,0,0,36,11,18,9,14.317821063276353,3.792949212998481,59,0.3010204081632653,0.0,0.0,,,,196,165.16652224137056
121,23084,-15921.10788,173,battery_depleted,0,1,0,0,26,34,10,36,39.20459156782532,-23.08007607122822,15,0.08670520231213873,0.0,0.0,,,,173,192.37972567696713
122,23257,-15802.214108,173,battery_depleted,0,1,0,0,34,29,46,8,25.059928172283335,-0.873154927387688,12,0.06936416184971098,0.0,0.0,,,,173,194.13708498984784
123,23436,-16913.9733,179,battery_depleted,0,1,0,0,23,33,29,45,7.0710678118654755,6.345340053133263,32,0.1787709497206704,0.0,0.0,,,,179,182.20815280171325
124,23633,-20418.150696,197,battery_depleted,0,1,0,0,22,46,31,31,9.899494936611665,7.593360747924235,59,0.29949238578680204,0.0,0.0,,,,197,163.68124086713195
125,23819,-18149.448667,186,battery_depleted,0,1,0,0,33,45,37,20,8.246211251235321,17.071766551109008,33,0.1774193548387097,0.0,0.0,,,,186,181.9949493661168
126,24007,-18562.746184,188,battery_depleted,0,1,0,0,28,15,40,33,9.219544457292887,12.41376319549105,36,0.19148936170212766,0.0,0.0,,,,188,178.92388155425127
127,24207,-21073.77003,200,battery_depleted,0,1,0,0,33,8,27,32,19.1049731745428,5.633660579163163,64,0.32,0.0,0.0,,,,200,163.75230867899748
128,24400,-19585.452388,193,battery_depleted,0,1,0,0,46,45,26,31,18.439088914585774,5.97402231688163,49,0.2538860103626943,0.0,0.0,,,,193,170.50966799187816
129,24604,-21910.516465,204,battery_depleted,0,1,0,0,39,19,20,27,14.317821063276353,6.29770706481195,72,0.35294117647058826,0.0,0.0,,,,204,157.68124086713192
130,24772,-14924.52372,168,battery_depleted,0,1,0,0,30,44,16,46,15.231546211727817,-1.0894105879968663,8,0.047619047619047616,0.0,0.0,,,,168,196.45079348883263
131,24958,-18293.437848,186,battery_depleted,0,1,0,0,27,35,29,9,34.48187929913333,-8.405069678322736,35,0.1881720430107527,0.0,0.0,,,,186,179.99494936611683
132,25149,-19276.50106,191,battery_depleted,0,1,0,0,28,45,19,37,19.1049731745428,-7.063378595750503,51,0.2670157068062827,0.0,0.0,,,,191,171.48023074035532
133,25351,-21533.007505,202,battery_depleted,0,1,0,0,15,21,44,25,35.84689665786984,-6.572334321260946,65,0.3217821782178218,0.0,0.0,,,,202,162.26702730475884
134,25532,-17090.591062,181,goal_reached,1,0,0,0,44,43,26,46,0.0,18.24828759089466,31,0.1712707182320442,1.3499999999999164,0.0,,,,181,180.2375900532361
135,25704,-15618.775204,172,battery_depleted,0,1,0,0,45,22,33,30,15.132745950421556,-0.7105408485656,13,0.0755813953488372,0.0,0.0,,,,172,193.7939392393402
136,25902,-20734.402592,198,battery_depleted,0,1,0,0,25,23,43,20,27.073972741361768,-8.825685150467109,67,0.3383838383838384,0.0,0.0,,,,198,162.06601717798216
137,26089,-18485.649979,187,battery_depleted,0,1,0,0,20,13,28,26,20.0,-4.735662477526253,42,0.22459893048128343,0.0,0.0,,,,187,176.48023074035532
138,26283,-19846.368063,194,battery_depleted,0,1,0,0,47,5,36,9,10.63014581273465,1.0745540979849757,57,0.29381443298969073,0.0,0.0,,,,194,165.58073580374366
139,26468,-18065.199484,185,battery_depleted,0,1,0,0,20,12,30,34,27.16615541441225,-3.0000634672231037,27,0.14594594594594595,0.0,0.0,,,,185,185.33809511662443
140,26663,-20085.981785,195,battery_depleted,0,1,0,0,16,41,21,16,32.01562118716424,-6.520523619200318,57,0.2923076923076923,0.0,0.0,,,,195,167.4091629284898
141,26839,-16375.557391,176,battery_depleted,0,1,0,0,29,30,10,12,34.828149534535996,-8.655644877931195,13,0.07386363636363637,0.0,0.0,,,,176,194.06601717798225
142,27050,-23367.158607,211,battery_depleted,0,1,0,0,6,6,28,1,7.810249675906654,14.750778669450302,87,0.41232227488151657,0.0,0.0,,,,211,149.6812408671319
143,27223,-15848.391609,173,battery_depleted,0,1,0,0,34,38,15,41,23.706539182259394,-4.471155120588051,21,0.12138728323699421,0.0,0.0,,,,173,187.62236636408642
144,27412,-18837.586033,189,battery_depleted,0,1,0,0,43,12,29,25,22.360679774997898,-3.255706600455099,43,0.2275132275132275,0.0,0.0,,,,189,175.40916292848988
145,27607,-20023.325504,195,battery_depleted,0,1,0,0,42,0,26,13,18.867962264113206,1.7475658639750975,52,0.26666666666666666,0.0,0.0,,,,195,172.82337649086296
146,27799,-19403.142443,192,battery_depleted,0,1,0,0,45,41,44,18,19.235384061671343,3.786344804771332,49,0.2552083333333333,0.0,0.0,,,,192,170.75230867899742
147,27988,-18868.729646,189,battery_depleted,0,1,0,0,1,49,23,42,22.090722034374522,0.9960707268558693,48,0.25396825396825395,0.0,0.0,,,,189,171.65180361560914
148,28174,-18290.530726,186,battery_depleted,0,1,0,0,48,27,39,13,18.867962264113206,-2.2246452870199676,35,0.1881720430107527,0.0,0.0,,,,186,180.823376490863
149,28371,-20492.465239,197,battery_depleted,0,1,0,0,40,21,25,2,24.839484696748443,-0.6320478229280333,62,0.3147208121827411,0.0,0.0,,,,197,165.65180361560914
150,28543,-15628.277972,172,battery_depleted,0,1,0,0,36,44,21,25,25.553864678361276,-1.3464278045408662,13,0.0755813953488372,0.0,0.0,,,,172,193.79393923934026
151,28746,-21698.485644,203,battery_depleted,0,1,0,0,9,11,32,6,17.0,6.5372045918796395,74,0.3645320197044335,0.0,0.0,,,,203,156.33809511662426
152,28935,-18904.547412,189,battery_depleted,0,1,0,0,44,7,29,20,23.430749027719962,-3.5813157864407543,51,0.2698412698412698,0.0,0.0,,,,189,170.72287142747467
153,29127,-19387.495396,192,battery_depleted,0,1,0,0,49,12,34,13,10.04987562112089,4.983420757252018,45,0.234375,0.0,0.0,,,,192,175.16652224137056
154,29310,-17661.591866,183,battery_depleted,0,1,0,0,27,32,43,27,12.041594578792296,4.721460035447915,33,0.18032786885245902,0.0,0.0,,,,183,182.30865786510157
155,29496,-18260.030327,186,battery_depleted,0,1,0,0,32,32,11,45,25.942243542145693,-1.2440654716887565,34,0.1827956989247312,0.0,0.0,,,,186,179.7523086789975
156,29701,-22106.516293,205,battery_depleted,0,1,0,0,28,26,41,10,21.18962010041709,-0.5740919723287874,65,0.3170731707317073,0.0,0.0,,,,205,162.3675323681472
157,29744,-997.990833,43,goal_reached,1,0,0,0,7,41,1,49,0.0,10.0,9,0.20930232558139536,76.84999999999997,0.0,,,,43,41.45584412271571
158,29955,-23397.37723,211,battery_depleted,0,1,0,0,33,3,14,25,21.840329667841555,7.228554039655712,80,0.3791469194312796,0.0,0.0,,,,211,152.95331880577402
159,30129,-16034.657331,174,battery_depleted,0,1,0,0,39,34,29,35,22.80350850198276,-12.753632880861868,11,0.06321839080459771,0.0,0.0,,,,174,195.30865786510162
160,30316,-18543.132729,187,battery_depleted,0,1,0,0,24,23,42,20,29.0,-10.751712409105341,41,0.2192513368983957,0.0,0.0,,,,187,175.823376490863
161,30515,-20930.505593,199,battery_depleted,0,1,0,0,20,21,28,32,16.492422502470642,-2.8909519937351984,65,0.32663316582914576,0.0,0.0,,,,199,163.40916292848976
162,30726,-23454.156935,211,battery_depleted,0,1,0,0,39,14,14,25,23.853720883753127,3.4592796837421993,80,0.3791469194312796,0.0,0.0,,,,211,154.19595949289334
163,30917,-19229.672597,191,battery_depleted,0,1,0,0,41,0,36,19,14.866068747318506,4.780813957069993,48,0.2513089005235602,0.0,0.0,,,,191,172.82337649086298
164,31109,-19449.927634,192,battery_depleted,0,1,0,0,17,47,44,36,30.364452901377952,-1.20969342715145,49,0.2552083333333333,0.0,0.0,,,,192,173.23759005323606
165,31246,-9912.745989,137,goal_reached,1,0,0,0,22,8,36,6,0.0,14.142135623730951,16,0.11678832116788321,22.199999999999854,0.0,,,,137,147.09545442950497
166,31442,-20255.089468,196,battery_depleted,0,1,0,0,34,27,25,12,17.46424919657298,0.028606487962921534,53,0.27040816326530615,0.0,0.0,,,,196,170.33809511662446
167,31633,-19317.361618,191,battery_depleted,0,1,0,0,12,28,36,26,36.05551275463989,-11.9723235970553,52,0.27225130890052357,0.0,0.0,,,,191,170.06601717798225
168,31847,-24141.799649,214,battery_depleted,0,1,0,0,7,41,27,31,18.384776310850235,3.975903464147663,99,0.46261682242990654,0.0,0.0,,,,214,138.61017305526636
169,32072,-26575.634641,225,battery_depleted,0,1,0,0,40,6,21,4,2.23606797749979,16.86890519704301,107,0.47555555555555556,0.0,0.0,,,,225,136.22539674441612
170,32274,-21499.117212,202,battery_depleted,0,1,0,0,35,2,41,22,22.090722034374522,-1.210109016553421,72,0.3564356435643564,0.0,0.0,,,,202,155.68124086713186
171,32469,-19993.906553,195,battery_depleted,0,1,0,0,34,13,20,39,20.248456731316587,9.281189389150214,49,0.2512820512820513,0.0,0.0,,,,195,173.33809511662434
172,32639,-15207.423571,170,battery_depleted,0,1,0,0,39,37,26,32,7.211102550927978,6.717285726256141,2,0.011764705882352941,0.0,0.0,,,,170,200.30865786510162
173,32832,-19680.495857,193,battery_depleted,0,1,0,0,20,9,4,3,27.018512172212592,-9.930504681577531,52,0.2694300518134715,0.0,0.0,,,,193,167.92388155425118
174,33025,-19555.843605,193,battery_depleted,0,1,0,0,48,47,32,28,10.198039027185569,14.641445669562874,51,0.26424870466321243,0.0,0.0,,,,193,169.75230867899748
175,33235,-23272.150531,210,battery_depleted,0,1,0,0,17,29,29,25,24.331050121192877,-11.68193948051936,87,0.4142857142857143,0.0,0.0,,,,210,150.75230867899742
176,33445,-23203.99646,210,battery_depleted,0,1,0,0,9,20,4,3,14.212670403551895,3.5073747431174542,84,0.4,0.0,0.0,,,,210,151.68124086713186
177,33657,-23648.531722,212,battery_depleted,0,1,0,0,48,45,49,32,17.46424919657298,-4.425844386167681,87,0.41037735849056606,0.0,0.0,,,,212,148.19595949289328
178,33844,-18438.629721,187,battery_depleted,0,1,0,0,9,32,23,28,13.341664064126334,1.218555714434702,35,0.18716577540106952,0.0,0.0,,,,187,180.1665222413706
179,34064,-25514.18011,220,battery_depleted,0,1,0,0,21,27,16,36,20.808652046684813,-10.513021905697812,108,0.4909090909090909,0.0,0.0,,,,220,136.43860018001251
180,34262,-20662.038928,198,battery_depleted,0,1,0,0,7,39,27,40,22.20360331117452,-2.178618916673731,53,0.2676767676767677,0.0,0.0,,,,198,169.4386001800127
181,34444,-17467.51475,182,battery_depleted,0,1,0,0,6,44,18,45,8.246211251235321,3.7953833275569746,32,0.17582417582417584,0.0,0.0,,,,182,181.89444430272846
182,34616,-15630.332519,172,battery_depleted,0,1,0,0,30,36,30,23,14.212670403551895,-1.2126704035518951,13,0.0755813953488372,0.0,0.0,,,,172,192.96551211459396
183,34812,-20240.35098,196,battery_depleted,0,1,0,0,16,22,22,41,13.92838827718412,5.996470567987156,62,0.3163265306122449,0.0,0.0,,,,196,164.23759005323603
184,35010,-20746.642526,198,battery_depleted,0,1,0,0,15,28,11,39,22.47220505424423,-10.767505143524605,62,0.31313131313131315,0.0,0.0,,,,198,164.1665222413705
185,35218,-22887.980044,208,battery_depleted,0,1,0,0,44,23,42,38,37.21558813185679,-22.082842181435232,79,0.3798076923076923,0.0,0.0,,,,208,152.61017305526644
186,35422,-21988.31425,204,battery_depleted,0,1,0,0,12,9,22,7,12.206555615733702,-2.008516588548133,82,0.4019607843137255,0.0,0.0,,,,204,153.8944443027284
187,35599,-16470.233234,177,battery_depleted,0,1,0,0,49,29,26,36,13.892443989449804,10.14918657089281,15,0.0847457627118644,0.0,0.0,,,,177,192.2375900532361
188,35795,-20301.157509,196,battery_depleted,0,1,0,0,34,35,36,21,29.732137494637012,-15.590001870906061,51,0.2602040816326531,0.0,0.0,,,,196,171.92388155425127
189,35979,-17834.290678,184,battery_depleted,0,1,0,0,6,34,19,49,14.866068747318506,4.983364493960702,29,0.15760869565217392,0.0,0.0,,,,184,184.82337649086296
190,36168,-18916.422739,189,battery_depleted,0,1,0,0,15,32,37,44,37.33630940518894,-12.276381232905607,47,0.24867724867724866,0.0,0.0,,,,189,173.48023074035532
191,36353,-18024.608866,185,battery_depleted,0,1,0,0,39,9,39,19,7.615773105863909,2.3842268941360913,34,0.1837837837837838,0.0,0.0,,,,185,181.23759005323606
192,36531,-16687.130581,178,battery_depleted,0,1,0,0,10,29,14,44,6.4031242374328485,9.121050458827176,23,0.12921348314606743,0.0,0.0,,,,178,187.72287142747476
193,36709,-16727.603226,178,battery_depleted,0,1,0,0,38,18,37,45,26.92582403567252,0.09268813654007246,30,0.16853932584269662,0.0,0.0,,,,178,182.3797256769671
194,36879,-15262.851474,170,battery_depleted,0,1,0,0,41,30,29,20,18.788294228055936,-3.1677948762426276,5,0.029411764705882353,0.0,0.0,,,,170,198.96551211459405
195,37060,-17340.982279,181,battery_depleted,0,1,0,0,19,41,4,25,30.479501308256342,-8.547789108795033,32,0.17679558011049723,0.0,0.0,,,,181,181.72287142747464
196,37238,-16739.966058,178,battery_depleted,0,1,0,0,37,43,43,29,8.06225774829855,7.169288463429268,29,0.16292134831460675,0.0,0.0,,,,178,185.4507934888326
197,37432,-19828.203918,194,battery_depleted,0,1,0,0,23,12,17,40,30.463092423455635,-1.8274502969029278,44,0.2268041237113402,0.0,0.0,,,,194,174.85281374238576
198,37626,-19847.049424,194,battery_depleted,0,1,0,0,28,25,33,10,7.615773105863909,8.195615194977988,57,0.29381443298969073,0.0,0.0,,,,194,168.89444430272846
199,37815,-18851.909434,189,battery_depleted,0,1,0,0,20,45,38,39,16.401219466856727,2.5724464941535494,42,0.2222222222222222,0.0,0.0,,,,189,175.16652224137056
200,37983,-14918.695058,168,battery_depleted,0,1,0,0,45,32,27,10,29.614185789921695,-1.1888449828179048,7,0.041666666666666664,0.0,0.0,,,,168,197.4507934888326
201,38160,-16582.415406,177,battery_depleted,0,1,0,0,43,37,32,40,14.035668847618199,-2.63391459662682,21,0.11864406779661017,0.0,0.0,,,,177,188.72287142747473
202,38351,-19281.393228,191,battery_depleted,0,1,0,0,19,43,41,23,37.8021163428716,-8.069978848234587,52,0.27225130890052357,0.0,0.0,,,,191,170.48023074035532
203,38577,-26903.194828,226,battery_depleted,0,1,0,0,15,20,8,29,14.560219778561036,-3.158465527569657,119,0.5265486725663717,0.0,0.0,,,,226,131.43860018001251
204,38760,-17728.688536,183,battery_depleted,0,1,0,0,18,15,37,18,24.351591323771842,-5.116207262100499,43,0.23497267759562843,0.0,0.0,,,,183,175.20815280171323
205,38937,-16613.151612,177,battery_depleted,0,1,0,0,33,27,19,16,34.828149534535996,-17.02365571977114,18,0.1016949152542373,0.0,0.0,,,,177,190.89444430272846
206,39147,-23193.194802,210,battery_depleted,0,1,0,0,23,22,29,33,8.06225774829855,4.4677063378431185,86,0.4095238095238095,0.0,0.0,,,,210,149.6812408671319
207,39322,-16170.436795,175,battery_depleted,0,1,0,0,45,30,44,3,23.53720459187964,3.4813075803329525,18,0.10285714285714286,0.0,0.0,,,,175,190.55129855222094
208,39514,-19408.417937,192,battery_depleted,0,1,0,0,10,19,8,4,7.0,8.132745950421556,56,0.2916666666666667,0.0,0.0,,,,192,167.4802307403553
209,39729,-24313.425147,215,battery_depleted,0,1,0,0,39,1,40,18,17.46424919657298,-0.43486283064657627,93,0.4325581395348837,0.0,0.0,,,,215,145.61017305526642
210,39928,-20878.748671,199,battery_depleted,0,1,0,0,28,22,16,36,14.7648230602334,3.674265854352374,56,0.2814070351758794,0.0,0.0,,,,199,169.09545442950505
211,40136,-22758.087389,208,battery_depleted,0,1,0,0,31,29,24,4,19.4164878389476,6.545022132546741,77,0.3701923076923077,0.0,0.0,,,,208,155.85281374238576
212,40325,-18873.558689,189,battery_depleted,0,1,0,0,32,10,45,29,27.65863337187866,-4.636904505435986,47,0.24867724867724866,0.0,0.0,,,,189,172.2375900532361
213,40517,-19449.492319,192,battery_depleted,0,1,0,0,8,40,0,25,24.041630560342615,-7.041630560342615,45,0.234375,0.0,0.0,,,,192,174.3380951166244
214,40706,-18808.858925,189,battery_depleted,0,1,0,0,48,39,24,42,21.37755832643195,2.8092149184636988,44,0.2328042328042328,0.0,0.0,,,,189,173.58073580374364
215,40900,-19873.773801,194,battery_depleted,0,1,0,0,42,48,37,36,20.591260281974,-7.591260281974002,59,0.30412371134020616,0.0,0.0,,,,194,165.65180361560917
216,41081,-17293.209568,181,battery_depleted,0,1,0,0,12,38,29,36,14.7648230602334,2.35241970839029,26,0.143646408839779,0.0,0.0,,,,181,185.6518036156092
217,41258,-16537.33056,177,battery_depleted,0,1,0,0,38,35,23,11,22.090722034374522,6.211221361795289,22,0.12429378531073447,0.0,0.0,,,,177,188.965512114594
218,41456,-20740.637303,198,battery_depleted,0,1,0,0,18,34,4,33,21.02379604162864,-6.98812719401044,64,0.32323232323232326,0.0,0.0,,,,198,163.40916292848982
219,41653,-20476.564089,197,battery_depleted,0,1,0,0,14,16,6,30,13.0,3.1245154965970983,70,0.3553299492385787,0.0,0.0,,,,197,160.96551211459385
220,41845,-19451.579974,192,battery_depleted,0,1,0,0,6,24,32,24,26.68332812825267,-0.6833281282526684,54,0.28125,0.0,0.0,,,,192,167.82337649086293
221,42031,-18236.060323,186,battery_depleted,0,1,0,0,39,28,12,17,26.92582403567252,2.2289354385539824,36,0.1935483870967742,0.0,0.0,,,,186,180.2375900532361
222,42244,-23941.167504,213,battery_depleted,0,1,0,0,17,11,0,21,22.627416997969522,-2.9043340746535016,95,0.4460093896713615,0.0,0.0,,,,213,145.75230867899737
223,42428,-17765.45281,184,battery_depleted,0,1,0,0,39,13,40,36,6.4031242374328485,16.618604629009827,31,0.16847826086956522,0.0,0.0,,,,184,183.65180361560917
224,42651,-26133.811841,223,battery_depleted,0,1,0,0,1,7,5,30,22.20360331117452,1.1416317486829861,110,0.49327354260089684,0.0,0.0,,,,223,135.78174593052017
225,42854,-21740.191966,203,battery_depleted,0,1,0,0,27,23,28,35,19.4164878389476,-7.374893260155304,61,0.30049261083743845,0.0,0.0,,,,203,164.36753236814718
226,43049,-20014.953234,195,battery_depleted,0,1,0,0,0,20,17,21,11.704699910719626,5.324686455206777,52,0.26666666666666666,0.0,0.0,,,,195,169.50966799187816
227,43236,-18444.815871,187,battery_depleted,0,1,0,0,41,18,44,37,21.37755832643195,-2.1421742647606052,42,0.22459893048128343,0.0,0.0,,,,187,175.65180361560914
228,43424,-18665.388018,188,battery_depleted,0,1,0,0,20,3,8,19,24.20743687382041,-4.207436873820409,43,0.22872340425531915,0.0,0.0,,,,188,175.23759005323606
229,43630,-22425.187564,206,battery_depleted,0,1,0,0,28,12,46,15,24.73863375370596,-6.490346162811303,77,0.3737864077669903,0.0,0.0,,,,206,154.68124086713195
230,43809,-16935.643096,179,battery_depleted,0,1,0,0,11,32,30,44,24.020824298928627,-1.5486192446843958,30,0.16759776536312848,0.0,0.0,,,,179,183.37972567696704
231,44012,-21710.570164,203,battery_depleted,0,1,0,0,33,3,9,18,26.248809496813376,2.0531338993564354,71,0.3497536945812808,0.0,0.0,,,,203,157.68124086713192
232,44196,-17905.33209,184,battery_depleted,0,1,0,0,22,42,36,33,23.345235059857504,-6.701918082764266,39,0.21195652173913043,0.0,0.0,,,,184,178.55129855222086
233,44384,-18655.359643,188,battery_depleted,0,1,0,0,37,22,43,35,19.72308292331602,-5.405261860039667,38,0.20212765957446807,0.0,0.0,,,,188,178.99494936611683
234,44550,-14501.702297,166,battery_depleted,0,1,0,0,48,38,46,9,17.26267650163207,11.8062072058652,6,0.03614457831325301,0.0,0.0,,,,166,197.69343417595192
235,44760,-23223.203815,210,battery_depleted,0,1,0,0,25,20,6,36,24.596747752497688,0.24273694425075476,79,0.3761904761904762,0.0,0.0,,,,210,154.61017305526644
236,44951,-19266.49743,191,battery_depleted,0,1,0,0,14,19,14,3,22.847319317591726,-6.847319317591726,49,0.25654450261780104,0.0,0.0,,,,191,172.65180361560914
237,45154,-21746.987179,203,battery_depleted,0,1,0,0,3,25,0,12,19.849433241279208,-6.507769177152873,68,0.33497536945812806,0.0,0.0,,,,203,160.26702730475884
238,45345,-19199.767822,191,battery_depleted,0,1,0,0,46,47,35,40,4.47213595499958,8.566268855405719,51,0.2670157068062827,0.0,0.0,,,,191,171.4802307403554
239,45534,-18843.734342,189,battery_depleted,0,1,0,0,30,7,1,6,28.284271247461902,0.7329650096319149,35,0.18518518518518517,0.0,0.0,,,,189,180.50966799187822
240,45727,-19611.619162,193,battery_depleted,0,1,0,0,34,49,36,21,24.758836806279895,3.312500888956503,52,0.2694300518134715,0.0,0.0,,,,193,169.99494936611674
241,45915,-18680.018473,188,battery_depleted,0,1,0,0,13,26,37,39,36.40054944640259,-9.10586131849023,43,0.22872340425531915,0.0,0.0,,,,188,176.8944443027285
242,46109,-19853.92082,194,battery_depleted,0,1,0,0,16,7,14,19,17.4928556845359,-5.327330623939462,45,0.23195876288659795,0.0,0.0,,,,194,174.26702730475893
243,46324,-24331.735897,215,battery_depleted,0,1,0,0,25,24,11,45,22.47220505424423,2.766653874003694,95,0.4418604651162791,0.0,0.0,,,,215,143.19595949289328
244,46507,-17615.994149,183,battery_depleted,0,1,0,0,33,44,7,35,21.02379604162864,6.489836942766569,24,0.13114754098360656,0.0,0.0,,,,183,186.33809511662437
245,46711,-21927.129921,204,battery_depleted,0,1,0,0,13,45,15,20,25.179356624028344,-0.09948421605943736,67,0.3284313725490196,0.0,0.0,,,,204,162.68124086713198
246,46878,-14774.784886,167,battery_depleted,0,1,0,0,34,27,13,33,31.575306807693888,-9.734977139852333,2,0.011976047904191617,0.0,0.0,,,,167,200.2081528017133
247,47062,-17849.50105,184,battery_depleted,0,1,0,0,10,33,29,40,16.0,4.248456731316587,34,0.18478260869565216,0.0,0.0,,,,184,181.48023074035535
248,47249,-18332.714265,187,battery_depleted,0,1,0,0,41,37,33,14,3.1622776601683795,21.189313663603464,37,0.19786096256684493,0.0,0.0,,,,187,180.23759005323603
249,47438,-18905.066132,189,battery_depleted,0,1,0,0,28,38,30,12,34.0147027033899,-7.937893082579304,48,0.25396825396825395,0.0,0.0,,,,189,172.48023074035527
250,47621,-17732.070716,183,battery_depleted,0,1,0,0,17,31,32,14,34.9857113690718,-12.314143271562532,34,0.18579234972677597,0.0,0.0,,,,183,179.2375900532361
251,47794,-15779.421688,173,battery_depleted,0,1,0,0,40,32,40,13,15.264337522473747,3.735662477526253,16,0.09248554913294797,0.0,0.0,,,,173,191.37972567696707
252,47991,-20491.83999,197,battery_depleted,0,1,0,0,18,43,44,36,27.16615541441225,-0.24033137873972876,58,0.29441624365482233,0.0,0.0,,,,197,166.33809511662434
253,48168,-16627.672528,177,battery_depleted,0,1,0,0,31,16,42,24,26.248809496813376,-12.647338988077932,25,0.14124293785310735,0.0,0.0,,,,177,185.96551211459396
254,48379,-23456.891258,211,battery_depleted,0,1,0,0,32,10,42,18,13.0,-0.19375152513430294,87,0.41232227488151657,0.0,0.0,,,,211,148.4386001800126
255,48590,-23458.493609,211,battery_depleted,0,1,0,0,26,20,32,29,10.04987562112089,0.7667782052710788,87,0.41232227488151657,0.0,0.0,,,,211,148.0243866176395
256,48790,-21086.174662,200,battery_depleted,0,1,0,0,28,32,33,45,16.278820596099706,-2.350432318915587,63,0.315,0.0,0.0,,,,200,162.68124086713198
257,48984,-19872.809363,194,battery_depleted,0,1,0,0,18,28,36,28,23.706539182259394,-5.7065391822593945,60,0.30927835051546393,0.0,0.0,,,,194,165.4802307403553
258,49169,-18127.76651,185,battery_depleted,0,1,0,0,21,34,19,22,17.804493814764857,-5.638968754168419,42,0.22702702702702704,0.0,0.0,,,,185,175.30865786510154
259,49351,-17482.108153,182,battery_depleted,0,1,0,0,26,49,15,44,17.26267650163207,-5.179630528037496,26,0.14285714285714285,0.0,0.0,,,,182,184.99494936611683
260,49565,-24094.251998,214,battery_depleted,0,1,0,0,40,14,38,41,25.079872407968907,1.9941003333928613,93,0.43457943925233644,0.0,0.0,,,,214,143.78174593052017
261,49760,-20057.934029,195,battery_depleted,0,1,0,0,13,17,22,34,21.095023109728988,-1.8596390480576446,61,0.3128205128205128,0.0,0.0,,,,195,166.72287142747462
262,49953,-19650.121559,193,battery_depleted,0,1,0,0,31,35,15,27,17.4928556845359,0.395688135462418,50,0.25906735751295334,0.0,0.0,,,,193,170.75230867899745
263,50167,-24121.975061,214,battery_depleted,0,1,0,0,23,16,39,30,13.601470508735444,7.658821116733856,93,0.43457943925233644,0.0,0.0,,,,214,145.0243866176395
264,50360,-19641.869868,193,battery_depleted,0,1,0,0,27,40,42,29,19.697715603592208,-1.0966403658539328,46,0.23834196891191708,0.0,0.0,,,,193,173.09545442950508
265,50552,-19472.325888,192,battery_depleted,0,1,0,0,19,37,21,12,33.421549934136806,-8.3416775261679,45,0.234375,0.0,0.0,,,,192,173.09545442950505
266,50735,-17607.205031,183,battery_depleted,0,1,0,0,42,41,25,35,6.082762530298219,11.944993847021728,34,0.18579234972677597,0.0,0.0,,,,183,181.72287142747464
267,50919,-17869.32842,184,battery_depleted,0,1,0,0,21,12,42,5,18.788294228055936,3.347649393122719,42,0.22826086956521738,0.0,0.0,,,,184,174.72287142747464
268,51107,-18576.435676,188,battery_depleted,0,1,0,0,13,23,2,31,4.123105625617661,9.478364883117784,39,0.2074468085106383,0.0,0.0,,,,188,179.23759005323603
269,51313,-22351.180885,206,battery_depleted,0,1,0,0,32,10,19,17,5.0,9.7648230602334,82,0.39805825242718446,0.0,0.0,,,,206,151.75230867899737
270,51510,-20441.546231,197,battery_depleted,0,1,0,0,27,4,41,23,20.591260281974,3.009587160437892,61,0.3096446700507614,0.0,0.0,,,,197,163.75230867899742
271,51701,-19271.563958,191,battery_depleted,0,1,0,0,18,26,36,21,26.0,-7.3184583077305945,46,0.24083769633507854,0.0,0.0,,,,191,173.1665222413706
272,51893,-19435.154828,192,battery_depleted,0,1,0,0,29,7,9,12,17.804493814764857,2.8110343133234466,50,0.2604166666666667,0.0,0.0,,,,192,171.82337649086298
273,52083,-18987.881143,190,battery_depleted,0,1,0,0,5,45,34,40,24.186773244895647,5.2411046942286745,42,0.22105263157894736,0.0,0.0,,,,190,176.58073580374364
274,52281,-20651.983018,198,battery_depleted,0,1,0,0,33,9,33,31,24.20743687382041,-2.2074368738204093,59,0.29797979797979796,0.0,0.0,,,,198,165.92388155425127
275,52468,-18460.731432,187,battery_depleted,0,1,0,0,26,8,40,2,15.620499351813308,-0.38895314008549065,42,0.22459893048128343,0.0,0.0,,,,187,176.06601717798225
276,52652,-17851.858272,184,battery_depleted,0,1,0,0,2,44,21,41,22.47220505424423,-3.2368209925728877,25,0.1358695652173913,0.0,0.0,,,,184,185.50966799187825
277,52825,-15765.152818,173,battery_depleted,0,1,0,0,49,32,43,13,16.492422502470642,3.4324363427006332,8,0.046242774566473986,0.0,0.0,,,,173,196.4802307403554
278,53017,-19452.417208,192,battery_depleted,0,1,0,0,29,11,43,27,23.40939982143925,-2.1491081959699514,48,0.25,0.0,0.0,,,,192,172.16652224137056
279,53221,-21972.153171,204,battery_depleted,0,1,0,0,29,30,0,35,27.018512172212592,2.40936576691173,78,0.38235294117647056,0.0,0.0,,,,204,155.82337649086293
280,53449,-27343.539824,228,battery_depleted,0,1,0,0,22,27,44,19,25.553864678361276,-2.144464856922024,123,0.5394736842105263,0.0,0.0,,,,228,129.0243866176394
281,53635,-18207.215005,186,battery_depleted,0,1,0,0,49,24,36,37,13.892443989449804,4.492332321400431,32,0.17204301075268819,0.0,0.0,,,,186,182.58073580374372
282,53826,-19238.54466,191,battery_depleted,0,1,0,0,15,3,32,18,21.0,1.6715680975092688,51,0.2670157068062827,0.0,0.0,,,,191,170.2375900532361
283,54016,-19019.786051,190,battery_depleted,0,1,0,0,17,34,29,49,19.72308292331602,-0.5137102110174752,41,0.21578947368421053,0.0,0.0,,,,190,178.40916292848982
284,54213,-20536.955542,197,battery_depleted,0,1,0,0,32,6,11,10,30.0,-8.622441673568051,66,0.3350253807106599,0.0,0.0,,,,197,159.9949493661167
285,54386,-15779.034711,173,battery_depleted,0,1,0,0,41,39,24,34,16.278820596099706,1.4412245505696433,9,0.05202312138728324,0.0,0.0,,,,173,195.89444430272852
286,54571,-18060.321348,185,battery_depleted,0,1,0,0,22,43,27,17,28.42534080710379,-1.9489362173563372,34,0.1837837837837838,0.0,0.0,,,,185,180.82337649086296
287,54771,-20995.779088,200,battery_depleted,0,1,0,0,3,21,13,41,13.341664064126334,9.019015710871564,57,0.285,0.0,0.0,,,,200,167.43860018001266
288,54976,-22190.468043,205,battery_depleted,0,1,0,0,32,6,10,12,30.59411708155671,-7.790608579573952,76,0.37073170731707317,0.0,0.0,,,,205,155.095454429505
289,55160,-17909.833237,184,battery_depleted,0,1,0,0,39,24,49,29,16.278820596099706,-5.098480708600757,37,0.20108695652173914,0.0,0.0,,,,184,179.72287142747462
290,55361,-21257.803101,201,battery_depleted,0,1,0,0,23,14,37,10,11.180339887498949,3.379879891062087,65,0.32338308457711445,0.0,0.0,,,,201,161.26702730475884
291,55578,-24837.194499,217,battery_depleted,0,1,0,0,30,22,41,46,26.92582403567252,-0.5250664707843491,103,0.47465437788018433,0.0,0.0,,,,217,138.02438661763944
292,55766,-18667.808797,188,battery_depleted,0,1,0,0,27,7,21,27,23.706539182259394,-2.825926164438293,41,0.21808510638297873,0.0,0.0,,,,188,177.2375900532361
293,55967,-21367.727903,201,battery_depleted,0,1,0,0,11,25,1,16,23.53720459187964,-10.08358054480593,76,0.3781094527363184,0.0,0.0,,,,201,155.65180361560905
294,56146,-16969.959036,179,battery_depleted,0,1,0,0,43,36,42,48,23.345235059857504,-11.303640481065209,25,0.13966480446927373,0.0,0.0,,,,179,185.48023074035532
295,56348,-21514.219767,202,battery_depleted,0,1,0,0,25,21,5,21,21.18962010041709,-1.1896201004170912,78,0.38613861386138615,0.0,0.0,,,,202,152.5807358037436
296,56544,-20280.320015,196,battery_depleted,0,1,0,0,18,41,8,45,15.620499351813308,-4.8501697375443005,53,0.27040816326530615,0.0,0.0,,,,196,169.09545442950503
297,56746,-21502.734841,202,battery_depleted,0,1,0,0,45,3,22,11,26.30589287593181,-1.9543015521599685,68,0.33663366336633666,0.0,0.0,,,,202,160.09545442950503
298,56949,-21730.057143,203,battery_depleted,0,1,0,0,24,23,5,11,24.73863375370596,-2.2664286994617306,72,0.35467980295566504,0.0,0.0,,,,203,157.50966799187813
299,57116,-14764.044258,167,battery_depleted,0,1,0,0,45,25,44,0,30.805843601498726,-5.785851595105118,6,0.03592814371257485,0.0,0.0,,,,167,198.2792206135788
300,57303,-18473.24479,187,battery_depleted,0,1,0,0,12,19,2,29,20.591260281974,-6.449124658243051,35,0.18716577540106952,0.0,0.0,,,,187,180.16652224137053
301,57497,-19792.198355,194,battery_depleted,0,1,0,0,15,48,6,24,16.1245154965971,9.507495739355495,53,0.27319587628865977,0.0,0.0,,,,194,169.16652224137053
302,57712,-24372.234662,215,battery_depleted,0,1,0,0,10,33,31,21,25.079872407968907,-0.8930991630732592,91,0.4232558139534884,0.0,0.0,,,,215,147.19595949289328
303,57897,-18094.214125,185,battery_depleted,0,1,0,0,26,31,22,5,30.083217912982647,-3.7773250370508364,31,0.16756756756756758,0.0,0.0,,,,185,184.2375900532361
304,58100,-21722.343636,203,battery_depleted,0,1,0,0,7,16,37,16,27.459060435491963,2.5409395645080366,82,0.4039408866995074,0.0,0.0,,,,203,152.89444430272832
305,58302,-21513.464104,202,battery_depleted,0,1,0,0,18,22,33,31,17.26267650163207,0.2301791829038322,74,0.36633663366336633,0.0,0.0,,,,202,155.33809511662432
306,58479,-16647.373413,177,battery_depleted,0,1,0,0,27,33,1,47,48.02082881417188,-18.491182693705078,23,0.12994350282485875,0.0,0.0,,,,177,188.79393923934015
307,58669,-19065.246998,190,battery_depleted,0,1,0,0,26,6,42,4,20.223748416156685,-4.0992329195595865,45,0.23684210526315788,0.0,0.0,,,,190,173.9949493661167
308,58844,-16148.166866,175,battery_depleted,0,1,0,0,32,33,12,47,20.024984394500787,4.388126836966617,19,0.10857142857142857,0.0,0.0,,,,175,189.55129855222089
309,59027,-17676.240242,183,battery_depleted,0,1,0,0,46,29,36,34,13.92838827718412,-2.74804838968517,34,0.18579234972677597,0.0,0.0,,,,183,179.65180361560917
310,59227,-21086.450845,200,battery_depleted,0,1,0,0,9,24,25,16,15.231546211727817,2.656997608270501,69,0.345,0.0,0.0,,,,200,160.40916292848976
311,59407,-17219.496315,180,battery_depleted,0,1,0,0,25,36,44,41,43.18564576337837,-23.53876305898987,25,0.1388888888888889,0.0,0.0,,,,180,186.48023074035538
312,59605,-20663.646219,198,battery_depleted,0,1,0,0,0,26,23,26,21.470910553583888,1.529089446416112,62,0.31313131313131315,0.0,0.0,,,,198,163.33809511662434
313,59809,-22016.110728,204,battery_depleted,0,1,0,0,28,8,36,22,16.15549442140351,-0.030978924806412067,77,0.37745098039215685,0.0,0.0,,,,204,155.16652224137053
314,60026,-24936.918944,217,battery_depleted,0,1,0,0,31,19,47,30,34.713109915419565,-15.296622076471966,101,0.46543778801843316,0.0,0.0,,,,217,140.85281374238565
315,60219,-19625.200479,193,battery_depleted,0,1,0,0,26,39,26,26,6.082762530298219,6.917237469701781,52,0.2694300518134715,0.0,0.0,,,,193,170.40916292848988
316,60392,-15785.927068,173,battery_depleted,0,1,0,0,34,39,42,22,19.313207915827967,-0.5249136877720311,9,0.05202312138728324,0.0,0.0,,,,173,196.30865786510162
317,60577,-18097.315809,185,battery_depleted,0,1,0,0,12,28,22,35,19.235384061671343,-7.028828445937641,38,0.20540540540540542,0.0,0.0,,,,185,177.65180361560914
318,60763,-18179.968669,186,battery_depleted,0,1,0,0,32,32,16,40,3.1622776601683795,14.726266159829938,36,0.1935483870967742,0.0,0.0,,,,186,178.9949493661168
319,60943,-17104.39593,180,battery_depleted,0,1,0,0,40,18,20,37,24.596747752497688,2.989480695769757,26,0.14444444444444443,0.0,0.0,,,,180,186.3086578651016
320,61121,-16775.248551,178,battery_depleted,0,1,0,0,45,24,34,47,32.55764119219941,-7.062543624235488,25,0.1404494382022472,0.0,0.0,,,,178,186.5512985522209
321,61294,-15844.641426,173,battery_depleted,0,1,0,0,34,40,13,36,30.805843601498726,-9.428285275066777,12,0.06936416184971098,0.0,0.0,,,,173,193.72287142747473
322,61518,-26398.229247,224,battery_depleted,0,1,0,0,11,10,24,11,11.40175425099138,1.6366505594139191,111,0.4955357142857143,0.0,0.0,,,,224,132.4680374315354
323,61701,-17688.814591,183,battery_depleted,0,1,0,0,15,34,5,42,15.0,-2.193751525134303,31,0.16939890710382513,0.0,0.0,,,,183,182.23759005323603
324,61890,-18879.573533,189,battery_depleted,0,1,0,0,5,34,2,45,18.788294228055936,-7.386539977064556,41,0.21693121693121692,0.0,0.0,,,,189,177.40916292848988
325,62097,-22608.675939,207,battery_depleted,0,1,0,0,9,5,26,1,18.110770276274835,-0.6465210797018557,86,0.41545893719806765,0.0,0.0,,,,207,148.33809511662426
326,62328,-28109.737562,231,battery_depleted,0,1,0,0,7,12,13,3,9.486832980505138,1.3298208458868306,130,0.5627705627705628,0.0,0.0,,,,231,123.36753236814702
327,62498,-15249.171688,170,battery_depleted,0,1,0,0,41,24,12,24,28.071337695236398,0.928662304763602,8,0.047058823529411764,0.0,0.0,,,,170,197.20815280171334
328,62673,-16145.854801,175,battery_depleted,0,1,0,0,40,40,26,25,20.396078054371138,0.12220647431205478,11,0.06285714285714286,0.0,0.0,,,,175,195.89444430272854
329,62869,-20273.135629,196,battery_depleted,0,1,0,0,29,20,35,37,22.02271554554524,-3.994959168225293,57,0.29081632653061223,0.0,0.0,,,,196,169.23759005323603
330,62961,-4541.963894,92,goal_reached,1,0,0,0,10,28,15,44,0.0,16.76305461424021,19,0.20652173913043478,49.7499999999999,0.0,,,,92,90.39696961966992
331,63160,-20897.162192,199,battery_depleted,0,1,0,0,24,39,11,38,17.26267650163207,-4.22427169122677,57,0.2864321608040201,0.0,0.0,,,,199,166.0243866176396
332,63351,-19323.984989,191,battery_depleted,0,1,0,0,35,13,8,11,42.44997055358225,-15.37599781222048,40,0.2094240837696335,0.0,0.0,,,,191,177.5096679918782
333,63523,-15589.467399,172,battery_depleted,0,1,0,0,47,28,44,2,20.024984394500787,6.147520262104013,16,0.09302325581395349,0.0,0.0,,,,172,191.62236636408647
334,63720,-20409.073689,197,battery_depleted,0,1,0,0,44,16,31,37,17.46424919657298,7.233928873883958,56,0.28426395939086296,0.0,0.0,,,,197,168.3380951166244
335,63906,-18336.07531,186,battery_depleted,0,1,0,0,13,35,30,48,35.22782990761707,-13.826895348584376,39,0.20967741935483872,0.0,0.0,,,,186,179.3086578651016
336,64108,-21475.415621,202,battery_depleted,0,1,0,0,6,36,12,28,6.4031242374328485,3.5968757625671515,72,0.3564356435643564,0.0,0.0,,,,202,158.5807358037436
337,64309,-21290.628931,201,battery_depleted,0,1,0,0,29,19,20,14,7.810249675906654,2.485380465080347,69,0.34328358208955223,0.0,0.0,,,,201,162.23759005323606
338,64494,-18051.600343,185,battery_depleted,0,1,0,0,1,45,14,31,18.681541692269406,0.42343148227339356,41,0.22162162162162163,0.0,0.0,,,,185,175.48023074035535
339,64677,-17682.689618,183,battery_depleted,0,1,0,0,21,43,33,33,18.027756377319946,-2.407257025506638,32,0.17486338797814208,0.0,0.0,,,,183,181.65180361560914
340,64849,-15659.787218,172,battery_depleted,0,1,0,0,33,37,42,15,28.178005607210743,-4.4082769592013165,13,0.0755813953488372,0.0,0.0,,,,172,193.79393923934018
341,65049,-21093.165621,200,battery_depleted,0,1,0,0,47,5,24,13,22.02271554554524,2.328875778226603,66,0.33,0.0,0.0,,,,200,160.50966799187816
342,65288,-29949.152725,239,battery_depleted,0,1,0,0,27,3,13,27,30.23243291566195,-2.447544936762341,136,0.5690376569037657,0.0,0.0,,,,239,118.32590180780444
343,65465,-16547.427396,177,battery_depleted,0,1,0,0,30,30,47,44,20.615528128088304,1.4071874174569352,22,0.12429378531073447,0.0,0.0,,,,177,188.55129855222089
344,65647,-17528.026151,182,battery_depleted,0,1,0,0,14,33,31,45,29.410882339705484,-8.602230293020671,32,0.17582417582417584,0.0,0.0,,,,182,182.30865786510154
345,65830,-17617.790684,183,battery_depleted,0,1,0,0,29,42,10,44,7.280109889280518,11.824863285262282,34,0.18579234972677597,0.0,0.0,,,,183,181.72287142747467
346,65996,-14493.692568,166,battery_depleted,0,1,0,0,41,27,29,41,7.211102550927978,11.227986363657795,1,0.006024096385542169,0.0,0.0,,,,166,201.8650070512058
347,66198,-21449.035028,202,battery_depleted,0,1,0,0,13,20,9,38,12.041594578792296,6.397494335793478,65,0.3217821782178218,0.0,0.0,,,,202,162.68124086713198
348,66383,-18092.569939,185,battery_depleted,0,1,0,0,3,35,13,45,20.248456731316587,-6.106321107585636,38,0.20540540540540542,0.0,0.0,,,,185,177.237590053236
349,66584,-21343.812831,201,battery_depleted,0,1,0,0,30,12,38,40,35.35533905932738,-6.234899502205305,70,0.3482587064676617,0.0,0.0,,,,201,159.5807358037436
350,66759,-16141.338736,175,battery_depleted,0,1,0,0,39,30,14,19,24.596747752497688,2.716252814997638,12,0.06857142857142857,0.0,0.0,,,,175,194.4802307403554
351,66979,-25471.988748,220,battery_depleted,0,1,0,0,27,27,2,11,27.459060435491963,2.222583723819696,106,0.4818181818181818,0.0,0.0,,,,220,135.12489168102778
352,67177,-20638.66607,198,battery_depleted,0,1,0,0,17,13,41,4,15.297058540778355,10.334952695174238,67,0.3383838383838384,0.0,0.0,,,,198,160.82337649086298
353,67367,-19067.909644,190,battery_depleted,0,1,0,0,40,47,46,38,17.46424919657298,-6.64759537018101,42,0.22105263157894736,0.0,0.0,,,,190,175.33809511662437
354,67550,-17618.186276,183,battery_depleted,0,1,0,0,14,40,18,20,10.0,10.396078054371138,32,0.17486338797814208,0.0,0.0,,,,183,182.8944443027285
355,67732,-17458.90628,182,battery_depleted,0,1,0,0,11,23,18,42,12.083045973594572,8.165410757722015,36,0.1978021978021978,0.0,0.0,,,,182,179.13708498984775
356,67917,-18085.321444,185,battery_depleted,0,1,0,0,11,30,6,1,27.0,2.427877939124322,39,0.21081081081081082,0.0,0.0,,,,185,178.72287142747464
357,68090,-15809.045638,173,battery_depleted,0,1,0,0,43,25,48,41,16.1245154965971,0.6385391176431128,12,0.06936416184971098,0.0,0.0,,,,173,194.13708498984778
358,68274,-17868.758212,184,battery_depleted,0,1,0,0,24,14,12,35,23.430749027719962,0.7560242171756855,28,0.15217391304347827,0.0,0.0,,,,184,184.16652224137064
359,68454,-17069.675045,180,battery_depleted,0,1,0,0,43,16,40,32,10.770329614269007,5.508490981830699,27,0.15,0.0,0.0,,,,180,186.1370849898478
360,68647,-19665.166624,193,battery_depleted,0,1,0,0,5,25,14,7,22.20360331117452,-2.07899151367641,56,0.29015544041450775,0.0,0.0,,,,193,167.23759005323606
361,68832,-18042.431231,185,battery_depleted,0,1,0,0,27,27,12,23,11.40175425099138,4.122420445268645,36,0.1945945945945946,0.0,0.0,,,,185,180.48023074035535
362,69042,-23231.138744,210,battery_depleted,0,1,0,0,18,9,12,38,21.400934559032695,8.213251230889,84,0.4,0.0,0.0,,,,210,152.095454429505
363,69246,-22070.434243,204,battery_depleted,0,1,0,0,22,4,10,3,27.85677655436824,-15.815181975575943,70,0.3431372549019608,0.0,0.0,,,,204,160.09545442950505
364,69453,-22583.913816,207,battery_depleted,0,1,0,0,27,12,46,30,21.400934559032695,4.771570097572106,74,0.357487922705314,0.0,0.0,,,,207,157.02438661763952
365,69670,-24756.280082,217,battery_depleted,0,1,0,0,26,23,15,7,15.264337522473747,4.152150316473852,99,0.45622119815668205,0.0,0.0,,,,217,141.19595949289328
366,69892,-26033.289236,222,battery_depleted,0,1,0,0,10,20,22,34,32.38826948140329,-13.949180566817518,106,0.4774774774774775,0.0,0.0,,,,222,137.953318805774
367,70084,-19455.580743,192,battery_depleted,0,1,0,0,35,0,25,2,5.656854249492381,4.541184777693188,56,0.2916666666666667,0.0,0.0,,,,192,167.4802307403553
368,70276,-19498.31382,192,battery_depleted,0,1,0,0,10,39,7,16,22.825424421026653,0.3694025884597494,55,0.2864583333333333,0.0,0.0,,,,192,167.65180361560908
369,70470,-19834.86873,194,battery_depleted,0,1,0,0,24,24,24,0,15.132745950421556,8.867254049578444,56,0.28865979381443296,0.0,0.0,,,,194,167.40916292848985
370,70649,-16909.608399,179,battery_depleted,0,1,0,0,39,27,26,31,12.36931687685298,1.232153631882463,23,0.12849162011173185,0.0,0.0,,,,179,187.48023074035535
371,70845,-20267.680453,196,battery_depleted,0,1,0,0,27,20,44,22,14.0,3.11724276862369,62,0.3163265306122449,0.0,0.0,,,,196,164.23759005323603
372,71040,-20018.633839,195,battery_depleted,0,1,0,0,35,35,28,15,16.76305461424021,4.42656548617688,50,0.2564102564102564,0.0,0.0,,,,195,171.92388155425127
373,71250,-23159.795422,210,battery_depleted,0,1,0,0,45,48,43,19,24.515301344262525,4.553582363234742,78,0.37142857142857144,0.0,0.0,,,,210,153.539105243401
374,71421,-15448.910437,171,battery_depleted,0,1,0,0,29,42,14,44,17.0,-1.8672540495784435,11,0.06432748538011696,0.0,0.0,,,,171,194.7939392393402
375,71631,-23261.067235,210,battery_depleted,0,1,0,0,19,14,48,7,33.015148038438355,-3.1822802580857577,83,0.3952380952380952,0.0,0.0,,,,210,152.2670273047588
376,71802,-15431.369249,171,battery_depleted,0,1,0,0,37,24,49,35,14.212670403551895,2.066150192547811,12,0.07017543859649122,0.0,0.0,,,,171,193.79393923934018
377,71980,-16759.25356,178,battery_depleted,0,1,0,0,30,12,18,34,31.575306807693888,-6.515378635410553,22,0.12359550561797752,0.0,0.0,,,,178,187.89444430272843
378,72156,-16334.267021,176,battery_depleted,0,1,0,0,36,21,21,46,29.206163733020468,-0.051404258793965596,14,0.07954545454545454,0.0,0.0,,,,176,193.0660171779823
379,72340,-17844.657189,184,battery_depleted,0,1,0,0,11,17,38,29,25.632011235952593,3.9145621694357224,36,0.1956521739130435,0.0,0.0,,,,184,181.13708498984778
380,72522,-17414.069819,182,battery_depleted,0,1,0,0,28,48,15,32,8.602325267042627,12.013202861045677,29,0.15934065934065933,0.0,0.0,,,,182,184.48023074035538
381,72708,-18305.549181,186,battery_depleted,0,1,0,0,6,23,33,18,35.84689665786984,-8.387836222377878,48,0.25806451612903225,0.0,0.0,,,,186,171.5512985522208
382,72887,-16896.01649,179,battery_depleted,0,1,0,0,10,33,24,49,18.027756377319946,3.232535248149354,27,0.15083798882681565,0.0,0.0,,,,179,183.89444430272854
383,73081,-19829.615203,194,battery_depleted,0,1,0,0,2,24,11,30,11.045361017187261,-0.22870719079529245,52,0.26804123711340205,0.0,0.0,,,,194,169.75230867899754
384,73270,-18832.947965,189,battery_depleted,0,1,0,0,45,45,22,40,19.026297590440446,4.510907001439193,45,0.23809523809523808,0.0,0.0,,,,189,174.6518036156091
385,73475,-22168.939555,205,battery_depleted,0,1,0,0,26,26,37,20,18.681541692269406,-6.151577606127738,72,0.35121951219512193,0.0,0.0,,,,205,157.43860018001266
386,73665,-19004.769266,190,battery_depleted,0,1,0,0,13,34,9,7,19.313207915827967,7.981480212084396,46,0.24210526315789474,0.0,0.0,,,,190,173.82337649086298
387,73869,-21986.023145,204,battery_depleted,0,1,0,0,38,6,20,2,30.083217912982647,-11.644128998396873,75,0.36764705882352944,0.0,0.0,,,,204,155.5096679918781
388,74049,-17080.654954,180,battery_depleted,0,1,0,0,28,26,15,34,9.899494936611665,5.364842585862082,27,0.15,0.0,0.0,,,,180,185.30865786510157
389,74257,-22792.162513,208,battery_depleted,0,1,0,0,7,16,25,32,12.165525060596439,11.917664096988153,85,0.40865384615384615,0.0,0.0,,,,208,150.7523086789974
390,74461,-21976.071345,204,battery_depleted,0,1,0,0,36,19,40,34,22.135943621178654,-6.61176892491863,77,0.37745098039215685,0.0,0.0,,,,204,154.33809511662432
391,74649,-18657.56497,188,battery_depleted,0,1,0,0,47,11,34,2,19.697715603592208,-3.8863273027503116,44,0.23404255319148937,0.0,0.0,,,,188,174.6518036156091
392,74842,-19617.525879,193,battery_depleted,0,1,0,0,21,4,15,31,25.80697580112788,1.8516575707507812,49,0.2538860103626943,0.0,0.0,,,,193,171.75230867899742
393,75068,-26862.986889,226,battery_depleted,0,1,0,0,20,23,28,17,9.219544457292887,0.7804555427071129,113,0.5,0.0,0.0,,,,226,134.53910524340088
394,75245,-16493.403055,177,battery_depleted,0,1,0,0,45,38,38,48,5.0,7.206555615733702,17,0.096045197740113,0.0,0.0,,,,177,190.65180361560917
395,75419,-15971.467734,174,battery_depleted,0,1,0,0,46,21,36,33,15.231546211727817,0.38895314008549065,15,0.08620689655172414,0.0,0.0,,,,174,192.5512985522209
396,75593,-16019.341242,174,battery_depleted,0,1,0,0,40,21,28,21,20.223748416156685,-8.223748416156685,17,0.09770114942528736,0.0,0.0,,,,174,190.96551211459402
397,75775,-17405.63308,182,battery_depleted,0,1,0,0,46,45,29,36,6.0,13.235384061671343,30,0.16483516483516483,0.0,0.0,,,,182,183.48023074035544
398,75961,-18252.358625,186,battery_depleted,0,1,0,0,23,47,33,29,20.808652046684813,-0.21739176471081123,36,0.1935483870967742,0.0,0.0,,,,186,179.40916292848985
399,76150,-18859.86923,189,battery_depleted,0,1,0,0,22,40,38,37,20.0,-3.721179403900294,38,0.20105820105820105,0.0,0.0,,,,189,179.99494936611677
400,76336,-18164.220441,186,battery_depleted,0,1,0,0,31,49,22,27,12.36931687685298,11.400411771156445,29,0.15591397849462366,0.0,0.0,,,,186,184.75230867899748
401,76531,-20058.523078,195,battery_depleted,0,1,0,0,16,21,34,6,25.553864678361276,-2.1231156506413136,57,0.2923076923076923,0.0,0.0,,,,195,166.9949493661167
402,76725,-19837.370355,194,battery_depleted,0,1,0,0,44,4,30,30,29.068883707497267,0.46076241296953313,53,0.27319587628865977,0.0,0.0,,,,194,170.82337649086293
403,76902,-16559.725713,177,battery_depleted,0,1,0,0,28,32,20,38,15.652475842498529,-5.652475842498529,18,0.1016949152542373,0.0,0.0,,,,177,192.13708498984775
404,77099,-20455.68702,197,battery_depleted,0,1,0,0,27,22,21,47,24.020824298928627,1.6890959654362554,59,0.29949238578680204,0.0,0.0,,,,197,165.33809511662434
405,77286,-18394.427248,187,battery_depleted,0,1,0,0,1,27,27,14,17.0,12.068883707497267,40,0.21390374331550802,0.0,0.0,,,,187,176.4091629284899
406,77489,-21736.878833,203,battery_depleted,0,1,0,0,36,17,44,28,11.661903789690601,1.9395667190448425,76,0.37438423645320196,0.0,0.0,,,,203,155.16652224137053
407,77669,-17190.269117,180,battery_depleted,0,1,0,0,14,31,41,28,45.617978911828175,-18.451823497415926,26,0.14444444444444443,0.0,0.0,,,,180,185.8944443027285
408,77857,-18610.762816,188,battery_depleted,0,1,0,0,31,14,47,21,10.63014581273465,6.834103383838329,46,0.24468085106382978,0.0,0.0,,,,188,172.65180361560914
409,78081,-26360.215879,224,battery_depleted,0,1,0,0,26,25,14,42,16.15549442140351,4.6531576252813025,110,0.49107142857142855,0.0,0.0,,,,224,135.53910524340088
410,78290,-22994.318004,209,battery_depleted,0,1,0,0,7,3,14,18,15.231546211727817,1.321399145519031,86,0.41148325358851673,0.0,0.0,,,,209,150.7523086789974
411,78504,-24122.028452,214,battery_depleted,0,1,0,0,3,47,29,45,28.0,-1.9231903791894034,87,0.40654205607476634,0.0,0.0,,,,214,147.29646455628162
412,78680,-16383.215183,176,battery_depleted,0,1,0,0,24,12,14,33,28.30194339616981,-5.042536696943795,21,0.11931818181818182,0.0,0.0,,,,176,187.7228714274747
413,78861,-17284.024293,181,battery_depleted,0,1,0,0,22,45,20,27,18.867962264113206,-0.7571919878383717,28,0.15469613259668508,0.0,0.0,,,,181,184.06601717798227
414,79037,-16353.849036,176,battery_depleted,0,1,0,0,37,44,34,32,13.45362404707371,-1.084307170220729,21,0.11931818181818182,0.0,0.0,,,,176,190.20815280171325
415,79216,-16884.259553,179,battery_depleted,0,1,0,0,45,27,21,27,21.470910553583888,2.529089446416112,24,0.1340782122905028,0.0,0.0,,,,179,185.6518036156092
416,79401,-18087.604198,185,battery_depleted,0,1,0,0,45,6,44,29,23.345235059857504,-0.3235061934148291,34,0.1837837837837838,0.0,0.0,,,,185,180.82337649086293
417,79607,-22303.628163,206,battery_depleted,0,1,0,0,49,48,26,34,20.248456731316587,6.677367304355933,76,0.36893203883495146,0.0,0.0,,,,206,156.09545442950497
418,79794,-18488.539195,187,battery_depleted,0,1,0,0,28,2,21,13,21.470910553583888,-8.43250574317859,44,0.23529411764705882,0.0,0.0,,,,187,173.65180361560917
419,79971,-16569.82531,177,battery_depleted,0,1,0,0,33,27,33,6,23.769728648009426,-2.7697286480094263,24,0.13559322033898305,0.0,0.0,,,,177,186.55129855222083
420,80141,-15248.492514,170,battery_depleted,0,1,0,0,39,31,15,32,23.194827009486403,0.8259972894422241,7,0.041176470588235294,0.0,0.0,,,,170,197.7939392393402
421,80321,-17116.208146,180,battery_depleted,0,1,0,0,12,15,33,14,24.166091947189145,-3.1422959055605055,26,0.14444444444444443,0.0,0.0,,,,180,186.30865786510162
422,80493,-15605.297516,172,battery_depleted,0,1,0,0,39,32,17,25,21.02379604162864,2.0629967196017525,11,0.06395348837209303,0.0,0.0,,,,172,195.7939392393402
423,80683,-19087.221933,190,battery_depleted,0,1,0,0,12,32,14,43,18.35755975068582,-7.17721986318687,51,0.26842105263157895,0.0,0.0,,,,190,170.06601717798225
424,80859,-16393.404001,176,battery_depleted,0,1,0,0,24,31,2,14,36.87817782917155,-9.07530028025586,15,0.08522727272727272,0.0,0.0,,,,176,192.48023074035547
425,81051,-19429.752673,192,battery_depleted,0,1,0,0,20,14,28,42,23.323807579381203,5.796631977740869,57,0.296875,0.0,0.0,,,,192,166.89444430272843
426,81266,-24338.517051,215,battery_depleted,0,1,0,0,1,22,11,37,13.0,5.027756377319946,91,0.4232558139534884,0.0,0.0,,,,215,145.53910524340094
427,81436,-15237.8175,170,battery_depleted,0,1,0,0,41,40,41,30,4.0,6.0,13,0.07647058823529412,0.0,0.0,,,,170,194.69343417595192
428,81619,-17708.879226,183,battery_depleted,0,1,0,0,32,36,26,7,32.2490309931942,-2.6348452032725014,30,0.16393442622950818,0.0,0.0,,,,183,183.65180361560914
429,81792,-15844.586586,173,battery_depleted,0,1,0,0,34,24,46,32,17.4928556845359,-3.070650582679944,22,0.12716763005780346,0.0,0.0,,,,173,187.86500705120568
430,81984,-19465.611029,192,battery_depleted,0,1,0,0,22,14,35,15,13.892443989449804,-0.8540391790445057,57,0.296875,0.0,0.0,,,,192,165.65180361560908
431,82167,-17690.425314,183,battery_depleted,0,1,0,0,15,31,35,27,23.323807579381203,-2.927729525010065,30,0.16393442622950818,0.0,0.0,,,,183,184.06601717798227
432,82334,-14713.044655,167,battery_depleted,0,1,0,0,49,31,41,17,13.152946437965905,2.971569058631193,5,0.029940119760479042,0.0,0.0,,,,167,198.0365799264595
433,82525,-19222.667217,191,battery_depleted,0,1,0,0,18,22,17,38,10.770329614269007,5.260889927612391,54,0.28272251308900526,0.0,0.0,,,,191,169.3086578651015
434,82725,-21139.40361,200,battery_depleted,0,1,0,0,21,25,40,37,31.76476034853718,-9.29255529429295,65,0.325,0.0,0.0,,,,200,161.09545442950503
435,82921,-20317.348748,196,battery_depleted,0,1,0,0,12,14,27,22,19.72308292331602,-2.7230829233160208,58,0.29591836734693877,0.0,0.0,,,,196,166.16652224137056
436,83110,-18881.568966,189,battery_depleted,0,1,0,0,18,33,8,40,16.1245154965971,-3.917959880863396,39,0.20634920634920634,0.0,0.0,,,,189,177.75230867899748
437,83280,-15256.118618,170,battery_depleted,0,1,0,0,30,37,6,44,26.019223662515376,-1.019223662515376,7,0.041176470588235294,0.0,0.0,,,,170,197.37972567696715
438,83467,-18549.732198,187,battery_depleted,0,1,0,0,19,39,36,42,35.014282800023196,-17.751606298391128,43,0.22994652406417113,0.0,0.0,,,,187,174.6518036156091
439,83653,-18235.877216,186,battery_depleted,0,1,0,0,1,45,9,39,7.280109889280518,2.719890110719482,32,0.17204301075268819,0.0,0.0,,,,186,181.75230867899745
440,83842,-18833.835707,189,battery_depleted,0,1,0,0,9,32,27,22,23.345235059857504,-2.753974777883503,39,0.20634920634920634,0.0,0.0,,,,189,178.58073580374378
441,84029,-18445.808998,187,battery_depleted,0,1,0,0,39,27,15,45,27.51363298439521,2.4863670156047917,39,0.20855614973262032,0.0,0.0,,,,187,177.40916292848988
442,84201,-15618.571747,172,battery_depleted,0,1,0,0,33,31,48,46,16.0312195418814,5.181983893715028,16,0.09302325581395349,0.0,0.0,,,,172,192.03657992645955
443,84389,-18623.388277,188,battery_depleted,0,1,0,0,18,39,6,17,22.627416997969522,2.432511174313813,35,0.18617021276595744,0.0,0.0,,,,188,181.5807358037437
444,84585,-20268.658996,196,battery_depleted,0,1,0,0,27,30,11,5,31.622776601683793,-1.9411324423721332,60,0.30612244897959184,0.0,0.0,,,,196,167.06601717798222
445,84785,-21106.917192,200,battery_depleted,0,1,0,0,23,44,3,24,31.38470965295043,-3.1004384054885286,66,0.33,0.0,0.0,,,,200,163.40916292848985
446,84984,-20873.500003,199,battery_depleted,0,1,0,0,1,33,10,27,14.317821063276353,-3.5011672368843847,61,0.3065326633165829,0.0,0.0,,,,199,165.33809511662437
447,85191,-22601.634562,207,battery_depleted,0,1,0,0,3,16,12,9,10.0,1.4017542509913792,76,0.3671497584541063,0.0,0.0,,,,207,157.095454429505
448,85365,-15994.890574,174,battery_depleted,0,1,0,0,45,21,20,14,31.016124838541646,-5.054614867047306,13,0.07471264367816093,0.0,0.0,,,,174,193.72287142747476
449,85557,-19582.96106,192,battery_depleted,0,1,0,0,34,12,44,18,31.064449134018133,-19.40254534432753,52,0.2708333333333333,0.0,0.0,,,,192,170.23759005323606
450,85737,-17185.666042,180,battery_depleted,0,1,0,0,20,41,44,36,39.21734310225516,-14.702041757992632,35,0.19444444444444445,0.0,0.0,,,,180,180.6223663640863
451,85944,-22600.928456,207,battery_depleted,0,1,0,0,18,3,26,25,22.825424421026653,0.5839754004125979,82,0.3961352657004831,0.0,0.0,,,,207,151.50966799187808
452,86123,-16843.193683,179,battery_depleted,0,1,0,0,40,49,21,31,13.416407864998739,12.756096791606062,23,0.12849162011173185,0.0,0.0,,,,179,187.06601717798225
453,86311,-18693.903053,188,battery_depleted,0,1,0,0,43,5,34,13,14.422205101855956,-2.3806105230636607,44,0.23404255319148937,0.0,0.0,,,,188,172.5807358037437
454,86487,-16346.994051,176,battery_depleted,0,1,0,0,18,36,20,15,17.0,4.095023109728988,23,0.13068181818181818,0.0,0.0,,,,176,187.37972567696704
455,86681,-19786.659314,194,battery_depleted,0,1,0,0,6,43,10,30,5.0,8.601470508735444,56,0.28865979381443296,0.0,0.0,,,,194,166.1665222413705
456,86852,-15401.709257,171,battery_depleted,0,1,0,0,42,15,49,24,4.123105625617661,7.278648625373719,13,0.07602339181286549,0.0,0.0,,,,171,193.20815280171328
457,87034,-17418.797187,182,battery_depleted,0,1,0,0,20,48,27,35,2.8284271247461903,11.93639593548721,35,0.19230769230769232,0.0,0.0,,,,182,179.7228714274747
458,87207,-15793.299305,173,battery_depleted,0,1,0,0,45,35,31,32,16.1245154965971,-1.8066944333207449,9,0.05202312138728324,0.0,0.0,,,,173,196.72287142747473
459,87396,-18843.649282,189,battery_depleted,0,1,0,0,41,24,17,31,21.095023109728988,3.904976890271012,43,0.2275132275132275,0.0,0.0,,,,189,175.82337649086298
460,87598,-21470.403575,202,battery_depleted,0,1,0,0,25,10,46,17,8.602325267042627,13.533618354136028,68,0.33663366336633666,0.0,0.0,,,,202,159.6812408671319
461,87784,-18161.550833,186,battery_depleted,0,1,0,0,18,32,3,12,8.0,17.0,35,0.1881720430107527,0.0,0.0,,,,186,180.82337649086298
462,87993,-23082.531004,209,battery_depleted,0,1,0,0,27,17,43,30,29.274562336608895,-8.659034208520591,87,0.41626794258373206,0.0,0.0,,,,209,148.50966799187805
463,88210,-24810.566603,217,battery_depleted,0,1,0,0,28,26,37,18,20.223748416156685,-8.182153837364389,97,0.4470046082949309,0.0,0.0,,,,217,143.19595949289325
464,88397,-18435.592646,187,battery_depleted,0,1,0,0,33,0,43,28,26.0,3.732137494637012,40,0.21390374331550802,0.0,0.0,,,,187,178.06601717798225
465,88608,-23471.308863,211,battery_depleted,0,1,0,0,9,7,1,15,9.433981132056603,1.879727366928158,89,0.4218009478672986,0.0,0.0,,,,211,145.61017305526642
466,88790,-17459.809853,182,battery_depleted,0,1,0,0,5,27,21,27,13.601470508735444,2.398529491264556,31,0.17032967032967034,0.0,0.0,,,,182,181.6518036156092
467,88975,-18049.533016,185,battery_depleted,0,1,0,0,33,43,27,27,12.649110640673518,4.438896849961543,29,0.15675675675675677,0.0,0.0,,,,185,184.9949493661168
468,89180,-22176.274954,205,battery_depleted,0,1,0,0,21,24,45,24,26.92582403567252,-2.9258240356725196,71,0.3463414634146341,0.0,0.0,,,,205,159.2670273047588
469,89377,-20484.958214,197,battery_depleted,0,1,0,0,29,31,13,25,16.64331697709324,0.444690513541822,54,0.27411167512690354,0.0,0.0,,,,197,170.33809511662434
470,89575,-20671.910627,198,battery_depleted,0,1,0,0,36,5,18,28,30.610455730027933,-1.4042919970074657,51,0.25757575757575757,0.0,0.0,,,,198,170.61017305526653
471,89750,-16157.552308,175,battery_depleted,0,1,0,0,44,26,18,28,28.284271247461902,-2.2074616266513054,12,0.06857142857142857,0.0,0.0,,,,175,194.06601717798225
472,89922,-15543.947973,172,battery_depleted,0,1,0,0,45,19,49,42,10.770329614269007,12.574905445588497,9,0.05232558139534884,0.0,0.0,,,,172,196.13708498984784
473,90101,-16855.732346,179,battery_depleted,0,1,0,0,40,28,40,41,4.47213595499958,8.52786404500042,24,0.1340782122905028,0.0,0.0,,,,179,187.30865786510162
474,90270,-15045.982823,169,battery_depleted,0,1,0,0,32,47,47,36,10.44030650891055,8.160768728827724,10,0.05917159763313609,0.0,0.0,,,,169,196.27922061357887
475,90441,-15310.397981,171,goal_reached,1,0,0,0,48,46,42,36,0.0,11.661903789690601,23,0.13450292397660818,3.8499999999999233,0.0,,,,171,179.48023074035532
476,90627,-18234.935917,186,battery_depleted,0,1,0,0,34,28,49,37,10.198039027185569,7.2948166573503315,36,0.1935483870967742,0.0,0.0,,,,186,178.9949493661168
477,90802,-16182.540626,175,battery_depleted,0,1,0,0,9,46,14,37,12.727922061357855,-2.4322919203708544,21,0.12,0.0,0.0,,,,175,188.79393923934012
478,90986,-17896.063897,184,battery_depleted,0,1,0,0,45,23,33,42,32.202484376209235,-9.730279321965003,33,0.1793478260869565,0.0,0.0,,,,184,182.06601717798227
479,91179,-19664.027386,193,battery_depleted,0,1,0,0,25,8,11,17,18.788294228055936,-2.1449772509626968,53,0.27461139896373055,0.0,0.0,,,,193,169.82337649086293
480,91386,-22538.866036,207,battery_depleted,0,1,0,0,28,15,5,17,12.0,11.086792761230392,74,0.357487922705314,0.0,0.0,,,,207,157.0243866176395
481,91580,-19898.189077,194,battery_depleted,0,1,0,0,39,11,23,15,26.476404589747453,-9.98398208727681,63,0.3247422680412371,0.0,0.0,,,,194,163.30865786510145
482,91755,-16097.093792,175,battery_depleted,0,1,0,0,38,14,40,39,12.529964086141668,12.549908321827239,12,0.06857142857142857,0.0,0.0,,,,175,194.0660171779823
483,91941,-18273.347871,186,battery_depleted,0,1,0,0,5,43,19,32,22.67156809750927,-4.867074282744412,39,0.20967741935483872,0.0,0.0,,,,186,176.82337649086293
484,92166,-26693.838893,225,battery_depleted,0,1,0,0,4,17,16,37,31.32091952673165,-7.997111947350447,120,0.5333333333333333,0.0,0.0,,,,225,130.6812408671318
485,92384,-25020.895083,218,battery_depleted,0,1,0,0,17,5,37,16,27.202941017470888,-4.377516596444234,99,0.4541284403669725,0.0,0.0,,,,218,141.36753236814712
486,92559,-16209.097392,175,battery_depleted,0,1,0,0,42,45,19,43,28.284271247461902,-5.19747848623151,24,0.13714285714285715,0.0,0.0,,,,175,187.45079348883252
487,92732,-15819.335838,173,battery_depleted,0,1,0,0,46,28,36,34,13.038404810405298,-1.3765010207146968,18,0.10404624277456648,0.0,0.0,,,,173,191.03657992645952
488,92921,-18846.645608,189,battery_depleted,0,1,0,0,11,17,16,34,13.0,4.720045146669349,43,0.2275132275132275,0.0,0.0,,,,189,175.4091629284899
489,93104,-17550.995421,183,battery_depleted,0,1,0,0,28,49,4,43,3.605551275463989,21.133082478241974,31,0.16939890710382513,0.0,0.0,,,,183,183.06601717798227
490,93297,-19637.834488,193,battery_depleted,0,1,0,0,10,33,9,15,16.278820596099706,1.74893578122024,55,0.2849740932642487,0.0,0.0,,,,193,167.82337649086298
491,93469,-15643.433231,172,battery_depleted,0,1,0,0,42,18,17,2,37.44329045369811,-7.761646294386452,6,0.03488372093023256,0.0,0.0,,,,172,198.72287142747476
492,93671,-21468.042756,202,battery_depleted,0,1,0,0,22,25,37,25,3.605551275463989,11.39444872453601,76,0.37623762376237624,0.0,0.0,,,,202,156.65180361560905
493,93863,-19374.27538,192,battery_depleted,0,1,0,0,11,18,7,44,14.142135623730951,12.16375725220086,45,0.234375,0.0,0.0,,,,192,175.58073580374366
494,94047,-17869.73765,184,battery_depleted,0,1,0,0,41,24,21,16,24.08318915758459,-2.5425299290465766,36,0.1956521739130435,0.0,0.0,,,,184,181.13708498984778
495,94235,-18708.757994,188,battery_depleted,0,1,0,0,16,34,26,49,28.231188426986208,-10.203432049666262,43,0.22872340425531915,0.0,0.0,,,,188,174.4091629284899
496,94422,-18455.615566,187,battery_depleted,0,1,0,0,9,43,29,34,25.019992006393608,-3.0882798069322988,37,0.19786096256684493,0.0,0.0,,,,187,177.7523086789975
497,94636,-24102.572182,214,battery_depleted,0,1,0,0,36,6,20,2,19.924858845171276,-3.4324363427006332,92,0.42990654205607476,0.0,0.0,,,,214,146.43860018001257
498,94803,-14777.190904,167,battery_depleted,0,1,0,0,29,46,7,36,34.058772731852805,-9.89268078466366,5,0.029940119760479042,0.0,0.0,,,,167,199.27922061357881
499,95004,-21229.645426,201,battery_depleted,0,1,0,0,2,41,20,21,10.0,16.90724809414742,70,0.3482587064676617,0.0,0.0,,,,201,158.75230867899737
500,95212,-22763.801522,208,battery_depleted,0,1,0,0,25,27,13,20,12.806248474865697,1.086195514584107,77,0.3701923076923077,0.0,0.0,,,,208,155.8528137423858
501,95387,-16163.045431,175,battery_depleted,0,1,0,0,26,33,27,12,22.02271554554524,-0.9989195039165999,13,0.07428571428571429,0.0,0.0,,,,175,193.89444430272852
502,95582,-19982.629311,195,battery_depleted,0,1,0,0,21,27,40,49,15.132745950421556,13.936137757075711,64,0.3282051282051282,0.0,0.0,,,,195,163.7228714274746
503,95770,-18614.689192,188,battery_depleted,0,1,0,0,46,12,19,10,25.317977802344327,1.755994939017441,39,0.2074468085106383,0.0,0.0,,,,188,176.75230867899745
504,95936,-14587.928302,166,battery_depleted,0,1,0,0,43,20,33,11,20.518284528683193,-7.064660481609483,2,0.012048192771084338,0.0,0.0,,,,166,200.45079348883257
505,96139,-21766.449921,203,battery_depleted,0,1,0,0,22,22,13,35,25.079872407968907,-9.26848410712701,67,0.33004926108374383,0.0,0.0,,,,203,160.43860018001266
506,96333,-19915.582819,194,battery_depleted,0,1,0,0,40,15,38,3,18.439088914585774,-6.2735638539893355,56,0.28865979381443296,0.0,0.0,,,,194,168.6518036156091
507,96536,-21701.991177,203,battery_depleted,0,1,0,0,40,48,29,48,14.866068747318506,-3.866068747318506,69,0.3399014778325123,0.0,0.0,,,,203,162.1665222413705
508,96736,-21101.702837,200,battery_depleted,0,1,0,0,11,23,27,1,30.528675044947494,-3.3257340274766065,63,0.315,0.0,0.0,,,,200,164.75230867899742
509,96922,-18231.004387,186,battery_depleted,0,1,0,0,49,13,39,11,7.810249675906654,2.387789351278915,38,0.20430107526881722,0.0,0.0,,,,186,179.89444430272852
510,97076,-12499.881648,154,goal_reached,1,0,0,0,1,47,12,38,0.0,14.212670403551895,38,0.24675324675324675,17.09999999999988,0.0,,,,154,144.16652224137042
511,97252,-16305.0025,176,battery_depleted,0,1,0,0,47,41,31,29,13.0,7.0,15,0.08522727272727272,0.0,0.0,,,,176,192.48023074035547
512,97437,-18018.36126,185,battery_depleted,0,1,0,0,18,13,29,17,5.830951894845301,5.873748015874325,26,0.14054054054054055,0.0,0.0,,,,185,187.16652224137056
513,97615,-16726.932162,178,battery_depleted,0,1,0,0,44,36,41,12,25.079872407968907,-0.8930991630732592,20,0.11235955056179775,0.0,0.0,,,,178,189.48023074035535
514,97807,-19453.445951,192,battery_depleted,0,1,0,0,10,38,30,18,32.449961479175904,-4.165690231714002,49,0.2552083333333333,0.0,0.0,,,,192,171.16652224137056
515,97982,-16165.119942,175,battery_depleted,0,1,0,0,34,24,43,29,5.830951894845301,4.4646782461417,18,0.10285714285714286,0.0,0.0,,,,175,190.55129855222083
516,98174,-19476.088955,192,battery_depleted,0,1,0,0,16,24,6,25,19.0,-8.95012437887911,46,0.23958333333333334,0.0,0.0,,,,192,173.33809511662437
517,98341,-14728.083731,167,battery_depleted,0,1,0,0,34,33,33,5,28.653097563788805,-0.6352461115450048,3,0.017964071856287425,0.0,0.0,,,,167,199.62236636408647
518,98513,-15626.864113,172,battery_depleted,0,1,0,0,35,32,16,18,24.758836806279895,-1.1579893638680012,11,0.06395348837209303,0.0,0.0,,,,172,194.55129855222094
519,98696,-17698.539695,183,battery_depleted,0,1,0,0,49,37,27,47,32.2490309931942,-8.082939046005052,32,0.17486338797814208,0.0,0.0,,,,183,182.06601717798225
520,98881,-18083.664534,185,battery_depleted,0,1,0,0,27,31,41,11,28.0178514522438,-3.604740220776396,39,0.21081081081081082,0.0,0.0,,,,185,177.8944443027285
521,99053,-15641.514715,172,battery_depleted,0,1,0,0,29,46,35,20,28.319604517012593,-1.6362763887599243,14,0.08139534883720931,0.0,0.0,,,,172,192.79393923934015
522,99233,-17079.460961,180,battery_depleted,0,1,0,0,42,17,18,35,25.238858928247925,4.761141071752075,34,0.18888888888888888,0.0,0.0,,,,180,181.20815280171323
523,99424,-19214.56147,191,battery_depleted,0,1,0,0,10,47,0,49,9.486832980505138,0.7112060466804309,43,0.225130890052356,0.0,0.0,,,,191,175.33809511662437
524,99602,-16742.891286,178,battery_depleted,0,1,0,0,28,40,7,34,25.709920264364882,-3.8695905965233273,26,0.14606741573033707,0.0,0.0,,,,178,185.965512114594
525,99773,-15388.040619,171,battery_depleted,0,1,0,0,39,24,30,30,3.1622776601683795,7.654376166223589,7,0.04093567251461988,0.0,0.0,,,,171,197.55129855222097
526,99978,-22055.941656,205,battery_depleted,0,1,0,0,34,1,45,19,5.656854249492381,15.438168860236608,75,0.36585365853658536,0.0,0.0,,,,205,156.095454429505
527,100160,-17438.912727,182,battery_depleted,0,1,0,0,30,14,5,17,14.866068747318506,10.313287876709838,29,0.15934065934065933,0.0,0.0,,,,182,183.6518036156092
528,100361,-21228.338493,201,battery_depleted,0,1,0,0,0,13,5,37,10.0,14.515301344262525,66,0.3283582089552239,0.0,0.0,,,,201,162.33809511662434
529,100556,-20060.413414,195,battery_depleted,0,1,0,0,16,27,44,20,33.734255586866,-4.872516207542375,51,0.26153846153846155,0.0,0.0,,,,195,170.92388155425127
530,100759,-21753.045833,203,battery_depleted,0,1,0,0,16,7,24,22,15.0,2.0,71,0.3497536945812808,0.0,0.0,,,,203,158.50966799187816
531,100947,-18645.844846,188,battery_depleted,0,1,0,0,5,24,7,13,15.652475842498529,-4.47213595499958,39,0.2074468085106383,0.0,0.0,,,,188,178.40916292848988
532,101151,-21973.113937,204,battery_depleted,0,1,0,0,23,26,16,18,19.849433241279208,-9.219287428544558,73,0.35784313725490197,0.0,0.0,,,,204,158.33809511662432
533,101351,-21106.441047,200,battery_depleted,0,1,0,0,8,23,18,25,12.806248474865697,-2.608209447680128,72,0.36,0.0,0.0,,,,200,158.6518036156091
534,101528,-16527.863244,177,battery_depleted,0,1,0,0,36,41,7,36,28.792360097775937,0.6355178413483848,23,0.12994350282485875,0.0,0.0,,,,177,188.37972567696707
535,101716,-18603.953355,188,battery_depleted,0,1,0,0,30,13,18,3,8.54400374531753,7.076495606495778,39,0.2074468085106383,0.0,0.0,,,,188,178.82337649086296
536,101884,-14895.56028,168,battery_depleted,0,1,0,0,46,26,39,38,13.0,0.892443989449804,5,0.02976190476190476,0.0,0.0,,,,168,199.03657992645947
537,102096,-23667.446492,212,battery_depleted,0,1,0,0,38,9,46,37,26.476404589747453,2.644034967374619,74,0.3490566037735849,0.0,0.0,,,,212,154.9827560572969
538,102279,-17732.406406,183,battery_depleted,0,1,0,0,34,24,22,20,15.297058540778355,-2.647947900104837,42,0.22950819672131148,0.0,0.0,,,,183,175.37972567696707
539,102473,-19816.502521,194,battery_depleted,0,1,0,0,0,26,1,48,17.029386365926403,4.993329179618836,53,0.27319587628865977,0.0,0.0,,,,194,165.8528137423857
540,102656,-17654.334277,183,battery_depleted,0,1,0,0,24,13,42,33,24.20743687382041,2.6998112203270104,30,0.16393442622950818,0.0,0.0,,,,183,182.40916292848993
541,102833,-16612.794544,177,battery_depleted,0,1,0,0,36,27,28,17,26.92582403567252,-14.119575560806823,20,0.11299435028248588,0.0,0.0,,,,177,190.96551211459405
542,103002,-15082.544173,169,battery_depleted,0,1,0,0,37,35,24,13,28.600699292150182,-3.0468346137889064,2,0.011834319526627219,0.0,0.0,,,,169,200.13708498984784
543,103198,-20288.3246,196,battery_depleted,0,1,0,0,38,3,48,13,12.206555615733702,1.935580007997249,63,0.32142857142857145,0.0,0.0,,,,196,160.33809511662434
544,103402,-21968.79065,204,battery_depleted,0,1,0,0,18,26,6,49,33.24154027718932,-7.2992967350436295,77,0.37745098039215685,0.0,0.0,,,,204,155.5807358037436
545,103588,-18260.52581,186,battery_depleted,0,1,0,0,29,15,4,20,29.154759474226502,-3.6596619062625777,29,0.15591397849462366,0.0,0.0,,,,186,184.75230867899757
546,103775,-18439.504121,187,battery_depleted,0,1,0,0,7,39,28,24,27.65863337187866,-1.8516575707507812,31,0.1657754010695187,0.0,0.0,,,,187,182.92388155425135
547,103979,-21869.781092,204,battery_depleted,0,1,0,0,7,3,20,5,5.385164807134504,7.767781630831402,64,0.3137254901960784,0.0,0.0,,,,204,163.19595949289337
548,104149,-15252.912221,170,battery_depleted,0,1,0,0,37,28,15,40,25.079872407968907,-0.019944235685571243,7,0.041176470588235294,0.0,0.0,,,,170,197.79393923934018
549,104330,-17301.009752,181,battery_depleted,0,1,0,0,44,31,32,18,18.027756377319946,-0.3359503643658144,24,0.13259668508287292,0.0,0.0,,,,181,188.0660171779823
550,104510,-17069.826648,180,battery_depleted,0,1,0,0,48,11,24,18,21.840329667841555,3.159670332158445,26,0.14444444444444443,0.0,0.0,,,,180,187.1370849898478
551,104680,-15322.954989,170,battery_depleted,0,1,0,0,37,46,23,47,26.0,-11.964331152381801,8,0.047058823529411764,0.0,0.0,,,,170,196.37972567696715
552,104881,-21334.56174,201,battery_depleted,0,1,0,0,8,11,4,36,21.540659228538015,3.777318573806312,68,0.3383084577114428,0.0,0.0,,,,201,161.16652224137047
553,105058,-16529.419382,177,battery_depleted,0,1,0,0,10,44,33,41,21.213203435596427,1.9816235738899763,23,0.12994350282485875,0.0,0.0,,,,177,187.96551211459408
554,105247,-18825.161248,189,battery_depleted,0,1,0,0,36,20,36,36,7.810249675906654,8.189750324093346,46,0.24338624338624337,0.0,0.0,,,,189,173.6518036156092
555,105422,-16189.782646,175,battery_depleted,0,1,0,0,43,19,48,44,30.14962686336267,-4.654529295398746,22,0.12571428571428572,0.0,0.0,,,,175,187.7939392393402
556,105634,-23678.006376,212,battery_depleted,0,1,0,0,10,46,36,45,28.460498941515414,-2.4412752790000383,86,0.4056603773584906,0.0,0.0,,,,212,149.61017305526644
557,105803,-15087.222642,169,battery_depleted,0,1,0,0,37,41,46,26,19.235384061671343,-1.742528377135443,6,0.03550295857988166,0.0,0.0,,,,169,198.20815280171337
558,105980,-16536.147288,177,battery_depleted,0,1,0,0,37,42,23,45,16.55294535724685,-2.235124293970495,20,0.11299435028248588,0.0,0.0,,,,177,189.3086578651015
559,106173,-19654.87056,193,battery_depleted,0,1,0,0,8,31,35,35,27.65863337187866,-0.3639452439662989,53,0.27461139896373055,0.0,0.0,,,,193,169.82337649086296
560,106345,-15605.376189,172,battery_depleted,0,1,0,0,34,45,41,20,24.596747752497688,1.3647622189966526,12,0.06976744186046512,0.0,0.0,,,,172,193.55129855222094
561,106513,-14890.343385,168,battery_depleted,0,1,0,0,49,30,28,13,24.08318915758459,2.9353230146280005,4,0.023809523809523808,0.0,0.0,,,,168,199.62236636408647
562,106695,-17537.790668,182,battery_depleted,0,1,0,0,42,36,47,8,39.6232255123179,-11.180300205662117,27,0.14835164835164835,0.0,0.0,,,,182,185.6518036156092
563,106883,-18584.960211,188,battery_depleted,0,1,0,0,13,47,12,23,11.704699910719626,12.316124388209001,41,0.21808510638297873,0.0,0.0,,,,188,177.23759005323606
564,107070,-18472.905019,187,battery_depleted,0,1,0,0,18,39,23,22,22.02271554554524,-4.30267039887589,42,0.22459893048128343,0.0,0.0,,,,187,176.4802307403554
565,107254,-17908.78248,184,battery_depleted,0,1,0,0,27,20,30,43,31.144823004794873,-7.94999599530847,33,0.1793478260869565,0.0,0.0,,,,184,181.23759005323618
566,107427,-15818.959643,173,battery_depleted,0,1,0,0,28,42,29,27,21.37755832643195,-6.3442619480590405,10,0.057803468208092484,0.0,0.0,,,,173,195.30865786510162
567,107624,-20588.063885,197,battery_depleted,0,1,0,0,26,44,40,48,43.9089968002003,-29.348777021639265,58,0.29441624365482233,0.0,0.0,,,,197,167.58073580374366
568,107807,-17672.163486,183,battery_depleted,0,1,0,0,28,32,46,46,25.079872407968907,-2.2763639059861482,32,0.17486338797814208,0.0,0.0,,,,183,182.48023074035538
569,107986,-16920.963652,179,battery_depleted,0,1,0,0,24,48,12,34,22.847319317591726,-4.408230403005952,25,0.13966480446927373,0.0,0.0,,,,179,185.4802307403554
570,108188,-21486.333636,202,battery_depleted,0,1,0,0,3,21,31,29,26.0,3.120439557122072,63,0.3118811881188119,0.0,0.0,,,,202,163.43860018001268
571,108412,-26377.316304,224,battery_depleted,0,1,0,0,29,27,15,30,12.806248474865697,1.5115725884106563,109,0.48660714285714285,0.0,0.0,,,,224,138.19595949289328
572,108593,-17350.694918,181,battery_depleted,0,1,0,0,17,31,36,39,32.984845004941285,-12.36931687685298,30,0.16574585635359115,0.0,0.0,,,,181,184.13708498984772
573,108787,-19831.717184,194,battery_depleted,0,1,0,0,4,34,27,44,25.80697580112788,-0.7271033931589734,46,0.23711340206185566,0.0,0.0,,,,194,173.26702730475887
574,108979,-19487.42269,192,battery_depleted,0,1,0,0,16,22,4,46,33.95585369269929,-7.123037962701815,47,0.24479166666666666,0.0,0.0,,,,192,173.16652224137056
575,109157,-16699.995182,178,battery_depleted,0,1,0,0,36,28,34,44,9.055385138137417,7.069130358459681,25,0.1404494382022472,0.0,0.0,,,,178,187.37972567696707
576,109345,-18582.235322,188,battery_depleted,0,1,0,0,33,16,49,25,6.4031242374328485,11.954435513252971,45,0.2393617021276596,0.0,0.0,,,,188,174.06601717798227
577,109523,-16750.034578,178,battery_depleted,0,1,0,0,26,39,15,37,18.439088914585774,-7.258749027086825,23,0.12921348314606743,0.0,0.0,,,,178,187.3086578651016
578,109718,-20105.893051,195,battery_depleted,0,1,0,0,25,12,23,41,26.570660511172846,2.498223196324421,49,0.2512820512820513,0.0,0.0,,,,195,172.09545442950508
579,109908,-19086.68893,190,battery_depleted,0,1,0,0,15,31,36,20,30.265491900843113,-6.558952718583718,45,0.23684210526315788,0.0,0.0,,,,190,175.23759005323606
580,110078,-15296.694301,170,battery_depleted,0,1,0,0,35,27,18,11,33.60059523282288,-10.255360172965378,3,0.01764705882352941,0.0,0.0,,,,170,199.72287142747467
581,110264,-18306.723945,186,battery_depleted,0,1,0,0,15,17,11,41,35.35533905932738,-11.0242889381345,29,0.15591397849462366,0.0,0.0,,,,186,183.9238815542513
582,110446,-17416.404923,182,battery_depleted,0,1,0,0,31,19,47,21,5.0,11.124515496597098,31,0.17032967032967034,0.0,0.0,,,,182,184.13708498984778
583,110619,-15830.10588,173,battery_depleted,0,1,0,0,32,37,5,43,37.33630940518894,-9.67767603331028,7,0.04046242774566474,0.0,0.0,,,,173,197.06601717798227
584,110806,-18477.961028,187,battery_depleted,0,1,0,0,17,21,38,34,29.068883707497267,-4.370705637040331,43,0.22994652406417113,0.0,0.0,,,,187,175.89444430272846
585,111005,-20857.30827,199,battery_depleted,0,1,0,0,5,17,33,13,28.442925306655784,-0.1586540591938821,60,0.3015075376884422,0.0,0.0,,,,199,166.33809511662434
586,111188,-17712.384185,183,battery_depleted,0,1,0,0,11,30,7,20,15.0,-4.2296703857309925,37,0.20218579234972678,0.0,0.0,,,,183,181.20815280171328
587,111385,-20435.223625,197,battery_depleted,0,1,0,0,46,7,18,3,21.840329667841555,6.443941579620347,58,0.29441624365482233,0.0,0.0,,,,197,164.681240867132
588,111550,-14325.045519,165,battery_depleted,0,1,0,0,31,41,42,35,2.23606797749979,10.293896108641878,0,0.0,0.0,0.0,,,,165,201.86500705120574
589,111736,-18339.116812,186,battery_depleted,0,1,0,0,24,11,0,2,33.24154027718932,-7.60952904123673,37,0.1989247311827957,0.0,0.0,,,,186,177.58073580374366
590,111928,-19447.214933,192,battery_depleted,0,1,0,0,2,46,21,33,22.02271554554524,0.9990133208974363,50,0.2604166666666667,0.0,0.0,,,,192,171.40916292848982
591,112041,-6740.415317,113,goal_reached,1,0,0,0,33,44,46,26,0.0,22.20360331117452,16,0.1415929203539823,35.999999999999886,0.0,,,,113,118.53910524340084
592,112212,-15441.432605,171,battery_depleted,0,1,0,0,46,32,21,40,29.206163733020468,-2.9573542362070917,7,0.04093567251461988,0.0,0.0,,,,171,197.13708498984778
593,112402,-19047.33599,190,battery_depleted,0,1,0,0,9,20,7,43,26.92582403567252,-3.839031274442128,41,0.21578947368421053,0.0,0.0,,,,190,176.75230867899748
594,112591,-18902.160412,189,battery_depleted,0,1,0,0,7,34,2,44,28.160255680657446,-16.979915793158497,33,0.1746031746031746,0.0,0.0,,,,189,183.3380951166245
595,112799,-22843.278125,208,battery_depleted,0,1,0,0,17,8,8,15,12.083045973594572,-0.6812917226031932,84,0.40384615384615385,0.0,0.0,,,,208,150.50966799187813
596,112977,-16779.612098,178,battery_depleted,0,1,0,0,11,23,13,41,25.179356624028344,-7.068586347753509,21,0.11797752808988764,0.0,0.0,,,,178,188.89444430272852
597,113147,-15245.754596,170,battery_depleted,0,1,0,0,44,20,30,42,23.021728866442675,3.0550807543679213,12,0.07058823529411765,0.0,0.0,,,,170,195.27922061357873
598,113329,-17485.825153,182,battery_depleted,0,1,0,0,38,46,13,48,29.017236257093817,-3.9373638491249103,30,0.16483516483516483,0.0,0.0,,,,182,183.8944443027285
599,113533,-21916.146282,204,battery_depleted,0,1,0,0,11,4,17,18,4.47213595499958,10.759410256728238,80,0.39215686274509803,0.0,0.0,,,,204,153.82337649086287
600,113702,-15056.676469,169,battery_depleted,0,1,0,0,49,31,24,23,22.20360331117452,4.0452061856388575,7,0.04142011834319527,0.0,0.0,,,,169,197.6223663640864
601,113888,-18270.619747,186,battery_depleted,0,1,0,0,15,36,30,18,31.11269837220809,-7.681949344488128,36,0.1935483870967742,0.0,0.0,,,,186,178.5807358037437
602,114083,-20070.851734,195,battery_depleted,0,1,0,0,22,20,36,30,13.341664064126334,3.862986469958919,66,0.3384615384615385,0.0,0.0,,,,195,161.7228714274746
603,114273,-19122.967454,190,battery_depleted,0,1,0,0,17,16,0,16,26.92582403567252,-9.92582403567252,48,0.25263157894736843,0.0,0.0,,,,190,172.65180361560917
604,114464,-19292.89012,191,battery_depleted,0,1,0,0,26,10,31,29,29.546573405388315,-9.899690700999816,50,0.2617801047120419,0.0,0.0,,,,191,171.65180361560914
605,114559,-4795.475147,95,goal_reached,1,0,0,0,38,30,34,43,0.0,13.601470508735444,5,0.05263157894736842,44.34999999999989,0.0,,,,95,108.6396103067892
606,114759,-21121.518735,200,battery_depleted,0,1,0,0,30,14,13,7,25.179356624028344,-6.794580313178109,61,0.305,0.0,0.0,,,,200,164.26702730475887
607,114974,-24410.67131,215,battery_depleted,0,1,0,0,25,14,8,5,30.4138126514911,-11.178428589819756,95,0.4418604651162791,0.0,0.0,,,,215,145.26702730475878
608,115140,-14535.471696,166,battery_depleted,0,1,0,0,40,34,45,45,9.055385138137417,3.027660835457155,2,0.012048192771084338,0.0,0.0,,,,166,200.45079348883255
609,115323,-17652.181359,183,battery_depleted,0,1,0,0,29,4,16,19,14.422205101855956,5.427228139423251,35,0.1912568306010929,0.0,0.0,,,,183,181.13708498984772
610,115496,-15801.028002,173,battery_depleted,0,1,0,0,21,42,30,48,11.40175425099138,-0.5851004245994105,13,0.07514450867052024,0.0,0.0,,,,173,193.55129855222089
611,115673,-16515.849303,177,battery_depleted,0,1,0,0,39,19,37,39,20.12461179749811,-0.024860555256328354,16,0.0903954802259887,0.0,0.0,,,,177,191.65180361560917
612,115856,-17698.33912,183,battery_depleted,0,1,0,0,41,17,25,29,26.92582403567252,-6.92582403567252,36,0.19672131147540983,0.0,0.0,,,,183,180.13708498984775
613,116041,-18154.404096,185,battery_depleted,0,1,0,0,36,8,18,3,35.805027579936315,-17.12348588766691,40,0.21621621621621623,0.0,0.0,,,,185,178.965512114594
614,116253,-23652.264943,212,battery_depleted,0,1,0,0,29,27,20,4,17.0,7.698178070456937,89,0.419811320754717,0.0,0.0,,,,212,147.02438661763952
615,116436,-17649.7275,183,battery_depleted,0,1,0,0,47,16,25,12,22.360679774997898,0.0,29,0.15846994535519127,0.0,0.0,,,,183,183.82337649086304
616,116654,-24990.76371,218,battery_depleted,0,1,0,0,34,27,14,12,18.601075237738275,6.398924762261725,98,0.44954128440366975,0.0,0.0,,,,218,142.78174593052017
617,116858,-21740.641207,204,goal_reached,1,0,0,0,24,38,14,16,0.0,24.166091947189145,86,0.4215686274509804,3.8999999999999106,0.0,,,,204,143.68124086713186
618,117043,-18107.433868,185,battery_depleted,0,1,0,0,49,30,47,10,32.28002478313795,-12.180273540896167,39,0.21081081081081082,0.0,0.0,,,,185,178.3086578651016
619,117261,-24985.985548,218,battery_depleted,0,1,0,0,6,6,32,7,25.0,1.019223662515376,92,0.42201834862385323,0.0,0.0,,,,218,147.53910524340097
620,117431,-15141.96313,170,battery_depleted,0,1,0,0,34,46,41,21,4.47213595499958,21.48937401649476,6,0.03529411764705882,0.0,0.0,,,,170,197.965512114594
621,117606,-16204.347729,175,battery_depleted,0,1,0,0,39,19,42,1,25.0,-6.751712409105341,19,0.10857142857142857,0.0,0.0,,,,175,190.79393923934018
622,117819,-23819.334283,213,battery_depleted,0,1,0,0,30,12,24,33,5.0990195135927845,16.741310154248772,89,0.41784037558685444,0.0,0.0,,,,213,148.43860018001257
623,118012,-19703.866764,193,battery_depleted,0,1,0,0,32,10,23,16,11.180339887498949,-0.3636860611069803,52,0.2694300518134715,0.0,0.0,,,,193,170.40916292848985
624,118189,-16549.014382,177,battery_depleted,0,1,0,0,41,29,21,34,26.476404589747453,-5.860876461659149,18,0.1016949152542373,0.0,0.0,,,,177,190.0660171779823
625,118379,-19044.557566,190,battery_depleted,0,1,0,0,25,1,12,17,19.313207915827967,1.3023202122603372,39,0.20526315789473684,0.0,0.0,,,,190,177.09545442950508
626,118561,-17430.496895,182,battery_depleted,0,1,0,0,44,15,43,37,12.041594578792296,9.981120966752943,33,0.1813186813186813,0.0,0.0,,,,182,181.72287142747467
627,118762,-21233.138408,201,battery_depleted,0,1,0,0,16,7,2,23,10.44030650891055,10.81998511655875,64,0.31840796019900497,0.0,0.0,,,,201,163.50966799187813
628,118962,-21125.688032,200,battery_depleted,0,1,0,0,11,5,10,21,21.540659228538015,-5.509439686656616,71,0.355,0.0,0.0,,,,200,157.1665222413705
629,119163,-21399.886735,201,battery_depleted,0,1,0,0,0,24,14,40,33.37663853655727,-12.116346911087973,76,0.3781094527363184,0.0,0.0,,,,201,156.89444430272835
630,119357,-19803.66824,194,battery_depleted,0,1,0,0,22,20,2,30,16.15549442140351,6.205185353594388,49,0.25257731958762886,0.0,0.0,,,,194,173.1665222413706
631,119542,-18038.184643,185,battery_depleted,0,1,0,0,23,41,36,40,5.0,8.038404810405298,36,0.1945945945945946,0.0,0.0,,,,185,179.65180361560917
632,119720,-16636.640111,178,battery_depleted,0,1,0,0,34,47,9,43,7.0,18.317977802344327,26,0.14606741573033707,0.0,0.0,,,,178,187.62236636408636
633,119901,-17266.337578,181,battery_depleted,0,1,0,0,23,10,41,32,21.095023109728988,7.330317697374802,27,0.14917127071823205,0.0,0.0,,,,181,185.8944443027285
634,120068,-14719.081409,167,battery_depleted,0,1,0,0,28,38,42,16,24.351591323771842,1.7252182970387544,5,0.029940119760479042,0.0,0.0,,,,167,198.03657992645947
635,120256,-18648.528179,188,battery_depleted,0,1,0,0,36,16,21,10,10.295630140987,5.8598642804165095,43,0.22872340425531915,0.0,0.0,,,,188,176.48023074035532
636,120443,-18495.472225,187,battery_depleted,0,1,0,0,22,32,37,44,20.024984394500787,-0.8156116822022419,47,0.25133689839572193,0.0,0.0,,,,187,172.3086578651015
637,120628,-18156.384437,185,battery_depleted,0,1,0,0,17,39,37,46,37.656340767525464,-16.466720667108373,35,0.1891891891891892,0.0,0.0,,,,185,181.8944443027284
638,120827,-20818.134783,199,battery_depleted,0,1,0,0,1,44,10,36,3.605551275463989,8.436043303328306,62,0.31155778894472363,0.0,0.0,,,,199,167.23759005323598
639,120994,-14735.513395,167,battery_depleted,0,1,0,0,42,32,23,48,25.612496949731394,-0.7730122529829515,6,0.03592814371257485,0.0,0.0,,,,167,198.27922061357881
640,121195,-21300.276613,201,battery_depleted,0,1,0,0,25,21,41,46,27.65863337187866,2.023010787432998,66,0.3283582089552239,0.0,0.0,,,,201,163.58073580374366
641,121361,-14534.422687,166,battery_depleted,0,1,0,0,48,35,35,14,22.02271554554524,2.6754625249116977,0,0.0,0.0,0.0,,,,166,201.2081528017133
642,121535,-16013.165302,174,battery_depleted,0,1,0,0,46,27,30,11,29.68164415931166,-7.054227161342137,15,0.08620689655172414,0.0,0.0,,,,174,193.79393923934015
643,121714,-16904.475087,179,battery_depleted,0,1,0,0,41,23,32,44,24.758836806279895,-1.911517488688169,23,0.12849162011173185,0.0,0.0,,,,179,187.06601717798236
644,121906,-19549.871841,192,battery_depleted,0,1,0,0,18,45,48,45,46.010868281309364,-16.010868281309364,53,0.2760416666666667,0.0,0.0,,,,192,168.82337649086287
645,122126,-25456.601512,220,battery_depleted,0,1,0,0,5,37,25,40,19.235384061671343,0.9883643544853413,104,0.4727272727272727,0.0,0.0,,,,220,138.7817459305202
646,122313,-18476.493284,187,battery_depleted,0,1,0,0,13,18,30,38,27.51363298439521,-1.2648234875818325,37,0.19786096256684493,0.0,0.0,,,,187,179.82337649086304
647,122510,-20422.702945,197,battery_depleted,0,1,0,0,14,20,34,35,18.439088914585774,6.560911085414226,55,0.27918781725888325,0.0,0.0,,,,197,168.09545442950505
648,122707,-20522.753989,197,battery_depleted,0,1,0,0,27,21,19,45,29.614185789921695,-4.315964508574659,59,0.29949238578680204,0.0,0.0,,,,197,165.75230867899748
649,122912,-22304.508778,205,battery_depleted,0,1,0,0,17,18,35,30,35.84689665786984,-14.213589005085904,83,0.40487804878048783,0.0,0.0,,,,205,150.58073580374355
650,123092,-17075.430101,180,battery_depleted,0,1,0,0,35,35,19,12,22.47220505424423,5.545646397999569,22,0.12222222222222222,0.0,0.0,,,,180,190.30865786510162
651,123289,-20470.974306,197,battery_depleted,0,1,0,0,18,27,2,45,29.068883707497267,-4.985694549912676,51,0.25888324873096447,0.0,0.0,,,,197,172.09545442950508
652,123470,-17274.704618,181,battery_depleted,0,1,0,0,38,44,20,41,9.219544457292887,9.028743133601772,30,0.16574585635359115,0.0,0.0,,,,181,183.72287142747464
653,123659,-18835.778255,189,battery_depleted,0,1,0,0,1,48,8,40,10.295630140987,0.3345156717476492,41,0.21693121693121692,0.0,0.0,,,,189,175.75230867899748
654,123835,-16360.515079,176,battery_depleted,0,1,0,0,45,23,35,30,13.038404810405298,-0.8318491946715962,25,0.14204545454545456,0.0,0.0,,,,176,187.45079348883257
655,124015,-17061.226035,180,battery_depleted,0,1,0,0,36,41,28,48,5.0990195135927845,5.5311262991418655,26,0.14444444444444443,0.0,0.0,,,,180,185.89444430272852
656,124190,-16238.277265,175,battery_depleted,0,1,0,0,37,24,44,3,35.84689665786984,-13.710953036691187,17,0.09714285714285714,0.0,0.0,,,,175,192.37972567696715
657,124399,-22981.802787,209,battery_depleted,0,1,0,0,29,25,34,9,16.55294535724685,0.2101092569933627,80,0.3827751196172249,0.0,0.0,,,,209,153.02438661763952
658,124568,-15061.780599,169,battery_depleted,0,1,0,0,37,42,34,25,15.033296378372908,2.22938012325916,5,0.029585798816568046,0.0,0.0,,,,169,199.62236636408647
659,124750,-17515.15951,182,battery_depleted,0,1,0,0,38,43,47,22,27.784887978899608,-4.937568661307882,32,0.17582417582417584,0.0,0.0,,,,182,182.30865786510157
660,124956,-22347.925603,206,battery_depleted,0,1,0,0,25,26,20,15,10.0,2.0830459735945723,73,0.35436893203883496,0.0,0.0,,,,206,157.43860018001266
661,125165,-22970.567253,209,battery_depleted,0,1,0,0,49,0,33,18,19.1049731745428,4.9782159830417925,84,0.4019138755980861,0.0,0.0,,,,209,148.19595949289334
662,125391,-26855.281667,226,battery_depleted,0,1,0,0,27,22,45,36,22.80350850198276,0.0,118,0.5221238938053098,0.0,0.0,,,,226,129.53910524340085
663,125574,-17790.895434,183,battery_depleted,0,1,0,0,34,27,14,34,33.24154027718932,-12.051920176772231,33,0.18032786885245902,0.0,0.0,,,,183,182.30865786510162
664,125797,-26122.95556,223,battery_depleted,0,1,0,0,9,11,20,9,5.830951894845301,5.349387992653648,103,0.4618834080717489,0.0,0.0,,,,223,139.4680374315354
665,126000,-21738.749196,203,battery_depleted,0,1,0,0,14,18,6,28,11.40175425099138,1.4044942238743179,74,0.3645320197044335,0.0,0.0,,,,203,157.5807358037436
666,126172,-15606.529067,172,battery_depleted,0,1,0,0,41,25,19,38,24.698178070456937,0.8556866079043388,11,0.06395348837209303,0.0,0.0,,,,172,194.13708498984784
667,126361,-18826.468573,189,battery_depleted,0,1,0,0,19,15,31,11,8.602325267042627,4.046785373630891,47,0.24867724867724866,0.0,0.0,,,,189,172.65180361560908
668,126539,-16701.225956,178,battery_depleted,0,1,0,0,21,43,33,26,17.26267650163207,3.5459755450527446,23,0.12921348314606743,0.0,0.0,,,,178,188.13708498984784
669,126758,-25227.930129,219,battery_depleted,0,1,0,0,20,8,1,23,21.02379604162864,3.18364083219177,88,0.4018264840182648,0.0,0.0,,,,219,149.63961030678934
670,126928,-15223.7591,170,battery_depleted,0,1,0,0,35,43,40,29,6.324555320336759,8.541513426981748,10,0.058823529411764705,0.0,0.0,,,,170,195.20815280171334
671,127113,-18027.054507,185,battery_depleted,0,1,0,0,44,12,38,31,20.591260281974,-0.666401436802726,27,0.14594594594594595,0.0,0.0,,,,185,184.9238815542513
672,127304,-19280.906605,191,battery_depleted,0,1,0,0,5,39,12,30,18.601075237738275,-7.199320986746896,52,0.27225130890052357,0.0,0.0,,,,191,170.8944443027284
673,127472,-14880.480747,168,battery_depleted,0,1,0,0,35,32,39,13,13.601470508735444,5.8150173302121555,5,0.02976190476190476,0.0,0.0,,,,168,199.03657992645944
674,127643,-15393.119673,171,battery_depleted,0,1,0,0,42,38,18,20,21.400934559032695,8.599065440967305,12,0.07017543859649122,0.0,0.0,,,,171,195.03657992645952
675,127818,-16206.968123,175,battery_depleted,0,1,0,0,29,48,49,37,29.410882339705484,-6.585457918678831,23,0.13142857142857142,0.0,0.0,,,,175,187.62236636408642
676,128004,-18229.206411,186,battery_depleted,0,1,0,0,36,14,45,27,8.54400374531753,7.267384555524366,44,0.23655913978494625,0.0,0.0,,,,186,174.72287142747467
677,128205,-21301.125149,201,battery_depleted,0,1,0,0,34,8,44,17,16.278820596099706,-2.8251965490259963,65,0.32338308457711445,0.0,0.0,,,,201,164.1665222413705
678,128395,-19122.429945,190,battery_depleted,0,1,0,0,14,29,28,24,26.870057685088806,-12.0039889377703,46,0.24210526315789474,0.0,0.0,,,,190,174.2375900532361
679,128583,-18682.637334,188,battery_depleted,0,1,0,0,4,30,15,34,17.0,-5.295300089280374,49,0.26063829787234044,0.0,0.0,,,,188,171.7228714274747
680,128784,-21232.370581,201,battery_depleted,0,1,0,0,10,27,39,25,17.0,12.068883707497267,76,0.3781094527363184,0.0,0.0,,,,201,153.58073580374358
681,128980,-20301.669857,196,battery_depleted,0,1,0,0,32,7,14,12,22.360679774997898,-3.6791380827284925,57,0.29081632653061223,0.0,0.0,,,,196,165.50966799187816
682,129179,-20867.904117,199,battery_depleted,0,1,0,0,3,46,7,30,15.132745950421556,1.3596765520490859,61,0.3065326633165829,0.0,0.0,,,,199,164.09545442950505
683,129359,-17045.99188,180,battery_depleted,0,1,0,0,43,46,16,37,18.681541692269406,9.778957249246009,26,0.14444444444444443,0.0,0.0,,,,180,185.89444430272852
684,129543,-17896.525897,184,battery_depleted,0,1,0,0,9,31,26,7,35.510561809129406,-6.099679469423922,37,0.20108695652173914,0.0,0.0,,,,184,180.55129855222089
685,129731,-18635.764572,188,battery_depleted,0,1,0,0,7,19,34,31,19.4164878389476,10.130085566440716,42,0.22340425531914893,0.0,0.0,,,,188,175.82337649086293
686,129900,-15054.710671,169,battery_depleted,0,1,0,0,34,37,41,48,10.198039027185569,2.8403657832197293,3,0.01775147928994083,0.0,0.0,,,,169,199.9655121145941
687,130070,-15218.47475,170,battery_depleted,0,1,0,0,32,28,25,41,7.615773105863909,7.149049954369492,8,0.047058823529411764,0.0,0.0,,,,170,197.6223663640864
688,130260,-19027.994598,190,battery_depleted,0,1,0,0,17,17,38,18,22.02271554554524,-0.9989195039165999,44,0.23157894736842105,0.0,0.0,,,,190,174.58073580374366
689,130454,-19857.924916,194,battery_depleted,0,1,0,0,7,26,17,31,14.7648230602334,-3.5844831727344513,57,0.29381443298969073,0.0,0.0,,,,194,165.99494936611674
690,130640,-18237.293775,186,battery_depleted,0,1,0,0,10,38,22,20,16.97056274847714,4.662744904306798,45,0.24193548387096775,0.0,0.0,,,,186,175.37972567696704
691,130849,-23036.291994,209,battery_depleted,0,1,0,0,27,26,2,10,31.38470965295043,-1.7030654936387712,84,0.4019138755980861,0.0,0.0,,,,209,150.2670273047588
692,131021,-15619.066865,172,battery_depleted,0,1,0,0,30,38,12,39,21.02379604162864,-2.996039664308693,6,0.03488372093023256,0.0,0.0,,,,172,197.89444430272852
693,131196,-16168.301958,175,battery_depleted,0,1,0,0,26,48,1,40,29.832867780352597,-3.584058283539221,12,0.06857142857142857,0.0,0.0,,,,175,194.4802307403554
694,131380,-17831.350443,184,battery_depleted,0,1,0,0,40,48,33,40,7.0710678118654755,3.5590780008691745,31,0.16847826086956522,0.0,0.0,,,,184,183.65180361560923
695,131565,-18048.944186,185,battery_depleted,0,1,0,0,31,48,28,20,29.154759474226502,-0.9945037935690557,28,0.15135135135135136,0.0,0.0,,,,185,184.3380951166244
696,131758,-19641.633069,193,battery_depleted,0,1,0,0,3,20,18,31,17.4928556845359,1.1082195532023746,51,0.26424870466321243,0.0,0.0,,,,193,171.82337649086298
697,131949,-19184.638108,191,battery_depleted,0,1,0,0,4,37,27,45,15.231546211727817,9.120045112044025,48,0.2513089005235602,0.0,0.0,,,,191,171.99494936611677
698,132141,-19442.509975,192,battery_depleted,0,1,0,0,6,24,6,10,9.899494936611665,4.100505063388335,55,0.2864583333333333,0.0,0.0,,,,192,169.72287142747462
699,132331,-19027.266667,190,battery_depleted,0,1,0,0,28,16,48,11,20.615528128088304,0.0,36,0.18947368421052632,0.0,0.0,,,,190,179.681240867132
700,132527,-20253.671632,196,battery_depleted,0,1,0,0,4,16,8,44,25.495097567963924,2.789173679497978,53,0.27040816326530615,0.0,0.0,,,,196,170.75230867899742
701,132715,-18650.861488,188,battery_depleted,0,1,0,0,20,46,41,28,25.495097567963924,2.163535803914737,45,0.2393617021276596,0.0,0.0,,,,188,173.65180361560908
702,132895,-17094.413154,180,battery_depleted,0,1,0,0,49,48,37,34,14.560219778561036,3.878869136024738,29,0.16111111111111112,0.0,0.0,,,,180,183.72287142747464
703,133079,-17836.345704,184,battery_depleted,0,1,0,0,48,11,23,20,24.515301344262525,2.0553591669103213,33,0.1793478260869565,0.0,0.0,,,,184,181.6518036156092
704,133287,-22824.282414,208,battery_depleted,0,1,0,0,27,16,7,25,22.561028345356956,-0.6293161458956469,83,0.39903846153846156,0.0,0.0,,,,208,151.09545442950503
705,133477,-19071.840855,190,battery_depleted,0,1,0,0,26,34,49,48,32.57299494980466,-5.64717091413214,48,0.25263157894736843,0.0,0.0,,,,190,171.82337649086293
706,133665,-18577.579975,188,battery_depleted,0,1,0,0,48,11,44,23,4.123105625617661,8.526005015055858,38,0.20212765957446807,0.0,0.0,,,,188,177.75230867899754
707,133808,-10834.264249,143,goal_reached,1,0,0,0,7,23,4,35,0.0,12.36931687685298,53,0.3706293706293706,30.449999999999925,0.0,,,,143,106.98275605729684
708,133982,-15942.627438,174,battery_depleted,0,1,0,0,40,29,36,40,5.656854249492381,6.047845661227245,12,0.06896551724137931,0.0,0.0,,,,174,193.89444430272852
709,134181,-20884.611339,199,battery_depleted,0,1,0,0,25,38,10,29,20.248456731316587,-2.7556010467806864,64,0.32160804020100503,0.0,0.0,,,,199,161.92388155425118
710,134377,-20247.78356,196,battery_depleted,0,1,0,0,36,31,19,12,26.248809496813376,-0.7537119288494516,56,0.2857142857142857,0.0,0.0,,,,196,167.75230867899745
711,134558,-17253.94251,181,battery_depleted,0,1,0,0,21,48,24,34,14.7648230602334,-0.4470019969570469,15,0.08287292817679558,0.0,0.0,,,,181,192.09545442950508
712,134747,-18800.831038,189,battery_depleted,0,1,0,0,35,49,24,40,8.246211251235321,5.966459152316574,46,0.24338624338624337,0.0,0.0,,,,189,173.23759005323603
713,134929,-17526.235816,182,battery_depleted,0,1,0,0,9,39,31,19,38.897300677553446,-9.165163182916434,30,0.16483516483516483,0.0,0.0,,,,182,183.06601717798225
714,135136,-22564.319361,207,battery_depleted,0,1,0,0,27,24,9,45,28.178005607210743,-0.5193722353320815,75,0.36231884057971014,0.0,0.0,,,,207,158.92388155425124
715,135328,-19443.176568,192,battery_depleted,0,1,0,0,25,13,4,1,25.709920264364882,-1.523147019469235,47,0.24479166666666666,0.0,0.0,,,,192,171.92388155425124
716,135523,-20109.328083,195,battery_depleted,0,1,0,0,20,25,46,22,32.01562118716424,-5.843116530559442,61,0.3128205128205128,0.0,0.0,,,,195,163.82337649086287
717,135707,-17817.331589,184,battery_depleted,0,1,0,0,45,22,16,25,21.470910553583888,7.683848920642614,31,0.16847826086956522,0.0,0.0,,,,184,183.65180361560917
718,135890,-17668.823423,183,battery_depleted,0,1,0,0,36,27,8,37,27.16615541441225,2.5659820802247637,28,0.15300546448087432,0.0,0.0,,,,183,186.06601717798233
719,136066,-16274.632227,176,battery_depleted,0,1,0,0,30,46,17,26,9.486832980505138,14.366887903247989,18,0.10227272727272728,0.0,0.0,,,,176,189.06601717798233
720,136246,-17159.268121,180,battery_depleted,0,1,0,0,21,43,46,27,32.89376840679705,-3.2121242474853915,33,0.18333333333333332,0.0,0.0,,,,180,180.965512114594
721,136419,-15749.127188,173,battery_depleted,0,1,0,0,42,29,46,0,22.0,7.274562336608895,10,0.057803468208092484,0.0,0.0,,,,173,195.30865786510154
722,136635,-24544.943058,216,battery_depleted,0,1,0,0,31,14,44,5,7.0,8.811388300841896,94,0.4351851851851852,0.0,0.0,,,,216,144.78174593052017
723,136812,-16530.800787,177,battery_depleted,0,1,0,0,25,13,35,37,26.92582403567252,-0.9258240356725196,16,0.0903954802259887,0.0,0.0,,,,177,190.823376490863
724,137028,-24587.679115,216,battery_depleted,0,1,0,0,0,18,12,41,23.40939982143925,2.532843720706442,92,0.42592592592592593,0.0,0.0,,,,216,146.78174593052023
725,137248,-25489.485807,220,battery_depleted,0,1,0,0,20,23,37,43,29.732137494637012,-3.4833279978236362,103,0.4681818181818182,0.0,0.0,,,,220,137.7106781186547
726,137452,-21950.88533,204,battery_depleted,0,1,0,0,21,16,37,37,33.12099032335839,-6.720232758470221,73,0.35784313725490197,0.0,0.0,,,,204,157.09545442950503
727,137635,-17722.119157,183,battery_depleted,0,1,0,0,16,42,26,17,32.64965543462902,-5.723831398956499,36,0.19672131147540983,0.0,0.0,,,,183,180.13708498984775
728,137820,-18106.458537,185,battery_depleted,0,1,0,0,14,44,32,49,23.430749027719962,-4.749207335450556,43,0.23243243243243245,0.0,0.0,,,,185,175.96551211459396
729,138037,-24781.283719,217,battery_depleted,0,1,0,0,20,2,4,12,19.209372712298546,-0.3414104481853393,94,0.43317972350230416,0.0,0.0,,,,217,143.71067811865467
730,138212,-16093.576177,175,battery_depleted,0,1,0,0,44,32,15,32,14.866068747318506,14.133931252681494,15,0.08571428571428572,0.0,0.0,,,,175,193.13708498984778
731,138401,-18816.359245,189,battery_depleted,0,1,0,0,13,18,5,37,17.88854381999832,2.7269843080899854,43,0.2275132275132275,0.0,0.0,,,,189,177.06601717798225
732,138574,-15689.930816,173,battery_depleted,0,1,0,0,43,26,26,44,4.0,20.758836806279895,10,0.057803468208092484,0.0,0.0,,,,173,196.1370849898478
733,138764,-19053.881667,190,battery_depleted,0,1,0,0,42,15,21,13,21.095023109728988,0.0,46,0.24210526315789474,0.0,0.0,,,,190,174.6518036156092
734,138946,-17481.373332,182,battery_depleted,0,1,0,0,29,10,34,25,16.76305461424021,-0.9516663133983148,26,0.14285714285714285,0.0,0.0,,,,182,186.23759005323606
735,139158,-23640.49895,212,battery_depleted,0,1,0,0,5,0,12,15,14.866068747318506,1.6868766099283423,90,0.42452830188679247,0.0,0.0,,,,212,147.26702730475878
736,139326,-14948.316244,168,battery_depleted,0,1,0,0,33,37,13,35,31.0,-10.90024875775822,2,0.011904761904761904,0.0,0.0,,,,168,200.3797256769671
737,139561,-29048.864343,235,battery_depleted,0,1,0,0,1,7,6,33,24.186773244895647,2.2896313448518057,137,0.5829787234042553,0.0,0.0,,,,235,119.53910524340084
738,139761,-21097.968067,200,battery_depleted,0,1,0,0,2,19,27,12,20.248456731316587,5.713053240177754,70,0.35,0.0,0.0,,,,200,159.8233764908629
739,139966,-22121.111643,205,battery_depleted,0,1,0,0,35,18,32,44,29.0,-2.8274953433951993,65,0.3170731707317073,0.0,0.0,,,,205,163.1959594928934
740,140163,-20452.87396,197,battery_depleted,0,1,0,0,24,9,46,6,23.769728648009426,-1.566125336834908,54,0.27411167512690354,0.0,0.0,,,,197,168.26702730475887
741,140340,-16589.970814,177,battery_depleted,0,1,0,0,41,31,46,3,37.21558813185679,-8.772662825201007,19,0.10734463276836158,0.0,0.0,,,,177,189.4802307403554
742,140545,-22051.32,205,battery_depleted,0,1,0,0,41,23,41,1,5.0,17.0,74,0.36097560975609755,0.0,0.0,,,,205,156.68124086713192
743,140739,-19804.255211,194,battery_depleted,0,1,0,0,27,1,28,15,9.219544457292887,4.816124390325312,45,0.23195876288659795,0.0,0.0,,,,194,173.43860018001263
744,140955,-24608.514643,216,battery_depleted,0,1,0,0,15,30,18,11,30.4138126514911,-11.178428589819756,87,0.4027777777777778,0.0,0.0,,,,216,151.36753236814718
745,141152,-20413.702629,197,battery_depleted,0,1,0,0,36,5,43,25,10.63014581273465,10.559474287682441,56,0.28426395939086296,0.0,0.0,,,,197,167.92388155425124
746,141325,-15810.639736,173,battery_depleted,0,1,0,0,43,37,30,47,17.0,-0.5987805331432732,11,0.06358381502890173,0.0,0.0,,,,173,195.13708498984784
747,141511,-18211.985919,186,battery_depleted,0,1,0,0,43,46,48,23,15.811388300841896,7.725816291037743,46,0.24731182795698925,0.0,0.0,,,,186,174.79393923934015
748,141700,-18834.259125,189,battery_depleted,0,1,0,0,30,7,14,8,9.219544457292887,6.8116750845885115,41,0.21693121693121692,0.0,0.0,,,,189,177.82337649086298
749,141883,-17715.29392,183,battery_depleted,0,1,0,0,24,33,6,23,27.80287754891569,-7.211617266941687,29,0.15846994535519127,0.0,0.0,,,,183,183.40916292848993
750,142066,-17655.444664,183,battery_depleted,0,1,0,0,13,40,26,31,14.317821063276353,1.4935672375655429,31,0.16939890710382513,0.0,0.0,,,,183,183.06601717798233
751,142242,-16265.291734,176,battery_depleted,0,1,0,0,46,26,29,7,3.1622776601683795,22.332819907795546,25,0.14204545454545456,0.0,0.0,,,,176,187.03657992645944
752,142421,-16900.523502,179,battery_depleted,0,1,0,0,43,14,21,16,16.492422502470642,5.59829953190388,26,0.1452513966480447,0.0,0.0,,,,179,186.55129855222089
753,142629,-22795.293481,208,battery_depleted,0,1,0,0,3,33,28,48,30.610455730027933,-1.4556962558014312,76,0.36538461538461536,0.0,0.0,,,,208,156.43860018001266
754,142800,-15487.673248,171,battery_depleted,0,1,0,0,29,46,40,38,21.18962010041709,-7.588149591681647,13,0.07602339181286549,0.0,0.0,,,,171,194.4507934888326
755,142924,-8149.778955,124,goal_reached,1,0,0,0,29,40,19,41,0.0,10.04987562112089,16,0.12903225806451613,30.099999999999845,0.0,,,,124,130.78174593052015
756,143093,-15050.988742,169,battery_depleted,0,1,0,0,32,38,21,21,14.422205101855956,5.82625162946063,8,0.047337278106508875,0.0,0.0,,,,169,197.03657992645944
757,143269,-16294.017373,176,battery_depleted,0,1,0,0,48,29,38,3,20.09975124224178,7.7570253121264585,15,0.08522727272727272,0.0,0.0,,,,176,192.06601717798233
758,143460,-19208.128833,191,battery_depleted,0,1,0,0,42,26,17,18,17.11724276862369,9.131566728189686,40,0.2094240837696335,0.0,0.0,,,,191,178.7523086789975
759,143643,-17692.596198,183,battery_depleted,0,1,0,0,20,13,4,34,29.206163733020468,-2.805406168132297,29,0.15846994535519127,0.0,0.0,,,,183,184.6518036156092
760,143818,-16164.161018,175,battery_depleted,0,1,0,0,34,48,35,33,17.0,-1.966703621627092,13,0.07428571428571429,0.0,0.0,,,,175,193.89444430272852
761,144013,-19969.768199,195,battery_depleted,0,1,0,0,0,26,14,41,8.06225774829855,12.456026780384644,54,0.27692307692307694,0.0,0.0,,,,195,168.75230867899748
762,144182,-15093.861974,169,battery_depleted,0,1,0,0,35,44,6,39,34.058772731852805,-4.630894792728483,3,0.01775147928994083,0.0,0.0,,,,169,199.965512114594
763,144370,-18615.191416,188,battery_depleted,0,1,0,0,47,11,19,4,24.08318915758459,4.778550221739032,33,0.17553191489361702,0.0,0.0,,,,188,182.33809511662443
764,144566,-20244.021001,196,battery_depleted,0,1,0,0,11,22,13,34,15.297058540778355,-3.1315334801819166,52,0.2653061224489796,0.0,0.0,,,,196,172.1665222413706
765,144774,-22798.928275,208,battery_depleted,0,1,0,0,23,12,47,8,22.47220505424423,1.8588450669486463,83,0.39903846153846156,0.0,0.0,,,,208,151.50966799187808
766,144969,-20074.663424,195,battery_depleted,0,1,0,0,9,19,19,43,28.0178514522438,-2.0178514522438,57,0.2923076923076923,0.0,0.0,,,,195,167.40916292848982
767,145174,-22069.641309,205,battery_depleted,0,1,0,0,21,21,22,8,3.0,10.038404810405298,66,0.32195121951219513,0.0,0.0,,,,205,162.19595949289337
768,145362,-18654.380439,188,battery_depleted,0,1,0,0,14,40,29,33,21.587033144922902,-5.034087787676054,38,0.20212765957446807,0.0,0.0,,,,188,178.9949493661168
769,145549,-18441.40046,187,battery_depleted,0,1,0,0,10,26,36,13,25.80697580112788,3.2619079063693874,44,0.23529411764705882,0.0,0.0,,,,187,174.48023074035538
770,145723,-16000.212088,174,battery_depleted,0,1,0,0,37,26,48,27,16.55294535724685,-5.507584340059587,13,0.07471264367816093,0.0,0.0,,,,174,193.72287142747473
771,145896,-15758.198922,173,battery_depleted,0,1,0,0,46,27,47,49,17.0,5.022715545545239,9,0.05202312138728324,0.0,0.0,,,,173,196.3086578651016
772,146078,-17446.882869,182,battery_depleted,0,1,0,0,48,38,39,33,6.708203932499369,3.5874262084876314,28,0.15384615384615385,0.0,0.0,,,,182,185.0660171779823
773,146253,-16194.335395,175,battery_depleted,0,1,0,0,20,36,24,26,18.601075237738275,-7.830745623469268,14,0.08,0.0,0.0,,,,175,192.89444430272852
774,146435,-17493.22145,182,battery_depleted,0,1,0,0,16,21,41,14,27.65863337187866,-1.6971234003843207,27,0.14835164835164835,0.0,0.0,,,,182,184.82337649086298
775,146609,-16116.824939,174,battery_depleted,0,1,0,0,22,37,2,39,47.16990566028302,-27.07015441804124,17,0.09770114942528736,0.0,0.0,,,,174,190.96551211459396
776,146792,-17728.236743,183,battery_depleted,0,1,0,0,13,18,6,45,39.0,-11.107348638037294,36,0.19672131147540983,0.0,0.0,,,,183,181.79393923934015
777,146985,-19655.165255,193,battery_depleted,0,1,0,0,6,47,12,31,15.297058540778355,1.7909489498567055,54,0.27979274611398963,0.0,0.0,,,,193,168.40916292848982
778,147174,-18889.875307,189,battery_depleted,0,1,0,0,26,17,34,37,26.627053911388696,-5.086394682850681,48,0.25396825396825395,0.0,0.0,,,,189,173.30865786510154
779,147343,-15140.929935,169,battery_depleted,0,1,0,0,33,36,45,32,25.495097567963924,-12.845986927290406,6,0.03550295857988166,0.0,0.0,,,,169,198.20815280171334
780,147561,-25074.574062,218,battery_depleted,0,1,0,0,7,5,25,25,27.459060435491963,-0.5518123413445437,100,0.45871559633027525,0.0,0.0,,,,218,143.68124086713186
781,147774,-23832.663089,213,battery_depleted,0,1,0,0,35,1,18,15,15.0,7.022715545545239,90,0.4225352112676056,0.0,0.0,,,,213,145.78174593052023
782,147967,-19679.553144,193,battery_depleted,0,1,0,0,16,15,28,17,16.278820596099706,-4.113295535503267,58,0.3005181347150259,0.0,0.0,,,,193,166.48023074035535
783,148152,-18067.539001,185,battery_depleted,0,1,0,0,22,14,40,22,15.556349186104045,4.141366417488163,41,0.22162162162162163,0.0,0.0,,,,185,176.30865786510157
784,148353,-21333.708138,201,battery_depleted,0,1,0,0,28,20,34,28,18.788294228055936,-8.788294228055936,70,0.3482587064676617,0.0,0.0,,,,201,160.82337649086293
785,148546,-19625.32701,193,battery_depleted,0,1,0,0,26,36,25,16,17.029386365926403,2.995598028574385,56,0.29015544041450775,0.0,0.0,,,,193,166.8233764908629
786,148714,-14867.469656,168,battery_depleted,0,1,0,0,38,33,49,43,8.0,6.866068747318506,6,0.03571428571428571,0.0,0.0,,,,168,197.20815280171328
787,148904,-19082.525876,190,battery_depleted,0,1,0,0,12,41,36,43,32.2490309931942,-8.165841835609605,44,0.23157894736842105,0.0,0.0,,,,190,175.82337649086296
788,149085,-17289.440578,181,battery_depleted,0,1,0,0,30,45,35,26,21.95449840010015,-2.3076156957116503,25,0.13812154696132597,0.0,0.0,,,,181,185.823376490863
789,149275,-19073.389367,190,battery_depleted,0,1,0,0,5,30,29,21,30.083217912982647,-4.451206677030054,48,0.25263157894736843,0.0,0.0,,,,190,171.82337649086298
790,149445,-15276.071309,170,battery_depleted,0,1,0,0,35,39,16,35,19.72308292331602,-0.3065950843684213,12,0.07058823529411765,0.0,0.0,,,,170,193.62236636408642
791,149622,-16456.525491,177,battery_depleted,0,1,0,0,46,16,48,41,13.601470508735444,11.478401899233463,15,0.0847457627118644,0.0,0.0,,,,177,192.65180361560923
792,149808,-18215.686213,186,battery_depleted,0,1,0,0,17,43,31,19,24.041630560342615,3.7432574185569933,29,0.15591397849462366,0.0,0.0,,,,186,183.0954544295051
793,149999,-19183.339983,191,battery_depleted,0,1,0,0,15,46,3,33,4.47213595499958,13.219670057954552,50,0.2617801047120419,0.0,0.0,,,,191,169.9949493661167
794,150186,-18408.787819,187,battery_depleted,0,1,0,0,16,2,14,30,22.67156809750927,5.399769597727129,34,0.18181818181818182,0.0,0.0,,,,187,181.5807358037437
795,150382,-20249.500822,196,battery_depleted,0,1,0,0,22,14,8,15,9.0,5.035668847618199,57,0.29081632653061223,0.0,0.0,,,,196,166.75230867899745
796,150591,-22988.588041,209,battery_depleted,0,1,0,0,17,6,5,24,17.46424919657298,4.1690584562109585,80,0.3827751196172249,0.0,0.0,,,,209,154.68124086713192
797,150781,-19058.222582,190,battery_depleted,0,1,0,0,43,36,46,24,20.0,-7.630683123147019,43,0.22631578947368422,0.0,0.0,,,,190,175.16652224137064
798,150973,-19449.3717,192,battery_depleted,0,1,0,0,30,18,12,15,18.788294228055936,-0.5400066371612766,54,0.28125,0.0,0.0,,,,192,168.65180361560908
799,151162,-18895.987741,189,battery_depleted,0,1,0,0,2,49,17,47,18.788294228055936,-3.655548277634379,48,0.25396825396825395,0.0,0.0,,,,189,172.8944443027284
800,151329,-14664.740082,167,battery_depleted,0,1,0,0,48,30,29,38,9.219544457292887,11.395983670795417,2,0.011976047904191617,0.0,0.0,,,,167,201.0365799264595
801,151519,-19029.519477,190,battery_depleted,0,1,0,0,15,19,26,9,12.529964086141668,2.3361046611768383,50,0.2631578947368421,0.0,0.0,,,,190,172.30865786510157
802,151704,-18040.36452,185,battery_depleted,0,1,0,0,24,12,48,24,17.029386365926403,9.803429364071075,40,0.21621621621621623,0.0,0.0,,,,185,177.7228714274747
803,151909,-22166.82017,205,battery_depleted,0,1,0,0,24,37,43,29,23.021728866442675,-2.4062007383543715,79,0.3853658536585366,0.0,0.0,,,,205,155.40916292848976
804,152087,-16720.364086,178,battery_depleted,0,1,0,0,36,41,22,49,15.620499351813308,0.5040161447837903,23,0.12921348314606743,0.0,0.0,,,,178,187.7228714274747
805,152298,-23359.71007,211,battery_depleted,0,1,0,0,3,16,28,13,6.708203932499369,18.471152691528975,89,0.4218009478672986,0.0,0.0,,,,211,148.92388155425118
806,152499,-21269.412628,201,battery_depleted,0,1,0,0,46,36,28,24,25.0,-3.3666923472160626,59,0.2935323383084577,0.0,0.0,,,,201,165.61017305526647
807,152694,-20009.391276,195,battery_depleted,0,1,0,0,27,27,23,7,10.0,10.396078054371138,58,0.29743589743589743,0.0,0.0,,,,195,166.40916292848985
808,152885,-19264.612517,191,battery_depleted,0,1,0,0,29,17,38,10,8.06225774829855,3.33949650269283,50,0.2617801047120419,0.0,0.0,,,,191,171.65180361560917
809,153072,-18350.955179,187,battery_depleted,0,1,0,0,3,39,32,33,15.811388300841896,13.802797489079799,35,0.18716577540106952,0.0,0.0,,,,187,179.7523086789975
810,153262,-19110.073441,190,battery_depleted,0,1,0,0,15,29,39,29,27.294688127912362,-3.2946881279123623,50,0.2631578947368421,0.0,0.0,,,,190,169.40916292848988
811,153461,-20927.585704,199,battery_depleted,0,1,0,0,19,25,29,8,26.019223662515376,-6.296140739199355,70,0.35175879396984927,0.0,0.0,,,,199,156.75230867899742
812,153638,-16569.906444,177,battery_depleted,0,1,0,0,35,31,22,20,22.80350850198276,-5.774122136056356,15,0.0847457627118644,0.0,0.0,,,,177,191.82337649086307
813,153831,-19662.799097,193,battery_depleted,0,1,0,0,29,13,40,22,14.7648230602334,-0.5521526566815051,54,0.27979274611398963,0.0,0.0,,,,193,168.40916292848985
814,154023,-19385.926655,192,battery_depleted,0,1,0,0,39,0,11,5,18.027756377319946,10.415168929335838,47,0.24479166666666666,0.0,0.0,,,,192,172.75230867899748
815,154225,-21456.138049,202,battery_depleted,0,1,0,0,5,17,22,40,15.652475842498529,12.948223449651653,69,0.3415841584158416,0.0,0.0,,,,202,158.68124086713198
816,154395,-15290.854313,170,battery_depleted,0,1,0,0,31,30,21,44,22.360679774997898,-5.156029240912645,9,0.052941176470588235,0.0,0.0,,,,170,196.2081528017133
817,154604,-23037.456062,209,battery_depleted,0,1,0,0,36,14,7,16,34.20526275297414,-5.136379045476875,75,0.3588516746411483,0.0,0.0,,,,209,155.95331880577407
818,154798,-19815.116985,194,battery_depleted,0,1,0,0,22,40,30,13,22.847319317591726,5.31293636306572,46,0.23711340206185566,0.0,0.0,,,,194,173.26702730475893
819,154973,-16153.255329,175,battery_depleted,0,1,0,0,38,30,22,20,20.615528128088304,-1.7475658639750975,11,0.06285714285714286,0.0,0.0,,,,175,195.0660171779823
820,155145,-15611.735565,172,battery_depleted,0,1,0,0,33,38,26,15,25.942243542145693,-1.9006129818030786,7,0.040697674418604654,0.0,0.0,,,,172,198.13708498984792
821,155345,-21042.368955,200,battery_depleted,0,1,0,0,44,6,16,10,23.021728866442675,5.262542381019227,62,0.31,0.0,0.0,,,,200,162.85281374238573
822,155534,-18756.501192,189,battery_depleted,0,1,0,0,45,22,25,6,14.866068747318506,10.746428202412888,36,0.19047619047619047,0.0,0.0,,,,189,179.50966799187813
823,155702,-14907.995147,168,battery_depleted,0,1,0,0,34,27,38,40,13.0,0.6014705087354439,7,0.041666666666666664,0.0,0.0,,,,168,197.03657992645955
824,155898,-20193.068,196,battery_depleted,0,1,0,0,23,47,18,20,17.804493814764857,9.654566620727106,59,0.3010204081632653,0.0,0.0,,,,196,166.82337649086293
825,156091,-19708.711778,193,battery_depleted,0,1,0,0,31,15,20,25,22.825424421026653,-7.9593556737081474,48,0.24870466321243523,0.0,0.0,,,,193,171.9238815542513
826,156293,-21503.291562,202,battery_depleted,0,1,0,0,20,48,8,43,10.63014581273465,2.36985418726535,69,0.3415841584158416,0.0,0.0,,,,202,158.26702730475887
827,156495,-21517.399026,202,battery_depleted,0,1,0,0,42,27,29,43,26.0,-5.384471871911696,62,0.3069306930693069,0.0,0.0,,,,202,166.09545442950503
828,156665,-15260.038636,170,battery_depleted,0,1,0,0,37,39,19,15,27.459060435491963,2.5409395645080366,14,0.08235294117647059,0.0,0.0,,,,170,193.27922061357881
829,156841,-16309.38541,176,battery_depleted,0,1,0,0,35,21,37,41,13.0,7.09975124224178,19,0.10795454545454546,0.0,0.0,,,,176,191.79393923934018
830,157027,-18278.939825,186,battery_depleted,0,1,0,0,31,41,25,23,19.026297590440446,-0.05263162943017008,44,0.23655913978494625,0.0,0.0,,,,186,173.48023074035544
831,157215,-18630.842058,188,battery_depleted,0,1,0,0,30,44,11,41,18.867962264113206,0.3674217975581371,39,0.2074468085106383,0.0,0.0,,,,188,178.4091629284899
832,157398,-17628.223423,183,battery_depleted,0,1,0,0,46,46,49,29,11.045361017187261,6.217315484444807,34,0.18579234972677597,0.0,0.0,,,,183,180.89444430272846
833,157583,-18112.151232,185,battery_depleted,0,1,0,0,36,4,45,30,34.48187929913333,-6.968246314738124,40,0.21621621621621623,0.0,0.0,,,,185,176.06601717798225
834,157794,-23456.260589,211,battery_depleted,0,1,0,0,19,11,2,25,19.0,3.022715545545239,93,0.44075829383886256,0.0,0.0,,,,211,145.3380951166243
835,157964,-15211.834707,170,battery_depleted,0,1,0,0,39,32,45,19,6.082762530298219,8.235058532978133,8,0.047058823529411764,0.0,0.0,,,,170,196.7939392393402
836,158163,-20869.233764,199,battery_depleted,0,1,0,0,26,7,8,17,22.360679774997898,-1.7694194930238965,56,0.2814070351758794,0.0,0.0,,,,199,169.09545442950514
837,158351,-18579.714404,188,battery_depleted,0,1,0,0,26,45,0,39,10.04987562112089,16.63345250713178,42,0.22340425531914893,0.0,0.0,,,,188,176.2375900532361
838,158526,-16122.763913,175,battery_depleted,0,1,0,0,38,38,23,49,9.848857801796104,8.752217435942171,16,0.09142857142857143,0.0,0.0,,,,175,192.1370849898478
839,158718,-19456.191111,192,battery_depleted,0,1,0,0,28,35,22,43,12.206555615733702,-2.206555615733702,50,0.2604166666666667,0.0,0.0,,,,192,170.5807358037437
840,158894,-16308.645278,176,battery_depleted,0,1,0,0,46,27,38,12,12.206555615733702,4.793444384266298,15,0.08522727272727272,0.0,0.0,,,,176,192.06601717798233
841,159066,-15646.271012,172,battery_depleted,0,1,0,0,47,29,48,48,27.0,-7.973702409559554,9,0.05232558139534884,0.0,0.0,,,,172,195.30865786510157
842,159263,-20487.591669,197,battery_depleted,0,1,0,0,10,25,39,31,34.52535300326414,-4.911167213342441,63,0.3197969543147208,0.0,0.0,,,,197,162.58073580374358
843,159437,-16008.094588,174,battery_depleted,0,1,0,0,44,15,34,8,19.1049731745428,-6.898417558809097,15,0.08620689655172414,0.0,0.0,,,,174,192.55129855222089
844,159639,-21472.569389,202,battery_depleted,0,1,0,0,8,17,36,19,22.02271554554524,6.048622149691159,71,0.35148514851485146,0.0,0.0,,,,202,160.82337649086293
845,159843,-21884.764582,204,battery_depleted,0,1,0,0,11,30,26,34,8.06225774829855,7.461916947961475,71,0.3480392156862745,0.0,0.0,,,,204,158.2670273047588
846,160016,-15853.893146,173,battery_depleted,0,1,0,0,33,35,9,33,38.27531841800928,-14.192129260424686,7,0.04046242774566474,0.0,0.0,,,,173,198.7228714274747
847,160234,-25057.444741,218,battery_depleted,0,1,0,0,14,7,34,2,26.076809620810597,-5.461281492722293,104,0.47706422018348627,0.0,0.0,,,,218,140.09545442950497
848,160419,-18085.477362,185,battery_depleted,0,1,0,0,15,21,25,36,23.021728866442675,-4.993972489122729,33,0.1783783783783784,0.0,0.0,,,,185,180.5807358037437
849,160600,-17309.736928,181,battery_depleted,0,1,0,0,33,33,31,5,30.675723300355934,-2.6043856051195355,32,0.17679558011049723,0.0,0.0,,,,181,182.13708498984772
850,160779,-16881.496667,179,battery_depleted,0,1,0,0,43,46,23,49,12.806248474865697,7.417499941290988,27,0.15083798882681565,0.0,0.0,,,,179,185.55129855222089
851,160948,-15055.850813,169,battery_depleted,0,1,0,0,38,38,27,22,17.204650534085253,2.211837304862346,2,0.011834319526627219,0.0,0.0,,,,169,200.13708498984775
852,161123,-16118.397282,175,battery_depleted,0,1,0,0,35,43,12,41,17.46424919657298,5.622543564657413,12,0.06857142857142857,0.0,0.0,,,,175,194.06601717798233
853,161322,-20812.260911,199,battery_depleted,0,1,0,0,14,38,34,17,16.1245154965971,12.875484503402902,62,0.31155778894472363,0.0,0.0,,,,199,163.5096679918781
854,161549,-27102.404804,227,battery_depleted,0,1,0,0,22,1,4,13,32.89376840679705,-11.260460754013113,113,0.4977973568281938,0.0,0.0,,,,227,133.88225099390849
855,161743,-19841.141507,194,battery_depleted,0,1,0,0,46,17,28,32,29.068883707497267,-5.6381346797773055,47,0.2422680412371134,0.0,0.0,,,,194,172.26702730475887
856,161935,-19362.670879,192,battery_depleted,0,1,0,0,14,20,6,39,6.708203932499369,13.907324195588934,45,0.234375,0.0,0.0,,,,192,174.75230867899745
857,162124,-18867.206749,189,battery_depleted,0,1,0,0,25,48,22,36,15.0,-2.630683123147019,42,0.2222222222222222,0.0,0.0,,,,189,174.75230867899748
858,162325,-21259.364209,201,battery_depleted,0,1,0,0,18,27,30,2,9.848857801796104,17.88199144592799,73,0.36318407960199006,0.0,0.0,,,,201,156.1665222413705
859,162524,-20819.909192,199,battery_depleted,0,1,0,0,16,7,31,19,9.219544457292887,9.989828255005659,62,0.31155778894472363,0.0,0.0,,,,199,167.23759005323603
860,162747,-26146.220152,223,battery_depleted,0,1,0,0,22,33,24,16,7.615773105863909,9.501469662759781,111,0.4977578475336323,0.0,0.0,,,,223,135.61017305526636
861,162941,-19908.952707,194,battery_depleted,0,1,0,0,20,5,0,12,26.68332812825267,-5.493708027835577,55,0.28350515463917525,0.0,0.0,,,,194,169.65180361560908
862,163134,-19655.453333,193,battery_depleted,0,1,0,0,49,7,47,27,20.09975124224178,0.0,50,0.25906735751295334,0.0,0.0,,,,193,171.5807358037436
863,163321,-18413.132713,187,battery_depleted,0,1,0,0,25,2,34,20,14.317821063276353,5.806790734221755,42,0.22459893048128343,0.0,0.0,,,,187,175.2375900532361
864,163505,-17891.397016,184,battery_depleted,0,1,0,0,43,3,37,32,28.160255680657446,1.453930109264249,38,0.20652173913043478,0.0,0.0,,,,184,179.13708498984778
865,163675,-15219.794893,170,battery_depleted,0,1,0,0,29,48,39,39,7.211102550927978,6.242521496145732,7,0.041176470588235294,0.0,0.0,,,,170,196.965512114594
866,163868,-19590.431007,193,battery_depleted,0,1,0,0,0,32,15,17,13.038404810405298,8.174798625191128,46,0.23834196891191708,0.0,0.0,,,,193,173.09545442950508
867,164057,-18932.873847,189,battery_depleted,0,1,0,0,11,16,19,4,32.55764119219941,-18.135436090343454,48,0.25396825396825395,0.0,0.0,,,,189,173.72287142747467
868,164250,-19603.178855,193,battery_depleted,0,1,0,0,15,49,23,39,5.0990195135927845,7.707228961272913,48,0.24870466321243523,0.0,0.0,,,,193,171.92388155425124
869,164456,-22366.545399,206,battery_depleted,0,1,0,0,23,23,35,35,15.652475842498529,1.3180869059786104,75,0.3640776699029126,0.0,0.0,,,,206,156.68124086713198
870,164662,-22342.989875,206,battery_depleted,0,1,0,0,21,20,19,32,5.0,7.165525060596439,83,0.4029126213592233,0.0,0.0,,,,206,150.3380951166243
871,164830,-14947.479424,168,battery_depleted,0,1,0,0,46,26,29,11,30.364452901377952,-7.692884803868683,6,0.03571428571428571,0.0,0.0,,,,168,198.45079348883263
872,165032,-21457.913391,202,battery_depleted,0,1,0,0,17,25,1,17,6.324555320336759,11.563988499661559,72,0.3564356435643564,0.0,0.0,,,,202,156.50966799187813
873,165213,-17323.73384,181,battery_depleted,0,1,0,0,17,29,25,12,23.021728866442675,-4.23343463838674,34,0.1878453038674033,0.0,0.0,,,,181,180.96551211459396
874,165412,-20887.61949,199,battery_depleted,0,1,0,0,34,17,45,32,19.1049731745428,-0.503897936804524,60,0.3015075376884422,0.0,0.0,,,,199,165.5096679918782
875,165615,-21715.79691,203,battery_depleted,0,1,0,0,1,14,21,21,14.035668847618199,7.153951252798892,78,0.3842364532019704,0.0,0.0,,,,203,155.23759005323592
876,165811,-20273.949773,196,battery_depleted,0,1,0,0,4,26,22,21,21.840329667841555,-3.1587879755721495,59,0.3010204081632653,0.0,0.0,,,,196,164.75230867899745
877,165978,-14717.267644,167,battery_depleted,0,1,0,0,38,41,28,39,7.0710678118654755,3.1269712153200935,7,0.041916167664670656,0.0,0.0,,,,167,197.2792206135788
878,166167,-18846.339826,189,battery_depleted,0,1,0,0,11,35,16,14,21.95449840010015,-0.3674652551772475,39,0.20634920634920634,0.0,0.0,,,,189,177.33809511662434
879,166347,-17108.571629,180,battery_depleted,0,1,0,0,31,33,20,25,15.033296378372908,-1.4318258696374642,19,0.10555555555555556,0.0,0.0,,,,180,189.99494936611677
880,166540,-19629.83017,193,battery_depleted,0,1,0,0,4,46,3,20,26.40075756488817,-0.3815339023727944,43,0.22279792746113988,0.0,0.0,,,,193,176.50966799187816
881,166709,-15030.998469,169,battery_depleted,0,1,0,0,34,36,24,47,6.082762530298219,8.783306217020286,6,0.03550295857988166,0.0,0.0,,,,169,198.2081528017133
882,166895,-18229.65197,186,battery_depleted,0,1,0,0,24,47,13,2,39.0,7.324939287601879,38,0.20430107526881722,0.0,0.0,,,,186,178.23759005323603
883,167074,-16852.62012,179,battery_depleted,0,1,0,0,36,34,8,5,30.4138126514911,9.897476090001646,21,0.11731843575418995,0.0,0.0,,,,179,188.6518036156092
884,167246,-15649.576,172,battery_depleted,0,1,0,0,27,32,35,2,36.40054944640259,-5.3522000538825445,14,0.08139534883720931,0.0,0.0,,,,172,193.2081528017133
885,167422,-16345.546479,176,battery_depleted,0,1,0,0,23,44,7,14,35.4682957019364,-1.4682957019363982,16,0.09090909090909091,0.0,0.0,,,,176,192.30865786510165
886,167622,-21049.867232,200,battery_depleted,0,1,0,0,45,48,18,12,38.2099463490856,6.790053650914402,65,0.325,0.0,0.0,,,,200,163.16652224137053
887,167798,-16277.621803,176,battery_depleted,0,1,0,0,35,38,2,41,22.135943621178654,11.000139430383129,15,0.08522727272727272,0.0,0.0,,,,176,192.8944443027284
888,167990,-19495.605733,192,battery_depleted,0,1,0,0,7,14,36,30,31.400636936215164,1.720353387143227,57,0.296875,0.0,0.0,,,,192,166.48023074035535
889,168204,-24066.339528,214,battery_depleted,0,1,0,0,11,10,46,15,20.396078054371138,14.95926100495624,97,0.4532710280373832,0.0,0.0,,,,214,142.26702730475876
890,168398,-19817.211838,194,battery_depleted,0,1,0,0,5,37,27,7,28.0178514522438,9.18429902323275,62,0.31958762886597936,0.0,0.0,,,,194,163.06601717798222
891,168587,-18895.991567,189,battery_depleted,0,1,0,0,30,14,26,44,33.37663853655727,-3.11114663571416,41,0.21693121693121692,0.0,0.0,,,,189,176.99494936611674
892,168779,-19442.555356,192,battery_depleted,0,1,0,0,17,38,34,8,36.124783736376884,-1.6429044372435513,43,0.22395833333333334,0.0,0.0,,,,192,175.9238815542513
893,168955,-16364.851505,176,battery_depleted,0,1,0,0,12,40,45,40,34.40930106817051,-1.4093010681705067,20,0.11363636363636363,0.0,0.0,,,,176,188.72287142747462
894,169130,-16116.776313,175,battery_depleted,0,1,0,0,49,38,8,7,43.08131845707603,8.319070646509559,16,0.09142857142857143,0.0,0.0,,,,175,191.7228714274747
895,169310,-17091.449976,180,battery_depleted,0,1,0,0,12,34,47,49,35.34119409414458,2.73767143517496,30,0.16666666666666666,0.0,0.0,,,,180,182.72287142747473
896,169484,-15944.815685,174,battery_depleted,0,1,0,0,43,38,3,36,32.0624390837628,7.987529705238778,16,0.09195402298850575,0.0,0.0,,,,174,191.965512114594
897,169667,-17655.614314,183,battery_depleted,0,1,0,0,42,15,45,45,31.144823004794873,-0.9951961414322028,28,0.15300546448087432,0.0,0.0,,,,183,183.99494936611674
898,169840,-15740.116573,173,battery_depleted,0,1,0,0,39,42,17,5,34.40930106817051,8.637185431891261,9,0.05202312138728324,0.0,0.0,,,,173,195.89444430272854
899,170019,-16885.184724,179,battery_depleted,0,1,0,0,34,49,28,0,39.20459156782532,10.161388620964615,30,0.16759776536312848,0.0,0.0,,,,179,183.37972567696704
900,170206,-18426.330273,187,battery_depleted,0,1,0,0,2,44,35,45,34.0147027033899,-0.9995546649515461,35,0.18716577540106952,0.0,0.0,,,,187,182.23759005323612
901,170393,-18429.754935,187,battery_depleted,0,1,0,0,6,29,46,43,37.64306044943742,4.736179751396762,35,0.18716577540106952,0.0,0.0,,,,187,181.40916292849
902,170576,-17633.548071,183,battery_depleted,0,1,0,0,39,16,6,37,30.01666203960727,9.09855239160862,33,0.18032786885245902,0.0,0.0,,,,183,182.72287142747464
903,170758,-17512.155678,182,battery_depleted,0,1,0,0,13,34,33,3,42.80186911806539,-5.910135626671959,28,0.15384615384615385,0.0,0.0,,,,182,184.23759005323612
904,170930,-15634.296702,172,battery_depleted,0,1,0,0,36,42,49,6,40.024992192379,-1.7496737743697253,14,0.08139534883720931,0.0,0.0,,,,172,194.0365799264595
905,171098,-14873.747659,168,battery_depleted,0,1,0,0,44,27,4,17,37.21558813185679,4.015468124319817,2,0.011904761904761904,0.0,0.0,,,,168,201.20815280171334
906,171293,-20131.000226,195,battery_depleted,0,1,0,0,31,14,34,44,44.553338819890925,-14.403711956528255,54,0.27692307692307694,0.0,0.0,,,,195,169.58073580374372
907,171461,-14947.938151,168,battery_depleted,0,1,0,0,34,38,0,45,42.37924020083418,-7.666130285414617,7,0.041666666666666664,0.0,0.0,,,,168,197.45079348883263
908,171664,-21727.382961,203,battery_depleted,0,1,0,0,1,33,35,38,34.058772731852805,0.3069078230263571,71,0.3497536945812808,0.0,0.0,,,,203,156.43860018001266
909,171901,-29689.513689,237,battery_depleted,0,1,0,0,1,16,1,47,45.39823785126467,-14.398237851264668,135,0.569620253164557,0.0,0.0,,,,237,120.2253967444161
910,172087,-18311.803625,186,battery_depleted,0,1,0,0,22,37,33,2,47.38143096192854,-10.693558306240256,41,0.22043010752688172,0.0,0.0,,,,186,176.48023074035535
911,172259,-15593.329693,172,battery_depleted,0,1,0,0,38,42,1,14,44.82186966202994,1.5785613704507853,5,0.029069767441860465,0.0,0.0,,,,172,198.89444430272852
912,172439,-17059.45061,180,battery_depleted,0,1,0,0,38,3,0,19,32.984845004941285,8.246211251235323,20,0.1111111111111111,0.0,0.0,,,,180,188.99494936611683
913,172606,-14712.725679,167,battery_depleted,0,1,0,0,34,36,23,4,32.202484376209235,1.635364255168028,1,0.005988023952095809,0.0,0.0,,,,167,200.79393923934026
914,172799,-19600.207419,193,battery_depleted,0,1,0,0,0,18,47,34,37.36308338453881,12.285682964686828,51,0.26424870466321243,0.0,0.0,,,,193,173.06601717798222
915,172980,-17239.919231,181,battery_depleted,0,1,0,0,45,49,32,4,40.0,6.8401537145214775,28,0.15469613259668508,0.0,0.0,,,,181,185.72287142747467
916,173156,-16325.106353,176,battery_depleted,0,1,0,0,49,36,10,20,39.05124837953327,3.103229437182712,19,0.10795454545454546,0.0,0.0,,,,176,189.72287142747467
917,173336,-17143.667455,180,battery_depleted,0,1,0,0,9,39,40,22,43.9089968002003,-8.553657740872922,27,0.15,0.0,0.0,,,,180,186.55129855222089
918,173502,-14507.288669,166,battery_depleted,0,1,0,0,41,40,5,21,31.240998703626616,9.465266170468624,4,0.024096385542168676,0.0,0.0,,,,166,199.69343417595186
919,173709,-22659.437954,207,battery_depleted,0,1,0,0,2,21,44,30,44.27188724235731,-1.3184240525282505,85,0.4106280193236715,0.0,0.0,,,,207,150.58073580374358
920,173914,-22093.772228,205,battery_depleted,0,1,0,0,32,7,30,37,14.422205101855956,15.64438765488986,75,0.36585365853658536,0.0,0.0,,,,205,158.1665222413705
921,174103,-18880.688167,189,battery_depleted,0,1,0,0,34,15,47,45,38.07886552931954,-5.383300080775911,36,0.19047619047619047,0.0,0.0,,,,189,177.85281374238585
922,174281,-16660.444705,178,battery_depleted,0,1,0,0,49,44,49,6,27.202941017470888,10.797058982529112,22,0.12359550561797752,0.0,0.0,,,,178,189.1370849898478
923,174481,-21044.919204,200,battery_depleted,0,1,0,0,4,13,39,38,24.73863375370596,18.272992581507175,67,0.335,0.0,0.0,,,,200,161.5807358037436
924,174718,-29454.92687,237,battery_depleted,0,1,0,0,15,3,23,42,40.52159917870962,-0.7095407039208581,127,0.5358649789029536,0.0,0.0,,,,237,125.32590180780446
925,174904,-18217.415296,186,battery_depleted,0,1,0,0,0,29,29,48,25.495097567963924,9.174774078755505,41,0.22043010752688172,0.0,0.0,,,,186,177.72287142747467
926,175071,-14717.651915,167,battery_depleted,0,1,0,0,37,35,9,4,40.496913462633174,1.2762836857776705,2,0.011976047904191617,0.0,0.0,,,,167,199.79393923934026
927,175266,-19982.64703,195,battery_depleted,0,1,0,0,7,28,48,13,31.25699921617557,12.400760689710577,59,0.30256410256410254,0.0,0.0,,,,195,167.0660171779822
928,175455,-18813.94437,189,battery_depleted,0,1,0,0,18,47,20,2,42.95346318982906,2.090959328391776,37,0.19576719576719576,0.0,0.0,,,,189,179.33809511662443
929,175675,-25458.025448,220,battery_depleted,0,1,0,0,16,3,5,45,45.221676218380054,-1.805089526195232,100,0.45454545454545453,0.0,0.0,,,,220,141.53910524340085
930,175867,-19361.627412,192,battery_depleted,0,1,0,0,18,12,23,45,18.24828759089466,15.128350945662614,49,0.2552083333333333,0.0,0.0,,,,192,171.99494936611674
931,176063,-20275.44108,196,battery_depleted,0,1,0,0,11,31,47,1,43.829214001622255,3.032284053817669,61,0.3112244897959184,0.0,0.0,,,,196,166.48023074035535
932,176252,-18891.52382,189,battery_depleted,0,1,0,0,24,8,11,41,44.77722635447622,-9.308930652539821,39,0.20634920634920634,0.0,0.0,,,,189,178.58073580374372
933,176425,-15793.103659,173,battery_depleted,0,1,0,0,25,48,21,16,34.20526275297414,-1.9562317597799463,9,0.05202312138728324,0.0,0.0,,,,173,196.30865786510165
934,176635,-23240.590976,210,battery_depleted,0,1,0,0,22,10,20,41,40.26164427839479,-9.197195144376657,78,0.37142857142857144,0.0,0.0,,,,210,153.53910524340097
935,176837,-21482.850351,202,battery_depleted,0,1,0,0,16,14,44,43,25.238858928247925,15.07242981324482,71,0.35148514851485146,0.0,0.0,,,,202,158.7523086789974
936,177039,-21455.711665,202,battery_depleted,0,1,0,0,8,48,21,13,25.80697580112788,11.529333604061062,78,0.38613861386138615,0.0,0.0,,,,202,155.48023074035527
937,177254,-24308.624716,215,battery_depleted,0,1,0,0,21,18,46,40,25.059928172283335,8.24172343841009,100,0.46511627906976744,0.0,0.0,,,,215,139.85281374238568
938,177440,-18219.667533,186,battery_depleted,0,1,0,0,4,39,46,46,37.013511046643494,5.5658266654440425,38,0.20430107526881722,0.0,0.0,,,,186,178.23759005323606
939,177618,-16711.089677,178,battery_depleted,0,1,0,0,22,6,29,44,30.14962686336267,8.489731309360643,26,0.14606741573033707,0.0,0.0,,,,178,185.96551211459396
940,177811,-19629.367511,193,battery_depleted,0,1,0,0,4,38,29,14,31.064449134018133,3.5909977683087817,51,0.26424870466321243,0.0,0.0,,,,193,171.82337649086293
941,178003,-19450.047844,192,battery_depleted,0,1,0,0,6,29,46,24,43.104524124504614,-2.7932353830118686,52,0.2708333333333333,0.0,0.0,,,,192,170.23759005323606
942,178200,-20411.67945,197,battery_depleted,0,1,0,0,45,0,24,37,29.698484809834994,12.845609962530304,57,0.2893401015228426,0.0,0.0,,,,197,168.1665222413705
943,178433,-28435.446082,233,battery_depleted,0,1,0,0,5,0,37,26,34.058772731852805,7.172283524323802,125,0.5364806866952789,0.0,0.0,,,,233,126.2253967444161
944,178619,-18156.702185,186,battery_depleted,0,1,0,0,3,22,29,49,19.849433241279208,17.63389638670342,38,0.20430107526881722,0.0,0.0,,,,186,179.0660171779823
945,178786,-14696.010346,167,battery_depleted,0,1,0,0,44,23,11,5,32.449961479175904,5.139930779249099,2,0.011976047904191617,0.0,0.0,,,,167,200.20815280171334
946,178973,-18453.259904,187,battery_depleted,0,1,0,0,26,34,3,1,38.600518131237564,1.6238525909999666,37,0.19786096256684493,0.0,0.0,,,,187,179.82337649086298
947,179175,-21510.070374,202,battery_depleted,0,1,0,0,40,9,1,35,48.76474136094644,-1.8925747799145753,73,0.3613861386138614,0.0,0.0,,,,202,157.9949493661167
948,179366,-19239.309574,191,battery_depleted,0,1,0,0,0,35,25,6,43.46262762420146,-5.1742481860481675,44,0.23036649214659685,0.0,0.0,,,,191,173.50966799187816
949,179568,-21432.369112,202,battery_depleted,0,1,0,0,9,6,20,49,28.071337695236398,16.313344347107897,65,0.3217821782178218,0.0,0.0,,,,202,163.0954544295051
950,179766,-20648.622834,198,battery_depleted,0,1,0,0,31,20,0,47,39.21734310225516,1.8922664799337738,57,0.2878787878787879,0.0,0.0,,,,198,168.75230867899748
951,179977,-23458.62926,211,battery_depleted,0,1,0,0,0,38,33,37,28.0,5.015148038438355,82,0.3886255924170616,0.0,0.0,,,,211,150.95331880577407
952,180184,-22564.197498,207,battery_depleted,0,1,0,0,44,2,47,46,46.84015371452148,-2.7379995721215877,71,0.34299516908212563,0.0,0.0,,,,207,157.95331880577405
953,180379,-20063.165179,195,battery_depleted,0,1,0,0,29,4,29,39,38.3275357934736,-3.3275357934736007,47,0.24102564102564103,0.0,0.0,,,,195,172.85281374238582
954,180558,-16827.534002,179,battery_depleted,0,1,0,0,16,38,46,43,13.152946437965905,17.260866213525194,26,0.1452513966480447,0.0,0.0,,,,179,185.72287142747464
955,180769,-23427.294865,211,battery_depleted,0,1,0,0,6,11,22,37,29.966648127543394,0.5620269174041006,84,0.3981042654028436,0.0,0.0,,,,211,150.61017305526642
956,180959,-19007.195005,190,battery_depleted,0,1,0,0,16,3,47,49,43.829214001622255,11.641498991812398,49,0.2578947368421053,0.0,0.0,,,,190,172.06601717798225
957,181145,-18211.327271,186,battery_depleted,0,1,0,0,1,33,30,49,24.413111231467404,8.707879091890987,40,0.21505376344086022,0.0,0.0,,,,186,177.0660171779823
958,181328,-17666.087791,183,battery_depleted,0,1,0,0,47,32,7,39,46.32493928760188,-5.717058279107974,23,0.12568306010928962,0.0,0.0,,,,183,187.7523086789975
959,181506,-16678.096253,178,battery_depleted,0,1,0,0,29,43,26,3,29.154759474226502,10.957582766036658,27,0.15168539325842698,0.0,0.0,,,,178,185.79393923934018
960,181713,-22552.1896,207,battery_depleted,0,1,0,0,14,21,49,37,31.04834939252005,7.4354134172676645,74,0.357487922705314,0.0,0.0,,,,207,156.19595949289334
961,181888,-16009.643167,175,battery_depleted,0,1,0,0,48,43,6,2,28.160255680657446,30.533866682659312,19,0.10857142857142857,0.0,0.0,,,,175,189.96551211459402
962,182075,-18468.446722,187,battery_depleted,0,1,0,0,39,32,6,36,30.083217912982647,3.1583223642066756,40,0.21390374331550802,0.0,0.0,,,,187,176.40916292848985
963,182262,-18461.242577,187,battery_depleted,0,1,0,0,9,48,48,11,59.665735560705194,-5.9070153378427435,41,0.2192513368983957,0.0,0.0,,,,187,175.823376490863
964,182467,-22177.376151,205,battery_depleted,0,1,0,0,29,16,13,47,31.953090617340916,2.932436467683903,70,0.34146341463414637,0.0,0.0,,,,205,158.61017305526647
965,182659,-19438.531551,192,battery_depleted,0,1,0,0,43,1,33,38,36.05551275463989,2.2720230388337086,52,0.2708333333333333,0.0,0.0,,,,192,170.23759005323603
966,182843,-17848.099534,184,battery_depleted,0,1,0,0,13,48,35,6,43.08131845707603,4.331759907442759,38,0.20652173913043478,0.0,0.0,,,,184,178.30865786510157
967,183034,-19194.478714,191,battery_depleted,0,1,0,0,4,44,38,21,31.827660925679098,9.221090577868488,45,0.2356020942408377,0.0,0.0,,,,191,174.16652224137061
968,183215,-17339.240898,181,battery_depleted,0,1,0,0,40,33,11,13,41.86884283091664,-6.64101292329957,33,0.18232044198895028,0.0,0.0,,,,181,181.13708498984778
969,183394,-16916.981748,179,battery_depleted,0,1,0,0,44,41,40,6,36.05551275463989,-0.827682847022821,24,0.1340782122905028,0.0,0.0,,,,179,187.3086578651016
970,183616,-25938.077846,222,battery_depleted,0,1,0,0,9,7,15,37,33.54101966249684,-2.946902580940133,116,0.5225225225225225,0.0,0.0,,,,222,131.2670273047587
971,183807,-19170.090693,191,battery_depleted,0,1,0,0,33,5,11,49,38.897300677553446,10.29619482744193,42,0.2198952879581152,0.0,0.0,,,,191,175.50966799187816
972,183997,-19023.316919,190,battery_depleted,0,1,0,0,46,12,5,34,48.54894437575342,-2.019383879226055,42,0.22105263157894736,0.0,0.0,,,,190,176.99494936611674
973,184170,-15833.076318,173,battery_depleted,0,1,0,0,43,38,3,49,51.03920062069938,-9.5542635953163,10,0.057803468208092484,0.0,0.0,,,,173,194.89444430272852
974,184357,-18424.017492,187,battery_depleted,0,1,0,0,1,40,22,5,32.57299494980466,8.24366831411244,39,0.20855614973262032,0.0,0.0,,,,187,177.40916292848988
975,184535,-16658.829596,178,battery_depleted,0,1,0,0,49,41,20,21,23.430749027719962,11.79708087989711,26,0.14606741573033707,0.0,0.0,,,,178,185.96551211459402
976,184729,-19794.491482,194,battery_depleted,0,1,0,0,48,8,11,12,30.083217912982647,7.132370218874144,50,0.25773195876288657,0.0,0.0,,,,194,170.50966799187813
977,184913,-17822.553833,184,battery_depleted,0,1,0,0,7,43,39,24,27.294688127912362,9.920900003944428,36,0.1956521739130435,0.0,0.0,,,,184,181.13708498984775
978,185098,-18039.374896,185,battery_depleted,0,1,0,0,1,26,37,30,34.52535300326414,1.6961875492855327,33,0.1783783783783784,0.0,0.0,,,,185,180.9949493661168
979,185272,-15921.432368,174,battery_depleted,0,1,0,0,42,37,16,6,25.612496949731394,14.847359698556424,23,0.13218390804597702,0.0,0.0,,,,174,186.6223663640864
980,185446,-15922.766428,174,battery_depleted,0,1,0,0,46,49,5,31,32.7566787083184,12.020547646157823,19,0.10919540229885058,0.0,0.0,,,,174,189.37972567696704
981,185630,-17842.824839,184,battery_depleted,0,1,0,0,20,15,31,49,28.284271247461902,7.450865522949371,35,0.19021739130434784,0.0,0.0,,,,184,180.48023074035544
982,185799,-14972.978157,169,battery_depleted,0,1,0,0,44,39,40,2,16.0312195418814,21.184368589975392,8,0.047337278106508875,0.0,0.0,,,,169,196.20815280171337
983,185971,-15524.731596,172,battery_depleted,0,1,0,0,43,36,2,48,26.1725046566048,16.547514069982853,9,0.05232558139534884,0.0,0.0,,,,172,195.72287142747467
984,186165,-19864.570048,194,battery_depleted,0,1,0,0,27,44,22,11,29.966648127543394,3.4099904090138793,58,0.29896907216494845,0.0,0.0,,,,194,166.6518036156092
985,186376,-23448.855723,211,battery_depleted,0,1,0,0,25,9,13,39,27.65863337187866,4.652355470928359,77,0.36492890995260663,0.0,0.0,,,,211,155.95331880577407
986,186556,-17109.873815,180,battery_depleted,0,1,0,0,8,48,42,26,39.21734310225516,1.2795703603780169,32,0.17777777777777778,0.0,0.0,,,,180,181.96551211459393
987,186752,-20236.884859,196,battery_depleted,0,1,0,0,49,0,25,23,27.018512172212592,6.223028104976731,58,0.29591836734693877,0.0,0.0,,,,196,165.75230867899745
988,186942,-19038.302122,190,battery_depleted,0,1,0,0,45,4,27,35,35.608987629529715,0.23790902834012684,38,0.2,0.0,0.0,,,,190,179.75230867899757
989,187127,-18003.139729,185,battery_depleted,0,1,0,0,18,10,26,49,28.071337695236398,11.740720779552365,40,0.21621621621621623,0.0,0.0,,,,185,177.30865786510157
990,187296,-15015.551133,169,battery_depleted,0,1,0,0,47,35,9,45,25.019992006393608,14.27377340238339,12,0.07100591715976332,0.0,0.0,,,,169,194.69343417595186
991,187505,-22973.073111,209,battery_depleted,0,1,0,0,5,11,49,8,41.10960958218893,2.992544560210959,87,0.41626794258373206,0.0,0.0,,,,209,149.75230867899734
992,187699,-19795.708119,194,battery_depleted,0,1,0,0,46,1,24,46,45.31004303683677,4.77987610863601,45,0.23195876288659795,0.0,0.0,,,,194,174.26702730475887
993,187893,-19883.083752,194,battery_depleted,0,1,0,0,11,40,43,0,55.86591089385369,-4.640916994390899,55,0.28350515463917525,0.0,0.0,,,,194,167.9949493661167
994,188075,-17464.972018,182,battery_depleted,0,1,0,0,8,34,46,3,44.82186966202994,4.218929678926976,32,0.17582417582417584,0.0,0.0,,,,182,181.48023074035535
995,188255,-17081.04262,180,battery_depleted,0,1,0,0,21,40,17,2,31.400636936215164,6.809309412870434,27,0.15,0.0,0.0,,,,180,184.8944443027285
996,188466,-23372.286878,211,battery_depleted,0,1,0,0,2,10,42,4,25.079872407968907,15.367624424344463,90,0.4265402843601896,0.0,0.0,,,,211,147.50966799187808
997,188665,-20804.062598,199,battery_depleted,0,1,0,0,3,25,39,13,28.0178514522438,9.929480469776752,64,0.32160804020100503,0.0,0.0,,,,199,163.16652224137056
998,188835,-15151.674926,170,battery_depleted,0,1,0,0,45,33,14,41,7.615773105863909,24.399848081300334,13,0.07647058823529412,0.0,0.0,,,,170,193.4507934888326
999,189010,-16197.852243,175,battery_depleted,0,1,0,0,29,27,44,0,35.35533905932738,-4.468448636366375,20,0.11428571428571428,0.0,0.0,,,,175,191.03657992645952
1000,189208,-20629.323294,198,battery_depleted,0,1,0,0,4,12,34,31,26.627053911388696,8.88350789774071,65,0.3282828282828283,0.0,0.0,,,,198,161.5807358037436
1001,189398,-19018.306703,190,battery_depleted,0,1,0,0,5,48,35,21,38.28837943815329,2.0724927030678373,47,0.24736842105263157,0.0,0.0,,,,190,172.82337649086293
1002,189585,-18475.80895,187,battery_depleted,0,1,0,0,23,41,34,2,45.09988913511872,-4.578289956409101,43,0.22994652406417113,0.0,0.0,,,,187,175.48023074035535
1003,189758,-15776.253044,173,battery_depleted,0,1,0,0,38,41,22,6,34.66987164671943,3.813891163068284,15,0.08670520231213873,0.0,0.0,,,,173,193.20815280171325
1004,189946,-18635.723617,188,battery_depleted,0,1,0,0,45,0,38,34,28.0,6.713109915419565,45,0.2393617021276596,0.0,0.0,,,,188,174.48023074035535
1005,190147,-21260.0616,201,battery_depleted,0,1,0,0,29,1,49,34,36.40054944640259,2.187013316746885,64,0.31840796019900497,0.0,0.0,,,,201,163.92388155425124
1006,190355,-22819.936114,208,battery_depleted,0,1,0,0,0,18,48,26,47.67598976424087,0.9861104781448873,84,0.40384615384615385,0.0,0.0,,,,208,150.09545442950497
1007,190542,-18417.995935,187,battery_depleted,0,1,0,0,25,49,33,13,30.870698080866262,6.007479748305286,42,0.22459893048128343,0.0,0.0,,,,187,174.82337649086298
1008,190735,-19602.776868,193,battery_depleted,0,1,0,0,9,42,44,30,33.24154027718932,3.7584597228106773,47,0.24352331606217617,0.0,0.0,,,,193,172.50966799187816
1009,190929,-19862.733998,194,battery_depleted,0,1,0,0,17,47,49,5,53.41348144429457,-0.6119663145182273,59,0.30412371134020616,0.0,0.0,,,,194,166.48023074035535
1010,191144,-24321.413381,215,battery_depleted,0,1,0,0,8,8,10,43,32.0624390837628,2.9946572021534124,92,0.42790697674418604,0.0,0.0,,,,215,148.68124086713186
1011,191333,-18798.183267,189,battery_depleted,0,1,0,0,26,40,21,4,29.068883707497267,7.276679983275226,42,0.2222222222222222,0.0,0.0,,,,189,175.58073580374366
1012,191565,-28268.660475,232,battery_depleted,0,1,0,0,4,6,16,35,36.24913792078372,-4.864428267833286,124,0.5344827586206896,0.0,0.0,,,,232,125.811183182043
1013,191758,-19647.511313,193,battery_depleted,0,1,0,0,46,7,7,5,37.013511046643494,2.037737332889776,48,0.24870466321243523,0.0,0.0,,,,193,172.33809511662434
1014,191958,-21030.552408,200,battery_depleted,0,1,0,0,33,1,21,48,42.190046219457976,6.317685123081638,59,0.295,0.0,0.0,,,,200,165.85281374238576
1015,192152,-19753.710825,194,battery_depleted,0,1,0,0,44,33,14,21,16.278820596099706,16.032168246707315,48,0.24742268041237114,0.0,0.0,,,,194,172.09545442950505
1016,192360,-22789.02299,208,battery_depleted,0,1,0,0,1,10,41,11,38.48376280978771,1.528735237697397,86,0.41346153846153844,0.0,0.0,,,,208,150.99494936611669
1017,192550,-19034.530008,190,battery_depleted,0,1,0,0,41,12,7,34,39.05124837953327,1.4456650830999038,40,0.21052631578947367,0.0,0.0,,,,190,178.58073580374366
1018,192742,-19456.253188,192,battery_depleted,0,1,0,0,41,17,7,45,51.85556864985669,-7.810137558766215,47,0.24479166666666666,0.0,0.0,,,,192,171.50966799187813
1019,192955,-23935.68712,213,battery_depleted,0,1,0,0,13,8,48,21,36.89173349139343,0.44457591379551076,98,0.460093896713615,0.0,0.0,,,,213,142.33809511662426
1020,193143,-18593.750819,188,battery_depleted,0,1,0,0,16,17,4,47,22.847319317591726,9.463669525215295,39,0.2074468085106383,0.0,0.0,,,,188,177.58073580374366
1021,193315,-15579.757283,172,battery_depleted,0,1,0,0,42,44,3,16,40.36087214122113,7.649543395410085,14,0.08139534883720931,0.0,0.0,,,,172,193.62236636408642
1022,193511,-20220.062995,196,battery_depleted,0,1,0,0,5,49,8,11,35.12833614050059,2.989900964591243,53,0.27040816326530615,0.0,0.0,,,,196,167.8528137423858
1023,193736,-26607.707266,225,battery_depleted,0,1,0,0,33,3,27,43,42.7551166528639,-2.307619820550528,111,0.49333333333333335,0.0,0.0,,,,225,133.05382386916227
1024,193924,-18669.439232,188,battery_depleted,0,1,0,0,23,4,34,33,36.24913792078372,-5.233013082242071,43,0.22872340425531915,0.0,0.0,,,,188,175.2375900532361
1025,194108,-17855.676316,184,battery_depleted,0,1,0,0,46,28,7,3,42.80186911806539,3.5230701695364885,36,0.1956521739130435,0.0,0.0,,,,184,181.13708498984778
1026,194303,-20036.004841,195,battery_depleted,0,1,0,0,16,10,31,44,31.622776601683793,5.539031750440298,54,0.27692307692307694,0.0,0.0,,,,195,169.99494936611677
1027,194532,-27599.560726,229,battery_depleted,0,1,0,0,0,11,49,1,40.26164427839479,9.748354721805157,121,0.5283842794759825,0.0,0.0,,,,229,128.71067811865467
1028,194739,-22602.959651,207,battery_depleted,0,1,0,0,34,6,19,36,41.88078318274385,-8.339763520247004,79,0.38164251207729466,0.0,0.0,,,,207,154.09545442950503
1029,194958,-25241.76864,219,battery_depleted,0,1,0,0,6,11,41,42,42.37924020083418,4.375438709409657,95,0.4337899543378995,0.0,0.0,,,,219,146.36753236814707
1030,195159,-21295.544344,201,battery_depleted,0,1,0,0,44,0,18,31,39.6232255123179,0.8366311359699168,63,0.31343283582089554,0.0,0.0,,,,201,166.5807358037436
1031,195345,-18272.820932,186,battery_depleted,0,1,0,0,7,45,43,12,53.41348144429457,-4.57701965599545,37,0.1989247311827957,0.0,0.0,,,,186,178.40916292848982
1032,195521,-16314.343333,176,battery_depleted,0,1,0,0,46,44,28,20,20.0,10.0,26,0.14772727272727273,0.0,0.0,,,,176,187.2792206135788
1033,195721,-20986.616418,200,battery_depleted,0,1,0,0,49,15,12,19,22.47220505424423,14.74338307761256,66,0.33,0.0,0.0,,,,200,160.50966799187813
1034,195895,-15970.427031,174,battery_depleted,0,1,0,0,42,49,6,44,35.6931365951495,0.6524270956229969,13,0.07471264367816093,0.0,0.0,,,,174,194.13708498984786
1035,196097,-21514.852141,202,battery_depleted,0,1,0,0,38,12,0,29,50.15974481593781,-8.530428222940515,68,0.33663366336633666,0.0,0.0,,,,202,160.09545442950503
1036,196298,-21284.587426,201,battery_depleted,0,1,0,0,13,36,49,14,30.870698080866262,11.319348138591714,75,0.373134328358209,0.0,0.0,,,,201,154.58073580374358
1037,196510,-23655.183479,212,battery_depleted,0,1,0,0,9,9,34,32,28.284271247461902,5.686304255464158,98,0.46226415094339623,0.0,0.0,,,,212,142.16652224137044
1038,196706,-20276.804193,196,battery_depleted,0,1,0,0,23,36,3,12,39.35733730830886,-8.116338604682241,53,0.27040816326530615,0.0,0.0,,,,196,168.68124086713195
1039,196901,-20024.658287,195,battery_depleted,0,1,0,0,42,4,7,14,33.24154027718932,3.1590091692132702,52,0.26666666666666666,0.0,0.0,,,,195,169.92388155425124
1040,197114,-23911.001287,213,battery_depleted,0,1,0,0,3,21,20,49,32.38826948140329,0.36840922691510514,92,0.431924882629108,0.0,0.0,,,,213,146.2670273047588
1041,197306,-19429.587631,192,battery_depleted,0,1,0,0,6,49,12,15,34.48187929913333,0.04347370413080398,46,0.23958333333333334,0.0,0.0,,,,192,171.26702730475895
1042,197511,-22123.999798,205,battery_depleted,0,1,0,0,2,6,18,43,39.05124837953327,1.2600403619594758,84,0.4097560975609756,0.0,0.0,,,,205,151.23759005323595
1043,197692,-17295.362454,181,battery_depleted,0,1,0,0,12,28,44,13,38.600518131237564,-3.2593240370929806,23,0.1270718232044199,0.0,0.0,,,,181,187.40916292848993
1044,197878,-18290.192061,186,battery_depleted,0,1,0,0,15,27,47,31,34.713109915419565,-2.4640789222253687,42,0.22580645161290322,0.0,0.0,,,,186,175.06601717798227
1045,198078,-21006.535665,200,battery_depleted,0,1,0,0,39,7,3,0,19.313207915827967,17.36103372595653,65,0.325,0.0,0.0,,,,200,161.09545442950508
1046,198287,-22960.054828,209,battery_depleted,0,1,0,0,4,4,31,32,30.23243291566195,8.664867761891497,87,0.41626794258373206,0.0,0.0,,,,209,148.09545442950497
1047,198467,-17074.452709,180,battery_depleted,0,1,0,0,40,17,41,48,24.0,7.016124838541646,28,0.15555555555555556,0.0,0.0,,,,180,184.30865786510162
1048,198674,-22562.031706,207,battery_depleted,0,1,0,0,16,8,48,14,26.832815729997478,5.724825462201935,79,0.38164251207729466,0.0,0.0,,,,207,155.33809511662432
1049,198857,-17623.675266,183,battery_depleted,0,1,0,0,1,35,38,14,33.015148038438355,9.528946733926944,34,0.18579234972677597,0.0,0.0,,,,183,181.7228714274746
1050,199056,-20883.702156,199,battery_depleted,0,1,0,0,43,5,9,24,43.266615305567875,-4.31793111726698,57,0.2864321608040201,0.0,0.0,,,,199,165.61017305526653
1051,199243,-18400.43799,187,battery_depleted,0,1,0,0,29,45,10,3,37.69615364994153,8.40156863652291,39,0.20855614973262032,0.0,0.0,,,,187,177.823376490863
1052,199433,-18944.278851,190,battery_depleted,0,1,0,0,37,0,18,41,25.495097567963924,19.69339654281609,43,0.22631578947368422,0.0,0.0,,,,190,176.40916292848993
1053,199650,-24783.208533,217,battery_depleted,0,1,0,0,28,22,2,0,30.4138126514911,3.644960080361706,104,0.4792626728110599,0.0,0.0,,,,217,138.68124086713183
1054,199846,-20210.513768,196,battery_depleted,0,1,0,0,40,48,21,16,30.528675044947494,6.686913086909296,52,0.2653061224489796,0.0,0.0,,,,196,169.26702730475887
1055,200019,-15829.288777,173,battery_depleted,0,1,0,0,7,46,34,25,38.600518131237564,-4.395255378263421,21,0.12138728323699421,0.0,0.0,,,,173,189.2792206135788
1056,200215,-20229.976287,196,battery_depleted,0,1,0,0,24,36,4,13,24.166091947189145,6.3134093610671975,54,0.2755102040816326,0.0,0.0,,,,196,168.09545442950508
1057,200428,-23848.304988,213,battery_depleted,0,1,0,0,40,7,24,42,31.76476034853718,6.719002461250533,88,0.4131455399061033,0.0,0.0,,,,213,150.2670273047588
1058,200629,-21288.565901,201,battery_depleted,0,1,0,0,26,1,46,46,44.294469180700204,4.949819828280319,72,0.3582089552238806,0.0,0.0,,,,201,157.1665222413705
1059,200853,-26430.32589,224,battery_depleted,0,1,0,0,16,8,23,45,42.720018726587654,-5.06367795906219,109,0.48660714285714285,0.0,0.0,,,,224,136.53910524340088
1060,201027,-15926.944614,174,battery_depleted,0,1,0,0,49,16,10,36,35.73513677041127,8.094077231210981,12,0.06896551724137931,0.0,0.0,,,,174,194.30865786510162
1061,201195,-14930.416862,168,battery_depleted,0,1,0,0,30,41,15,14,34.20526275297414,-3.3183723300131405,12,0.07142857142857142,0.0,0.0,,,,168,194.9360748630712
1062,201378,-17663.112543,183,battery_depleted,0,1,0,0,21,48,42,4,49.193495504995376,-0.43900853199975387,27,0.14754098360655737,0.0,0.0,,,,183,184.58073580374375
1063,201564,-18274.31989,186,battery_depleted,0,1,0,0,5,26,49,10,48.54894437575342,-1.730144732874919,47,0.25268817204301075,0.0,0.0,,,,186,172.13708498984772
1064,201749,-17985.300869,185,battery_depleted,0,1,0,0,48,39,12,15,30.610455730027933,12.656159575539942,32,0.17297297297297298,0.0,0.0,,,,185,182.82337649086298
1065,201956,-22620.737076,207,battery_depleted,0,1,0,0,27,32,26,1,44.40720662234904,-13.39108178380739,78,0.37681159420289856,0.0,0.0,,,,207,155.09545442950503
1066,202151,-20042.600401,195,battery_depleted,0,1,0,0,41,12,19,38,33.54101966249684,0.5177530693559618,47,0.24102564102564103,0.0,0.0,,,,195,172.4386001800127
1067,202362,-23452.975322,211,battery_depleted,0,1,0,0,10,20,42,0,38.01315561749642,-0.2772310892700105,91,0.4312796208530806,0.0,0.0,,,,211,149.40916292848974
1068,202543,-17279.900968,181,battery_depleted,0,1,0,0,10,32,33,6,31.400636936215164,3.3124729792044008,30,0.16574585635359115,0.0,0.0,,,,181,184.13708498984778
1069,202760,-24709.983213,217,battery_depleted,0,1,0,0,16,5,1,43,25.079872407968907,15.773524023662084,95,0.4377880184331797,0.0,0.0,,,,217,143.53910524340097
1070,202933,-15804.984458,173,battery_depleted,0,1,0,0,42,41,29,1,44.40720662234904,-2.347724932722855,13,0.07514450867052024,0.0,0.0,,,,173,193.55129855222094
1071,203124,-19218.159719,191,battery_depleted,0,1,0,0,33,13,7,45,35.0,6.231056256176608,48,0.2513089005235602,0.0,0.0,,,,191,172.82337649086296
1072,203294,-15220.784508,170,battery_depleted,0,1,0,0,43,16,7,30,32.14031735997639,6.48609847167954,8,0.047058823529411764,0.0,0.0,,,,170,197.20815280171328
1073,203478,-17878.097076,184,battery_depleted,0,1,0,0,45,4,4,6,40.0,1.0487515035475852,35,0.19021739130434784,0.0,0.0,,,,184,179.65180361560917
1074,203660,-17500.573805,182,battery_depleted,0,1,0,0,42,35,23,7,41.10960958218893,-7.271760950811668,30,0.16483516483516483,0.0,0.0,,,,182,183.06601717798225
1075,203853,-19570.330304,193,battery_depleted,0,1,0,0,6,14,49,44,34.40930106817051,18.021605847502812,54,0.27979274611398963,0.0,0.0,,,,193,168.82337649086298
1076,204040,-18460.650198,187,battery_depleted,0,1,0,0,20,36,7,2,37.12142238654117,-0.7208729401385767,39,0.20855614973262032,0.0,0.0,,,,187,178.2375900532361
1077,204241,-21209.482092,201,battery_depleted,0,1,0,0,7,5,46,29,25.495097567963924,20.29791499945732,64,0.31840796019900497,0.0,0.0,,,,201,163.50966799187813
1078,204437,-20225.444772,196,battery_depleted,0,1,0,0,19,0,18,39,34.058772731852805,4.954045674409514,56,0.2857142857142857,0.0,0.0,,,,196,167.33809511662432
1079,204623,-18227.880204,186,battery_depleted,0,1,0,0,30,7,48,42,34.9857113690718,4.371625939237056,34,0.1827956989247312,0.0,0.0,,,,186,180.58073580374372
1080,204808,-18085.177477,185,battery_depleted,0,1,0,0,21,12,7,47,39.96248240537617,-2.2663287554346425,33,0.1783783783783784,0.0,0.0,,,,185,181.8233764908631
1081,205011,-21715.577369,203,battery_depleted,0,1,0,0,6,41,23,5,38.07886552931954,1.73319294546922,72,0.35467980295566504,0.0,0.0,,,,203,159.16652224137053
1082,205189,-16679.603607,178,battery_depleted,0,1,0,0,47,41,26,13,27.784887978899608,7.215112021100392,23,0.12921348314606743,0.0,0.0,,,,178,187.3086578651016
1083,205370,-17289.7025,181,battery_depleted,0,1,0,0,14,31,39,3,37.53664875824692,0.0,29,0.16022099447513813,0.0,0.0,,,,181,182.6518036156092
1084,205546,-16378.495541,176,battery_depleted,0,1,0,0,36,33,0,16,40.0,-0.18794152521123664,25,0.14204545454545456,0.0,0.0,,,,176,187.4507934888326
1085,205725,-16882.047275,179,battery_depleted,0,1,0,0,32,35,44,4,30.01666203960727,3.224878237582054,24,0.1340782122905028,0.0,0.0,,,,179,186.8944443027285
1086,205930,-22140.052627,205,battery_depleted,0,1,0,0,0,16,32,10,26.0,6.557641192199412,79,0.3853658536585366,0.0,0.0,,,,205,155.82337649086287
1087,206160,-27761.364056,230,battery_depleted,0,1,0,0,7,3,48,35,45.27692569068709,6.732688805096288,131,0.5695652173913044,0.0,0.0,,,,230,122.19595949289321
1088,206349,-18838.937963,189,battery_depleted,0,1,0,0,7,36,37,32,20.09975124224178,10.165740658601333,46,0.24338624338624337,0.0,0.0,,,,189,173.23759005323606
1089,206540,-19195.27356,191,battery_depleted,0,1,0,0,8,19,37,41,25.059928172283335,11.340621274119258,50,0.2617801047120419,0.0,0.0,,,,191,169.9949493661167
1090,206734,-19844.609683,194,battery_depleted,0,1,0,0,40,2,37,43,42.190046219457976,-1.0804366372690453,49,0.25257731958762886,0.0,0.0,,,,194,171.9238815542513
1091,206929,-20063.328259,195,battery_depleted,0,1,0,0,30,10,19,39,34.713109915419565,-3.696985076877919,52,0.26666666666666666,0.0,0.0,,,,195,170.3380951166243
1092,207114,-18038.7325,185,battery_depleted,0,1,0,0,47,14,13,28,36.76955262170047,0.0,35,0.1891891891891892,0.0,0.0,,,,185,179.82337649086304
1093,207294,-17079.88901,180,battery_depleted,0,1,0,0,18,45,31,11,28.0178514522438,8.382697994158793,31,0.17222222222222222,0.0,0.0,,,,180,182.55129855222086
1094,207510,-24573.891667,216,battery_depleted,0,1,0,0,20,5,40,33,34.40930106817051,0.0,98,0.4537037037037037,0.0,0.0,,,,216,143.6812408671319
1095,207707,-20435.073596,197,battery_depleted,0,1,0,0,8,36,40,27,29.154759474226502,4.086780802962821,63,0.3197969543147208,0.0,0.0,,,,197,164.237590053236
1096,207909,-21537.294501,202,battery_depleted,0,1,0,0,4,16,29,45,38.2099463490856,0.07843308906769408,64,0.31683168316831684,0.0,0.0,,,,202,163.681240867132
1097,208093,-17863.950155,184,battery_depleted,0,1,0,0,12,24,45,3,38.41874542459709,0.6964690066187984,33,0.1793478260869565,0.0,0.0,,,,184,182.89444430272846
1098,208309,-24547.568798,216,battery_depleted,0,1,0,0,3,7,42,37,53.075418038862395,-3.871759638292218,96,0.4444444444444444,0.0,0.0,,,,216,140.7106781186547
1099,208482,-15753.766108,173,battery_depleted,0,1,0,0,40,39,29,10,22.360679774997898,8.655445063543748,10,0.057803468208092484,0.0,0.0,,,,173,195.7228714274748
1100,208665,-17609.612409,183,battery_depleted,0,1,0,0,49,49,0,38,40.0,10.219518117958877,34,0.18579234972677597,0.0,0.0,,,,183,180.8944443027285
1101,208845,-17100.423918,180,battery_depleted,0,1,0,0,19,4,31,46,41.10960958218893,2.5710497534941794,31,0.17222222222222222,0.0,0.0,,,,180,182.55129855222086
1102,209033,-18631.291246,188,battery_depleted,0,1,0,0,46,45,9,9,48.104053883222775,3.5195841133384533,41,0.21808510638297873,0.0,0.0,,,,188,177.65180361560923
1103,209223,-19037.070854,190,battery_depleted,0,1,0,0,19,39,38,1,35.4682957019364,7.0169958705596045,51,0.26842105263157895,0.0,0.0,,,,190,169.65180361560917
1104,209412,-18707.463315,189,battery_depleted,0,1,0,0,32,48,5,26,10.63014581273465,24.198003721801346,38,0.20105820105820105,0.0,0.0,,,,189,178.75230867899745
1105,209613,-21288.390604,201,battery_depleted,0,1,0,0,38,10,30,43,32.55764119219941,1.3982125004998807,64,0.31840796019900497,0.0,0.0,,,,201,162.68124086713198
1106,209801,-18610.364622,188,battery_depleted,0,1,0,0,23,44,0,19,21.0,12.97057550292606,45,0.2393617021276596,0.0,0.0,,,,188,173.6518036156092
1107,210004,-21671.776698,203,battery_depleted,0,1,0,0,47,49,16,16,43.93176527297759,1.3451604177094936,67,0.33004926108374383,0.0,0.0,,,,203,160.02438661763955
1108,210203,-20816.862545,199,battery_depleted,0,1,0,0,6,27,40,15,28.231188426986208,7.8243243276536845,61,0.3065326633165829,0.0,0.0,,,,199,165.7523086789975
1109,210400,-20417.171696,197,battery_depleted,0,1,0,0,47,49,18,11,36.05551275463989,11.746160856228585,63,0.3197969543147208,0.0,0.0,,,,197,162.5807358037437
1110,210599,-20918.758829,199,battery_depleted,0,1,0,0,35,8,0,47,53.03772242470448,-0.6354323984088666,60,0.3015075376884422,0.0,0.0,,,,199,166.33809511662432
1111,210793,-19775.13475,194,battery_depleted,0,1,0,0,20,13,43,38,19.924858845171276,14.045716657754785,54,0.27835051546391754,0.0,0.0,,,,194,170.23759005323603
1112,210984,-19232.042139,191,battery_depleted,0,1,0,0,9,31,21,2,29.732137494637012,1.6525721583134185,50,0.2617801047120419,0.0,0.0,,,,191,172.48023074035538
1113,211164,-17060.558418,180,battery_depleted,0,1,0,0,25,1,1,35,35.608987629529715,6.008316463839911,24,0.13333333333333333,0.0,0.0,,,,180,186.65180361560923
1114,211360,-20207.601896,196,battery_depleted,0,1,0,0,15,49,35,12,35.805027579936315,6.254454109689867,55,0.28061224489795916,0.0,0.0,,,,196,168.3380951166243
1115,211547,-18403.848915,187,battery_depleted,0,1,0,0,4,23,42,38,36.05551275463989,4.797883676991098,36,0.1925133689839572,0.0,0.0,,,,187,179.9949493661168
1116,211733,-18362.057776,186,battery_depleted,0,1,0,0,15,31,29,2,44.598206241955516,-12.395721865746282,47,0.25268817204301075,0.0,0.0,,,,186,171.72287142747462
1117,211955,-26061.384086,222,battery_depleted,0,1,0,0,5,10,14,49,37.33630940518894,2.6886827871900607,107,0.481981981981982,0.0,0.0,,,,222,134.4680374315354
1118,212144,-18802.812611,189,battery_depleted,0,1,0,0,3,26,28,7,21.540659228538015,9.85997770767715,43,0.2275132275132275,0.0,0.0,,,,189,174.99494936611677
1119,212332,-18629.881102,188,battery_depleted,0,1,0,0,24,5,47,46,46.57252408878007,0.4381130053925659,38,0.20212765957446807,0.0,0.0,,,,188,178.58073580374378
1120,212511,-16832.582535,179,battery_depleted,0,1,0,0,5,35,42,23,21.633307652783937,17.26399302476951,27,0.15083798882681565,0.0,0.0,,,,179,184.7228714274747
1121,212750,-29926.6747,239,battery_depleted,0,1,0,0,35,0,30,42,32.7566787083184,9.539893256794805,141,0.5899581589958159,0.0,0.0,,,,239,116.22539674441609
1122,212929,-16893.973617,179,battery_depleted,0,1,0,0,9,43,20,8,34.20526275297414,2.482609902714138,24,0.1340782122905028,0.0,0.0,,,,179,186.89444430272852
1123,213138,-23027.036738,209,battery_depleted,0,1,0,0,35,2,4,15,37.69615364994153,-4.080681021998309,80,0.3827751196172249,0.0,0.0,,,,209,151.36753236814707
1124,213338,-21087.525871,200,battery_depleted,0,1,0,0,1,15,42,1,38.07886552931954,5.245492515549394,64,0.32,0.0,0.0,,,,200,164.5807358037437
1125,213529,-19262.523925,191,battery_depleted,0,1,0,0,7,34,31,14,36.124783736376884,-4.883785032750268,48,0.2513089005235602,0.0,0.0,,,,191,171.1665222413706
1126,213692,-14018.548427,163,battery_depleted,0,1,0,0,39,46,49,6,36.6742416417845,4.55681461439211,1,0.006134969325153374,0.0,0.0,,,,163,202.17871555019053
1127,213875,-17633.751609,183,battery_depleted,0,1,0,0,17,39,32,12,21.93171219946131,8.955178223499694,33,0.18032786885245902,0.0,0.0,,,,183,182.7228714274747
1128,214091,-24552.974519,216,battery_depleted,0,1,0,0,4,3,40,43,51.73973328110612,2.0747629071887204,102,0.4722222222222222,0.0,0.0,,,,216,141.75230867899734
1129,214307,-24554.559046,216,battery_depleted,0,1,0,0,29,9,27,41,39.05124837953327,-6.988809295770473,94,0.4351851851851852,0.0,0.0,,,,216,143.12489168102783
1130,214489,-17477.031233,182,battery_depleted,0,1,0,0,15,38,4,7,34.17601498127012,-1.2822465744730707,32,0.17582417582417584,0.0,0.0,,,,182,181.48023074035538
1131,214661,-15566.580452,172,battery_depleted,0,1,0,0,46,31,0,39,37.64306044943742,9.047409670277588,9,0.05232558139534884,0.0,0.0,,,,172,196.13708498984778
1132,214842,-17261.547612,181,battery_depleted,0,1,0,0,17,47,44,24,29.698484809834994,5.769810892101404,32,0.17679558011049723,0.0,0.0,,,,181,181.72287142747464
1133,215032,-19090.825725,190,battery_depleted,0,1,0,0,25,7,2,29,33.61547262794322,-1.787811702264122,46,0.24210526315789474,0.0,0.0,,,,190,174.23759005323606
1134,215230,-20645.997583,198,battery_depleted,0,1,0,0,3,46,34,1,54.20332093147061,0.44098343778639304,61,0.30808080808080807,0.0,0.0,,,,198,163.09545442950503
1135,215408,-16743.159737,178,battery_depleted,0,1,0,0,42,20,34,49,34.539832078341085,-4.456614165358438,24,0.1348314606741573,0.0,0.0,,,,178,187.1370849898478
1136,215593,-18097.769223,185,battery_depleted,0,1,0,0,47,5,19,45,52.478567053607705,-3.6523445906728966,37,0.2,0.0,0.0,,,,185,178.65180361560917
1137,215786,-19605.058631,193,battery_depleted,0,1,0,0,25,0,44,31,27.80287754891569,8.556440376479998,53,0.27461139896373055,0.0,0.0,,,,193,168.58073580374366
1138,215967,-17322.114974,181,battery_depleted,0,1,0,0,12,35,34,10,39.59797974644666,-6.296328135753235,32,0.17679558011049723,0.0,0.0,,,,181,182.13708498984778
1139,216140,-15781.101992,173,battery_depleted,0,1,0,0,39,40,14,18,33.421549934136806,-0.1198983234433797,7,0.04046242774566474,0.0,0.0,,,,173,196.65180361560923
1140,216337,-20425.073425,197,battery_depleted,0,1,0,0,0,3,49,30,46.14108798023731,9.805314942560152,70,0.3553299492385787,0.0,0.0,,,,197,156.8233764908629
1141,216513,-16337.998566,176,battery_depleted,0,1,0,0,10,38,44,20,33.015148038438355,5.455620084904332,22,0.125,0.0,0.0,,,,176,188.7939392393402
1142,216712,-20901.682838,199,battery_depleted,0,1,0,0,24,17,48,47,39.59797974644666,-1.1792343218495702,64,0.32160804020100503,0.0,0.0,,,,199,161.92388155425124
1143,216902,-19072.275882,190,battery_depleted,0,1,0,0,2,41,32,11,42.5205832509386,-0.09417637974574689,52,0.2736842105263158,0.0,0.0,,,,190,169.48023074035535
1144,217105,-21734.324804,203,battery_depleted,0,1,0,0,9,19,40,41,41.88078318274385,-3.8676275652474246,72,0.35467980295566504,0.0,0.0,,,,203,159.9949493661167
1145,217283,-16706.830526,178,battery_depleted,0,1,0,0,41,14,5,43,44.294469180700204,1.9332281446046764,22,0.12359550561797752,0.0,0.0,,,,178,188.72287142747467
1146,217466,-17695.881241,183,battery_depleted,0,1,0,0,45,46,13,23,42.80186911806539,-3.393748127589326,41,0.22404371584699453,0.0,0.0,,,,183,178.03657992645944
1147,217652,-18306.584301,186,battery_depleted,0,1,0,0,45,13,5,49,63.12685640834652,-9.31236022005168,37,0.1989247311827957,0.0,0.0,,,,186,180.48023074035538
1148,217852,-21147.166852,200,battery_depleted,0,1,0,0,11,17,9,48,38.91015291668744,-7.845703782669304,70,0.35,0.0,0.0,,,,200,160.237590053236
1149,218032,-17060.689532,180,battery_depleted,0,1,0,0,36,39,20,5,26.68332812825267,10.893260327859203,27,0.15,0.0,0.0,,,,180,185.72287142747473
1150,218246,-24115.469543,214,battery_depleted,0,1,0,0,37,10,24,49,38.600518131237564,2.5090914509513667,92,0.42990654205607476,0.0,0.0,,,,214,146.8528137423857
1151,218449,-21762.246898,203,battery_depleted,0,1,0,0,3,16,32,7,31.25699921617557,-0.8925463147976167,69,0.3399014778325123,0.0,0.0,,,,203,158.4386001800126
1152,218647,-20621.264622,198,battery_depleted,0,1,0,0,44,4,0,30,46.84015371452148,4.2675756422010735,57,0.2878787878787879,0.0,0.0,,,,198,166.26702730475884
1153,218817,-15188.001635,170,battery_depleted,0,1,0,0,38,41,38,6,23.194827009486403,11.805172990513597,5,0.029411764705882353,0.0,0.0,,,,170,199.79393923934026
1154,218984,-14702.41345,167,battery_depleted,0,1,0,0,41,37,4,31,33.54101966249684,3.9423099654857836,2,0.011976047904191617,0.0,0.0,,,,167,201.03657992645955
1155,219167,-17628.522558,183,battery_depleted,0,1,0,0,42,25,14,45,30.4138126514911,3.9954884166794074,24,0.13114754098360656,0.0,0.0,,,,183,187.16652224137056
1156,219380,-23967.421061,213,battery_depleted,0,1,0,0,9,12,49,31,39.81205847478876,4.471121176180297,96,0.4507042253521127,0.0,0.0,,,,213,143.92388155425115
1157,219572,-19399.503777,192,battery_depleted,0,1,0,0,30,7,0,4,22.02271554554524,8.12691131781743,42,0.21875,0.0,0.0,,,,192,176.50966799187816
1158,219750,-16640.691489,178,battery_depleted,0,1,0,0,45,36,1,28,26.92582403567252,17.795535514323277,21,0.11797752808988764,0.0,0.0,,,,178,188.48023074035538
1159,219935,-18084.351564,185,battery_depleted,0,1,0,0,34,10,3,49,54.20332093147061,-4.383646103146006,38,0.20540540540540542,0.0,0.0,,,,185,178.06601717798227
1160,220124,-18845.913645,189,battery_depleted,0,1,0,0,1,44,40,22,40.311288741492746,4.465937612983474,46,0.24338624338624337,0.0,0.0,,,,189,171.58073580374366
1161,220314,-19044.974698,190,battery_depleted,0,1,0,0,6,43,37,4,52.009614495783374,-2.1899396674587734,44,0.23157894736842105,0.0,0.0,,,,190,176.2375900532361
1162,220513,-20875.68576,199,battery_depleted,0,1,0,0,22,45,4,19,33.60059523282288,-1.9778186311390904,60,0.3015075376884422,0.0,0.0,,,,199,167.99494936611674
1163,220741,-27288.762152,228,battery_depleted,0,1,0,0,6,1,48,12,45.60701700396552,-2.1904303117806947,116,0.5087719298245614,0.0,0.0,,,,228,128.9827560572968
1164,220935,-19776.074485,194,battery_depleted,0,1,0,0,48,15,8,38,33.301651610693426,12.839436369543883,50,0.25773195876288657,0.0,0.0,,,,194,170.50966799187822
1165,221131,-20297.180558,196,battery_depleted,0,1,0,0,34,13,29,45,39.11521443121589,-6.726944949812598,63,0.32142857142857145,0.0,0.0,,,,196,163.65180361560905
1166,221305,-15982.757814,174,battery_depleted,0,1,0,0,34,47,49,1,47.853944456021594,0.529937157590183,21,0.1206896551724138,0.0,0.0,,,,174,187.79393923934018
1167,221503,-20690.151326,198,battery_depleted,0,1,0,0,16,43,5,5,36.05551275463989,3.504568135065071,65,0.3282828282828283,0.0,0.0,,,,198,160.33809511662432
1168,221685,-17472.854329,182,battery_depleted,0,1,0,0,9,47,37,35,31.016124838541646,-0.5530324150860118,31,0.17032967032967034,0.0,0.0,,,,182,182.8944443027285
1169,221893,-22831.612009,208,battery_depleted,0,1,0,0,13,11,7,43,31.38470965295043,1.1729315392489816,72,0.34615384615384615,0.0,0.0,,,,208,157.95331880577407
1170,222087,-19837.820709,194,battery_depleted,0,1,0,0,6,45,42,14,42.80186911806539,4.706024962813423,55,0.28350515463917525,0.0,0.0,,,,194,169.65180361560914
1171,222273,-18233.897994,186,battery_depleted,0,1,0,0,37,37,17,13,25.495097567963924,5.745901135662692,37,0.1989247311827957,0.0,0.0,,,,186,180.06601717798225
1172,222464,-19222.381289,191,battery_depleted,0,1,0,0,3,25,45,19,40.01249804748511,2.413908823707743,49,0.25654450261780104,0.0,0.0,,,,191,173.06601717798233
1173,222652,-18606.051989,188,battery_depleted,0,1,0,0,24,1,10,30,22.02271554554524,10.179768830663996,43,0.22872340425531915,0.0,0.0,,,,188,176.06601717798225
1174,222833,-17267.278969,181,battery_depleted,0,1,0,0,43,19,1,46,50.15974481593781,-0.22979388465810047,24,0.13259668508287292,0.0,0.0,,,,181,186.82337649086304
1175,223020,-18419.620492,187,battery_depleted,0,1,0,0,3,49,31,13,39.824615503479755,5.782401500485761,39,0.20855614973262032,0.0,0.0,,,,187,178.6518036156092
1176,223198,-16653.754449,178,battery_depleted,0,1,0,0,43,48,10,43,22.561028345356956,10.815610191200317,21,0.11797752808988764,0.0,0.0,,,,178,190.13708498984784
1177,223384,-18269.900449,186,battery_depleted,0,1,0,0,5,42,30,16,38.897300677553446,-2.8279230838105818,45,0.24193548387096775,0.0,0.0,,,,186,172.89444430272846
1178,223583,-20915.603816,199,battery_depleted,0,1,0,0,43,6,6,31,50.60632371551998,-5.952096591987761,58,0.2914572864321608,0.0,0.0,,,,199,167.5096679918782
1179,223786,-21719.027628,203,battery_depleted,0,1,0,0,44,46,0,49,44.28317965096906,-0.18102550856917077,73,0.35960591133004927,0.0,0.0,,,,203,157.3380951166243
1180,223958,-15642.120321,172,battery_depleted,0,1,0,0,30,40,44,2,40.26164427839479,0.2352691842383834,12,0.06976744186046512,0.0,0.0,,,,172,195.20815280171323
1181,224158,-21053.560278,200,battery_depleted,0,1,0,0,2,14,13,45,26.92582403567252,5.967944371124531,66,0.33,0.0,0.0,,,,200,162.58073580374364
1182,224374,-24626.696249,216,battery_depleted,0,1,0,0,6,14,9,48,36.05551275463989,-1.9234164228878683,101,0.4675925925925926,0.0,0.0,,,,216,140.68124086713183
1183,224579,-22146.638297,205,battery_depleted,0,1,0,0,19,4,34,39,38.63935817272331,-0.5604926434037694,87,0.424390243902439,0.0,0.0,,,,205,146.58073580374355
1184,224760,-17242.448548,181,battery_depleted,0,1,0,0,43,27,12,22,22.360679774997898,9.039957161217266,24,0.13259668508287292,0.0,0.0,,,,181,187.23759005323615
1185,224937,-16563.402119,177,battery_depleted,0,1,0,0,46,8,14,41,46.69047011971501,-0.7230903814701932,22,0.12429378531073447,0.0,0.0,,,,177,188.96551211459396
1186,225162,-26566.092122,225,battery_depleted,0,1,0,0,8,4,46,25,36.87817782917155,6.538408863013274,115,0.5111111111111111,0.0,0.0,,,,225,129.46803743153538
1187,225352,-18993.640682,190,battery_depleted,0,1,0,0,47,49,7,23,40.80441152620633,6.903030241299923,45,0.23684210526315788,0.0,0.0,,,,190,175.6518036156091
1188,225544,-19455.578266,192,battery_depleted,0,1,0,0,2,27,47,27,43.04648650006177,1.9535134999382322,59,0.3072916666666667,0.0,0.0,,,,192,165.72287142747456
1189,225724,-17083.513914,180,battery_depleted,0,1,0,0,31,45,34,1,41.48493702538308,2.617217117016807,30,0.16666666666666666,0.0,0.0,,,,180,182.3086578651015
1190,225893,-15050.661473,169,battery_depleted,0,1,0,0,39,20,9,45,31.38470965295043,7.666538726582839,11,0.0650887573964497,0.0,0.0,,,,169,196.107647738325
1191,226066,-15864.60873,173,battery_depleted,0,1,0,0,11,39,40,14,43.60045871318328,-5.312079275029987,16,0.09248554913294797,0.0,0.0,,,,173,192.62236636408636
1192,226236,-15207.800327,170,battery_depleted,0,1,0,0,48,44,32,9,26.68332812825267,11.800434681535044,13,0.07647058823529412,0.0,0.0,,,,170,193.4507934888326
1193,226450,-24132.669122,214,battery_depleted,0,1,0,0,1,11,15,47,42.42640687119285,-3.79999103953692,95,0.4439252336448598,0.0,0.0,,,,214,142.61017305526636
1194,226618,-14889.031959,168,battery_depleted,0,1,0,0,33,35,37,5,29.068883707497267,1.1966081933458455,2,0.011904761904761904,0.0,0.0,,,,168,200.3797256769671
1195,226791,-15799.558634,173,battery_depleted,0,1,0,0,41,20,3,30,40.024992192379,-0.7312267836020041,15,0.08670520231213873,0.0,0.0,,,,173,191.965512114594
1196,227003,-23628.723206,212,battery_depleted,0,1,0,0,1,4,35,28,35.38361202590826,6.233692067461362,92,0.4339622641509434,0.0,0.0,,,,212,148.16652224137047
1197,227177,-15987.013926,174,battery_depleted,0,1,0,0,39,49,45,13,34.88552708502482,1.611048096764499,17,0.09770114942528736,0.0,0.0,,,,174,190.965512114594
1198,227354,-16556.205154,177,battery_depleted,0,1,0,0,45,28,27,1,40.024992192379,-7.575030713203098,16,0.0903954802259887,0.0,0.0,,,,177,192.4802307403554
1199,227540,-18179.827485,186,battery_depleted,0,1,0,0,47,37,14,42,14.142135623730951,19.234502912826322,40,0.21505376344086022,0.0,0.0,,,,186,177.48023074035535
1200,227732,-19458.114344,192,battery_depleted,0,1,0,0,36,5,23,45,48.33218389437829,-6.2727022047521075,43,0.22395833333333334,0.0,0.0,,,,192,176.33809511662437
1201,227937,-22121.531625,205,battery_depleted,0,1,0,0,24,37,28,6,24.020824298928627,7.236174917246942,79,0.3853658536585366,0.0,0.0,,,,205,154.1665222413705
1202,228110,-15732.684167,173,battery_depleted,0,1,0,0,39,42,13,26,22.80350850198276,7.725166542964736,2,0.011560693641618497,0.0,0.0,,,,173,200.40916292848993
1203,228297,-18393.511176,187,battery_depleted,0,1,0,0,3,20,33,48,29.732137494637012,11.304431562729373,46,0.24598930481283424,0.0,0.0,,,,187,172.06601717798225
1204,228469,-15665.935139,172,battery_depleted,0,1,0,0,36,25,8,48,44.82186966202994,-8.586527798043065,11,0.06395348837209303,0.0,0.0,,,,172,194.55129855222094
1205,228654,-18013.990454,185,battery_depleted,0,1,0,0,0,44,36,29,26.40075756488817,12.59924243511183,36,0.1945945945945946,0.0,0.0,,,,185,180.89444430272846
1206,228838,-17816.843706,184,battery_depleted,0,1,0,0,13,40,6,1,27.65863337187866,11.96459214043924,38,0.20652173913043478,0.0,0.0,,,,184,180.37972567696704
1207,229039,-21256.675256,201,battery_depleted,0,1,0,0,47,45,31,19,26.30589287593181,4.222782169015684,71,0.35323383084577115,0.0,0.0,,,,201,158.1665222413705
1208,229214,-16206.163066,175,battery_depleted,0,1,0,0,4,46,37,6,52.80151512977634,-0.9459464799196482,26,0.14857142857142858,0.0,0.0,,,,175,185.45079348883257
1209,229383,-15037.125189,169,battery_depleted,0,1,0,0,48,30,8,26,33.24154027718932,6.957962207294237,4,0.023668639053254437,0.0,0.0,,,,169,198.96551211459405
1210,229581,-20606.495126,198,battery_depleted,0,1,0,0,38,2,41,49,39.45883931389772,7.636808043368745,55,0.2777777777777778,0.0,0.0,,,,198,167.85281374238582
1211,229748,-14705.520583,167,battery_depleted,0,1,0,0,44,32,10,15,32.802438933713454,5.2107166837829695,5,0.029940119760479042,0.0,0.0,,,,167,198.03657992645952
1212,229929,-17244.713556,181,battery_depleted,0,1,0,0,5,48,46,48,29.427877939124322,11.572122060875678,33,0.18232044198895028,0.0,0.0,,,,181,179.89444430272852
1213,230098,-15040.304015,169,battery_depleted,0,1,0,0,48,28,13,33,28.635642126552707,6.719696932774671,5,0.029585798816568046,0.0,0.0,,,,169,197.96551211459408
1214,230269,-15356.726807,171,battery_depleted,0,1,0,0,49,48,28,16,22.360679774997898,15.91463864301138,10,0.05847953216374269,0.0,0.0,,,,171,194.96551211459393
1215,230450,-17261.309377,181,battery_depleted,0,1,0,0,24,48,10,21,27.294688127912362,3.119124523578737,24,0.13259668508287292,0.0,0.0,,,,181,186.40916292848993
1216,230631,-17284.749197,181,battery_depleted,0,1,0,0,3,21,45,19,40.70626487409524,1.3413272091620385,35,0.19337016574585636,0.0,0.0,,,,181,178.72287142747467
1217,230813,-17420.806035,182,battery_depleted,0,1,0,0,42,32,3,16,28.0178514522438,14.136626364472182,29,0.15934065934065933,0.0,0.0,,,,182,185.72287142747467
1218,230997,-17912.842202,184,battery_depleted,0,1,0,0,15,35,33,0,48.54894437575342,-9.191607067444565,33,0.1793478260869565,0.0,0.0,,,,184,181.23759005323612
1219,231175,-16748.127966,178,battery_depleted,0,1,0,0,11,31,24,2,35.4400902933387,-3.6595931291972903,28,0.15730337078651685,0.0,0.0,,,,178,186.45079348883263
1220,231364,-18774.86744,189,battery_depleted,0,1,0,0,12,13,5,45,15.0,17.756678708318397,51,0.2698412698412698,0.0,0.0,,,,189,172.79393923934012
1221,231537,-15778.62208,173,battery_depleted,0,1,0,0,44,37,13,7,39.81205847478876,3.3272507454572207,14,0.08092485549132948,0.0,0.0,,,,173,193.3797256769671
1222,231706,-15050.78252,169,battery_depleted,0,1,0,0,45,28,20,45,24.20743687382041,6.02499604184154,9,0.05325443786982249,0.0,0.0,,,,169,195.62236636408642
1223,231877,-15459.440713,171,battery_depleted,0,1,0,0,37,32,6,49,42.05948168962618,-6.704142630298804,4,0.023391812865497075,0.0,0.0,,,,171,199.30865786510162
1224,232052,-16163.067514,175,battery_depleted,0,1,0,0,35,49,43,0,50.96076922496363,-1.3120028757379885,15,0.08571428571428572,0.0,0.0,,,,175,192.30865786510157
1225,232249,-20418.96625,197,battery_depleted,0,1,0,0,20,16,48,48,37.0,5.5205832509386,57,0.2893401015228426,0.0,0.0,,,,197,166.9238815542513
1226,232467,-25074.293347,218,battery_depleted,0,1,0,0,19,16,46,2,37.53664875824692,-7.12283610675582,109,0.5,0.0,0.0,,,,218,134.2670273047587
1227,232648,-17260.998059,181,battery_depleted,0,1,0,0,24,9,40,37,26.248809496813376,6.000221496380821,25,0.13812154696132597,0.0,0.0,,,,181,187.06601717798227
1228,232827,-16915.481426,179,battery_depleted,0,1,0,0,6,37,48,41,40.01249804748511,2.177548171972866,35,0.19553072625698323,0.0,0.0,,,,179,180.03657992645944
1229,233072,-31477.716904,245,battery_depleted,0,1,0,0,37,0,0,49,62.625873247404705,-1.2255475153696977,149,0.6081632653061224,0.0,0.0,,,,245,110.08326112068517
1230,233254,-17461.155085,182,battery_depleted,0,1,0,0,1,46,44,39,39.6232255123179,3.9428163092660284,33,0.1813186813186813,0.0,0.0,,,,182,180.06601717798225
1231,233423,-14992.916118,169,battery_depleted,0,1,0,0,48,33,4,40,29.274562336608895,15.27877648328203,2,0.011834319526627219,0.0,0.0,,,,169,200.55129855222089
1232,233620,-20485.172233,197,battery_depleted,0,1,0,0,46,3,15,46,55.47071299343465,-2.461279870640368,57,0.2893401015228426,0.0,0.0,,,,197,167.75230867899742
1233,233814,-19843.302624,194,battery_depleted,0,1,0,0,1,43,38,3,51.40038910358559,3.0881417997155225,52,0.26804123711340205,0.0,0.0,,,,194,168.0954544295051
1234,234014,-21115.108472,200,battery_depleted,0,1,0,0,36,26,0,39,36.05551275463989,2.2198056633693852,59,0.295,0.0,0.0,,,,200,166.68124086713195
1235,234202,-18632.089223,188,battery_depleted,0,1,0,0,48,45,22,4,49.24428900898052,-0.6953446332271014,43,0.22872340425531915,0.0,0.0,,,,188,173.5807358037437
1236,234410,-22759.886226,208,battery_depleted,0,1,0,0,46,47,47,8,36.345563690772494,2.6672547154898254,87,0.4182692307692308,0.0,0.0,,,,208,146.6812408671319
1237,234595,-18058.366713,185,battery_depleted,0,1,0,0,3,41,45,13,46.52956049652737,3.9481573599684836,49,0.2648648648648649,0.0,0.0,,,,185,172.03657992645938
1238,234793,-20745.890984,198,battery_depleted,0,1,0,0,6,17,41,22,38.3275357934736,-2.972196734146223,60,0.30303030303030304,0.0,0.0,,,,198,165.75230867899742
1239,234960,-14724.368859,167,battery_depleted,0,1,0,0,38,38,9,10,37.64306044943742,2.668228292055325,6,0.03592814371257485,0.0,0.0,,,,167,197.8650070512057
1240,235149,-18890.624129,189,battery_depleted,0,1,0,0,10,41,15,5,41.23105625617661,-4.885492565404114,46,0.24338624338624337,0.0,0.0,,,,189,175.3086578651015
1241,235340,-19170.025544,191,battery_depleted,0,1,0,0,48,16,18,28,25.495097567963924,6.815891274843096,40,0.2094240837696335,0.0,0.0,,,,191,176.2670273047589
1242,235555,-24336.430804,215,battery_depleted,0,1,0,0,5,10,34,31,28.231188426986208,7.573839152950107,100,0.46511627906976744,0.0,0.0,,,,215,143.16652224137042
1243,235741,-18178.012267,186,battery_depleted,0,1,0,0,47,13,37,46,18.973665961010276,15.508213338123056,32,0.17204301075268819,0.0,0.0,,,,186,181.7523086789975
1244,235955,-24198.735258,214,battery_depleted,0,1,0,0,4,13,6,46,41.593268686170845,-8.532718176537763,94,0.4392523364485981,0.0,0.0,,,,214,145.26702730475878
1245,236138,-17648.466786,183,battery_depleted,0,1,0,0,13,38,26,10,22.090722034374522,8.77997604649174,34,0.18579234972677597,0.0,0.0,,,,183,180.48023074035538
1246,236338,-21068.433248,200,battery_depleted,0,1,0,0,25,2,24,46,32.984845004941285,11.026517164389489,65,0.325,0.0,0.0,,,,200,163.16652224137053
1247,236532,-19848.70574,194,battery_depleted,0,1,0,0,45,2,45,38,33.015148038438355,2.9848519615616453,44,0.2268041237113402,0.0,0.0,,,,194,175.68124086713198
1248,236705,-15741.831837,173,battery_depleted,0,1,0,0,13,37,49,28,24.839484696748443,12.268465933810504,9,0.05202312138728324,0.0,0.0,,,,173,195.4802307403554
1249,236890,-18079.069774,185,battery_depleted,0,1,0,0,13,38,43,46,29.732137494637012,1.3162118978830364,37,0.2,0.0,0.0,,,,185,178.65180361560925
1250,237080,-19014.764713,190,battery_depleted,0,1,0,0,14,41,46,12,37.57658845611187,5.609057307266497,52,0.2736842105263158,0.0,0.0,,,,190,169.8944443027284
1251,237271,-19273.661517,191,battery_depleted,0,1,0,0,10,39,47,33,46.8187996428785,-9.335470014895876,49,0.25654450261780104,0.0,0.0,,,,191,171.40916292848988
1252,237450,-16934.935848,179,battery_depleted,0,1,0,0,37,27,6,20,39.0,-7.2195028358585915,22,0.12290502793296089,0.0,0.0,,,,179,188.4802307403554
1253,237644,-19844.206272,194,battery_depleted,0,1,0,0,10,34,49,42,35.90264614203248,3.9094123327562826,54,0.27835051546391754,0.0,0.0,,,,194,168.99494936611674
1254,237838,-19821.491495,194,battery_depleted,0,1,0,0,13,8,49,46,37.16180835212409,15.183200961085511,57,0.29381443298969073,0.0,0.0,,,,194,167.65180361560905
1255,238038,-21021.934336,200,battery_depleted,0,1,0,0,11,10,35,44,26.1725046566048,15.444799436764825,64,0.32,0.0,0.0,,,,200,164.58073580374364
1256,238225,-18407.032288,187,battery_depleted,0,1,0,0,13,16,44,15,17.46424919657298,13.551875641968667,46,0.24598930481283424,0.0,0.0,,,,187,174.96551211459393
1257,238407,-17435.266343,182,battery_depleted,0,1,0,0,24,1,49,25,22.02271554554524,12.632731356781676,30,0.16483516483516483,0.0,0.0,,,,182,184.30865786510157
1258,238624,-24785.569166,217,battery_depleted,0,1,0,0,8,3,24,42,40.26164427839479,1.8928335383211916,100,0.4608294930875576,0.0,0.0,,,,217,140.6101730552664
1259,238823,-20844.460286,199,battery_depleted,0,1,0,0,29,2,2,33,36.61966684720111,4.489942734987821,62,0.31155778894472363,0.0,0.0,,,,199,163.50966799187816
1260,239020,-20499.106155,197,battery_depleted,0,1,0,0,39,8,40,44,37.107950630558946,-1.0940644198207323,65,0.3299492385786802,0.0,0.0,,,,197,160.9949493661167
1261,239219,-20855.106395,199,battery_depleted,0,1,0,0,47,1,1,28,51.884487084291386,1.4540543280869613,58,0.2914572864321608,0.0,0.0,,,,199,167.50966799187816
1262,239425,-22386.900505,206,battery_depleted,0,1,0,0,16,7,29,40,35.84689665786984,-0.3786009559334431,77,0.3737864077669903,0.0,0.0,,,,206,153.85281374238576
1263,239616,-19225.941844,191,battery_depleted,0,1,0,0,23,23,47,1,25.96150997149434,6.596131220705072,57,0.29842931937172773,0.0,0.0,,,,191,167.9655121145939
1264,239786,-15216.540501,170,battery_depleted,0,1,0,0,44,34,9,40,30.01666203960727,5.493899769522137,2,0.011764705882352941,0.0,0.0,,,,170,200.30865786510154
1265,239952,-14515.020388,166,battery_depleted,0,1,0,0,36,44,39,7,28.0,9.12142238654117,7,0.04216867469879518,0.0,0.0,,,,166,198.3502884254443
1266,240135,-17640.351531,183,battery_depleted,0,1,0,0,41,37,2,21,37.107950630558946,5.046527186157036,33,0.18032786885245902,0.0,0.0,,,,183,183.96551211459393
1267,240315,-17069.689301,180,battery_depleted,0,1,0,0,40,25,0,12,36.235341863986875,5.824139825639307,24,0.13333333333333333,0.0,0.0,,,,180,187.48023074035535
1268,240510,-19976.355793,195,battery_depleted,0,1,0,0,38,2,25,35,18.24828759089466,17.22000811104174,57,0.2923076923076923,0.0,0.0,,,,195,165.75230867899748
1269,240695,-18056.09118,185,battery_depleted,0,1,0,0,4,19,40,15,27.85677655436824,8.36476399818143,44,0.23783783783783785,0.0,0.0,,,,185,173.7228714274747
1270,240897,-21499.267579,202,battery_depleted,0,1,0,0,45,3,18,47,49.73932046178355,1.8843175347776793,69,0.3415841584158416,0.0,0.0,,,,202,161.16652224137053
1271,241104,-22563.83426,207,battery_depleted,0,1,0,0,17,5,16,38,17.0,16.015148038438355,84,0.4057971014492754,0.0,0.0,,,,207,150.3380951166243
1272,241272,-14797.853186,168,battery_depleted,0,1,0,0,37,44,31,14,11.40175425099138,19.19236283056533,2,0.011904761904761904,0.0,0.0,,,,168,200.7939392393402
1273,241480,-22747.794486,208,battery_depleted,0,1,0,0,2,16,48,25,36.345563690772494,10.526602890259369,85,0.40865384615384615,0.0,0.0,,,,208,152.40916292848976
1274,241654,-15944.429868,174,battery_depleted,0,1,0,0,49,32,45,0,26.1725046566048,6.076526336589396,15,0.08620689655172414,0.0,0.0,,,,174,192.13708498984778
1275,241849,-20053.440671,195,battery_depleted,0,1,0,0,19,2,14,33,28.319604517012593,3.0810324192025718,57,0.2923076923076923,0.0,0.0,,,,195,168.6518036156092
1276,242036,-18466.661016,187,battery_depleted,0,1,0,0,23,45,1,6,39.92492955535426,4.852296799121959,47,0.25133689839572193,0.0,0.0,,,,187,173.55129855222083
1277,242228,-19402.362189,192,battery_depleted,0,1,0,0,21,6,49,29,20.8806130178211,15.354728846165774,57,0.296875,0.0,0.0,,,,192,168.13708498984775
1278,242417,-18850.537894,189,battery_depleted,0,1,0,0,10,33,47,37,36.61966684720111,0.595921284655681,45,0.23809523809523808,0.0,0.0,,,,189,174.65180361560917
1279,242612,-20046.88326,195,battery_depleted,0,1,0,0,4,26,30,49,33.60059523282288,1.1125146825966823,61,0.3128205128205128,0.0,0.0,,,,195,163.82337649086287
1280,242809,-20451.331735,197,battery_depleted,0,1,0,0,32,9,9,36,37.33630940518894,-1.8680137032525437,50,0.25380710659898476,0.0,0.0,,,,197,173.09545442950508
1281,243013,-21941.038894,204,battery_depleted,0,1,0,0,2,11,49,32,39.92492955535426,11.553221149580743,78,0.38235294117647056,0.0,0.0,,,,204,154.99494936611669
1282,243189,-16305.470673,176,battery_depleted,0,1,0,0,41,16,27,49,25.553864678361276,10.293031979508566,21,0.11931818181818182,0.0,0.0,,,,176,189.37972567696713
1283,243372,-17690.396754,183,battery_depleted,0,1,0,0,7,19,37,46,41.23105625617661,-0.8701841149554781,37,0.20218579234972678,0.0,0.0,,,,183,180.37972567696707
1284,243554,-17484.390486,182,battery_depleted,0,1,0,0,21,10,28,49,40.792156108742276,-1.1689305964243744,31,0.17032967032967034,0.0,0.0,,,,182,182.8944443027285
1285,243727,-15744.972718,173,battery_depleted,0,1,0,0,44,44,11,22,27.202941017470888,12.458123012632992,20,0.11560693641618497,0.0,0.0,,,,173,191.10764773832497
1286,243914,-18483.852174,187,battery_depleted,0,1,0,0,12,38,16,5,37.16180835212409,-3.920268074934768,43,0.22994652406417113,0.0,0.0,,,,187,175.4802307403553
1287,244100,-18247.99017,186,battery_depleted,0,1,0,0,38,2,3,48,53.075418038862395,4.725966027611307,38,0.20430107526881722,0.0,0.0,,,,186,179.48023074035535
1288,244294,-19836.957904,194,battery_depleted,0,1,0,0,29,9,6,34,31.144823004794873,2.8257524981311875,56,0.28865979381443296,0.0,0.0,,,,194,168.6518036156092
1289,244478,-17825.931757,184,battery_depleted,0,1,0,0,40,17,19,43,22.67156809750927,10.749981836627537,38,0.20652173913043478,0.0,0.0,,,,184,178.72287142747467
1290,244694,-24532.185214,216,battery_depleted,0,1,0,0,5,5,29,30,31.144823004794873,3.5106238975320423,100,0.46296296296296297,0.0,0.0,,,,216,141.26702730475878
1291,244865,-15448.388956,171,battery_depleted,0,1,0,0,30,47,29,8,41.10960958218893,-2.0967911759266116,10,0.05847953216374269,0.0,0.0,,,,171,195.3797256769671
1292,245086,-25652.821244,221,battery_depleted,0,1,0,0,1,2,25,25,30.610455730027933,2.6310845471613895,102,0.46153846153846156,0.0,0.0,,,,221,140.95331880577402
1293,245255,-15045.771998,169,battery_depleted,0,1,0,0,39,37,43,4,24.186773244895647,9.054767032293675,9,0.05325443786982249,0.0,0.0,,,,169,196.45079348883252
1294,245434,-16974.455859,179,battery_depleted,0,1,0,0,20,18,42,49,45.18849411078001,-7.17533849328359,33,0.18435754189944134,0.0,0.0,,,,179,182.0365799264594
1295,245615,-17291.127435,181,battery_depleted,0,1,0,0,7,49,44,48,40.01249804748511,-2.998987000841616,29,0.16022099447513813,0.0,0.0,,,,181,184.72287142747473
1296,245787,-15635.382159,172,battery_depleted,0,1,0,0,38,27,10,3,41.10960958218893,-4.231431753017382,8,0.046511627906976744,0.0,0.0,,,,172,197.13708498984784
1297,245968,-17300.495299,181,battery_depleted,0,1,0,0,8,42,25,7,40.718546143004666,-1.8083932263172287,26,0.143646408839779,0.0,0.0,,,,181,186.0660171779823
1298,246179,-23425.333157,211,battery_depleted,0,1,0,0,2,5,12,34,27.294688127912362,3.381035172443571,90,0.4265402843601896,0.0,0.0,,,,211,146.26702730475876
1299,246353,-15912.325025,174,battery_depleted,0,1,0,0,46,27,22,3,24.041630560342615,9.899494936611664,9,0.05172413793103448,0.0,0.0,,,,174,196.0660171779823
1300,246536,-17678.337906,183,battery_depleted,0,1,0,0,45,4,33,36,34.20526275297414,-0.029247771704021375,30,0.16393442622950818,0.0,0.0,,,,183,184.0660171779823
1301,246726,-19051.184187,190,battery_depleted,0,1,0,0,7,32,1,2,32.01562118716424,-1.4215041056075322,50,0.2631578947368421,0.0,0.0,,,,190,171.06601717798225
1302,246920,-19817.581335,194,battery_depleted,0,1,0,0,47,17,9,45,48.83646178829912,-1.634766903475331,47,0.2422680412371134,0.0,0.0,,,,194,171.85281374238576
1303,247118,-20650.535172,198,battery_depleted,0,1,0,0,6,43,42,39,36.6742416417845,-0.45270108923482866,60,0.30303030303030304,0.0,0.0,,,,198,164.9238815542512
1304,247335,-24678.537821,217,battery_depleted,0,1,0,0,5,23,42,31,19.235384061671343,18.619602399824057,101,0.46543778801843316,0.0,0.0,,,,217,141.26702730475876
1305,247511,-16325.550043,176,battery_depleted,0,1,0,0,29,47,30,13,29.427877939124322,4.586824764265579,21,0.11931818181818182,0.0,0.0,,,,176,188.96551211459402
1306,247699,-18550.565657,188,battery_depleted,0,1,0,0,3,18,48,26,27.80287754891569,17.90270197919007,43,0.22872340425531915,0.0,0.0,,,,188,175.23759005323606
1307,247895,-20321.405532,196,battery_depleted,0,1,0,0,32,15,47,42,40.44749683231337,-9.560606409352367,53,0.27040816326530615,0.0,0.0,,,,196,169.92388155425127
1308,248094,-20848.58799,199,battery_depleted,0,1,0,0,22,0,2,47,44.294469180700204,6.783901975788332,67,0.33668341708542715,0.0,0.0,,,,199,161.40916292848985
1309,248304,-23260.82239,210,battery_depleted,0,1,0,0,11,8,40,47,41.23105625617661,7.369355264714862,87,0.4142857142857143,0.0,0.0,,,,210,148.26702730475876
1310,248490,-18255.662456,186,battery_depleted,0,1,0,0,3,44,29,4,49.64876634922564,-1.9413245817193854,37,0.1989247311827957,0.0,0.0,,,,186,178.82337649086304
1311,248667,-16504.650454,177,battery_depleted,0,1,0,0,8,39,45,35,27.018512172212592,10.197075959644199,29,0.1638418079096045,0.0,0.0,,,,177,183.20815280171323
1312,248850,-17620.348952,183,battery_depleted,0,1,0,0,32,10,5,46,37.44329045369811,7.556709546301889,29,0.15846994535519127,0.0,0.0,,,,183,184.2375900532361
1313,249039,-18786.74139,189,battery_depleted,0,1,0,0,44,46,21,2,36.069377593742864,13.579388755482775,52,0.2751322751322751,0.0,0.0,,,,189,169.72287142747462
1314,249240,-21307.278342,201,battery_depleted,0,1,0,0,16,27,47,16,24.20743687382041,8.686331532976642,76,0.3781094527363184,0.0,0.0,,,,201,156.8944443027283
1315,249420,-17092.291483,180,battery_depleted,0,1,0,0,3,49,38,10,43.41658669218482,8.985703334110788,38,0.2111111111111111,0.0,0.0,,,,180,180.52186130069802
1316,249615,-20031.800478,195,battery_depleted,0,1,0,0,27,5,48,36,36.76955262170047,0.6737378319976415,49,0.2512820512820513,0.0,0.0,,,,195,171.68124086713198
1317,249793,-16658.772533,178,battery_depleted,0,1,0,0,39,29,19,1,23.323807579381203,11.085493488789304,24,0.1348314606741573,0.0,0.0,,,,178,187.13708498984775
1318,249973,-17059.285957,180,battery_depleted,0,1,0,0,3,37,30,4,34.0147027033899,8.623308507265783,29,0.16111111111111112,0.0,0.0,,,,180,182.4802307403554
1319,250162,-18815.989772,189,battery_depleted,0,1,0,0,27,5,49,39,29.832867780352597,10.664045682280577,52,0.2751322751322751,0.0,0.0,,,,189,169.72287142747464
1320,250346,-17840.821807,184,battery_depleted,0,1,0,0,48,22,15,39,36.124783736376884,0.9966386501642859,28,0.15217391304347827,0.0,0.0,,,,184,185.40916292848993
1321,250519,-15820.227874,173,battery_depleted,0,1,0,0,31,43,3,4,50.60632371551998,-2.595908178888763,20,0.11560693641618497,0.0,0.0,,,,173,189.03657992645947
1322,250708,-18909.097279,189,battery_depleted,0,1,0,0,4,26,49,5,60.8276253029822,-11.168789231241654,50,0.26455026455026454,0.0,0.0,,,,189,171.72287142747467
1323,250923,-24342.253158,215,battery_depleted,0,1,0,0,43,45,31,6,45.31004303683677,-4.505631510630437,88,0.40930232558139534,0.0,0.0,,,,215,149.7817459305203
1324,251132,-22953.65373,209,battery_depleted,0,1,0,0,19,4,26,48,41.048751503547585,3.50458731634334,76,0.36363636363636365,0.0,0.0,,,,209,154.1248916810279
1325,251301,-14966.397026,169,battery_depleted,0,1,0,0,1,45,32,32,9.219544457292887,24.395928170650333,8,0.047337278106508875,0.0,0.0,,,,169,196.62236636408636
1326,251496,-20043.441446,195,battery_depleted,0,1,0,0,27,5,13,39,36.235341863986875,0.5342107577135948,51,0.26153846153846155,0.0,0.0,,,,195,170.92388155425127
1327,251686,-18985.00029,190,battery_depleted,0,1,0,0,45,48,22,14,26.248809496813376,14.79994200673421,50,0.2631578947368421,0.0,0.0,,,,190,171.4802307403553
1328,251879,-19662.382838,193,battery_depleted,0,1,0,0,44,36,9,39,38.118237105091836,-2.989900964591243,44,0.22797927461139897,0.0,0.0,,,,193,174.68124086713203
1329,252070,-19179.922846,191,battery_depleted,0,1,0,0,11,46,7,1,31.78049716414141,13.396930828164663,57,0.29842931937172773,0.0,0.0,,,,191,165.06601717798216
1330,252264,-19766.554153,194,battery_depleted,0,1,0,0,46,16,0,25,31.78049716414141,15.091669416890454,49,0.25257731958762886,0.0,0.0,,,,194,171.50966799187813
1331,252446,-17491.572895,182,battery_depleted,0,1,0,0,35,8,20,39,35.05709628591621,-0.6187455704710842,35,0.19230769230769232,0.0,0.0,,,,182,179.30865786510157
1332,252630,-17877.10991,184,battery_depleted,0,1,0,0,11,33,43,2,44.10215414239989,0.4511846774910353,37,0.20108695652173914,0.0,0.0,,,,184,180.5512985522209
1333,252809,-16928.303834,179,battery_depleted,0,1,0,0,28,9,26,42,32.14031735997639,0.9202331496566885,22,0.12290502793296089,0.0,0.0,,,,179,188.0660171779823
1334,253023,-24132.82802,214,battery_depleted,0,1,0,0,11,10,37,34,36.40054944640259,-1.0169374204943296,90,0.4205607476635514,0.0,0.0,,,,214,146.78174593052026
1335,253230,-22547.636707,207,battery_depleted,0,1,0,0,22,14,47,49,34.40930106817051,8.60232526704263,74,0.357487922705314,0.0,0.0,,,,207,158.2670273047588
1336,253409,-16910.066074,179,battery_depleted,0,1,0,0,21,8,40,38,31.622776601683793,3.8877852074456136,32,0.1787709497206704,0.0,0.0,,,,179,181.7939392393401
1337,253602,-19606.049931,193,battery_depleted,0,1,0,0,48,0,4,22,42.05948168962618,7.134013815369194,50,0.25906735751295334,0.0,0.0,,,,193,171.16652224137056
1338,253793,-19176.853475,191,battery_depleted,0,1,0,0,2,33,39,33,22.561028345356956,14.438971654643044,44,0.23036649214659685,0.0,0.0,,,,191,173.92388155425118
1339,253957,-14204.552719,164,battery_depleted,0,1,0,0,42,38,31,4,34.36568055487916,1.3694562155321108,2,0.012195121951219513,0.0,0.0,,,,164,200.107647738325
1340,254151,-19837.981014,194,battery_depleted,0,1,0,0,38,3,34,47,44.14748010928823,0.03396395946081299,49,0.25257731958762886,0.0,0.0,,,,194,172.3380951166244
1341,254351,-21041.371811,200,battery_depleted,0,1,0,0,9,16,40,27,24.041630560342615,8.852137846454436,71,0.355,0.0,0.0,,,,200,160.89444430272837
1342,254545,-19834.704086,194,battery_depleted,0,1,0,0,0,36,8,6,30.0,1.0483493925200484,59,0.30412371134020616,0.0,0.0,,,,194,165.23759005323606
1343,254733,-18634.14415,188,battery_depleted,0,1,0,0,24,2,26,36,32.38826948140329,1.6705032504495136,42,0.22340425531914893,0.0,0.0,,,,188,177.06601717798233
1344,254917,-17857.778238,184,battery_depleted,0,1,0,0,11,11,15,41,27.073972741361768,3.191519159481345,27,0.14673913043478262,0.0,0.0,,,,184,185.16652224137061
1345,255096,-16936.218605,179,battery_depleted,0,1,0,0,2,47,7,5,43.01162633521314,-0.715054370099935,32,0.1787709497206704,0.0,0.0,,,,179,182.6223663640864
1346,255285,-18844.650736,189,battery_depleted,0,1,0,0,19,22,43,2,30.4138126514911,0.8271860521355165,48,0.25396825396825395,0.0,0.0,,,,189,171.65180361560917
1347,255497,-23604.067593,212,battery_depleted,0,1,0,0,38,6,39,39,26.0,7.015148038438355,84,0.39622641509433965,0.0,0.0,,,,212,151.19595949289334
1348,255664,-14719.474751,167,battery_depleted,0,1,0,0,45,36,37,1,35.05709628591621,0.8455498561162713,3,0.017964071856287425,0.0,0.0,,,,167,199.62236636408642
1349,255882,-24933.050509,218,battery_depleted,0,1,0,0,49,0,10,23,35.805027579936315,9.471898110750772,90,0.41284403669724773,0.0,0.0,,,,218,148.7106781186547
1350,256062,-17004.86395,180,battery_depleted,0,1,0,0,37,42,4,33,16.401219466856727,17.804043286117416,23,0.12777777777777777,0.0,0.0,,,,180,187.65180361560917
1351,256251,-18836.566339,189,battery_depleted,0,1,0,0,5,45,23,4,45.18849411078001,-0.4112677563037934,38,0.20105820105820105,0.0,0.0,,,,189,179.16652224137067
1352,256445,-19882.012902,194,battery_depleted,0,1,0,0,32,12,41,42,40.0,-8.67908047326835,49,0.25257731958762886,0.0,0.0,,,,194,172.33809511662437
1353,256632,-18375.972751,187,battery_depleted,0,1,0,0,19,0,35,31,21.470910553583888,13.414616531440931,37,0.19786096256684493,0.0,0.0,,,,187,179.823376490863
1354,256840,-22883.381955,208,battery_depleted,0,1,0,0,12,16,45,20,39.395431207184416,-6.153890929995093,83,0.39903846153846156,0.0,0.0,,,,208,151.50966799187808
1355,257018,-16689.416268,178,battery_depleted,0,1,0,0,40,39,24,10,21.470910553583888,11.650079769774504,22,0.12359550561797752,0.0,0.0,,,,178,187.4802307403554
1356,257185,-14702.159577,167,battery_depleted,0,1,0,0,31,36,48,7,27.784887978899608,5.830584649043612,5,0.029940119760479042,0.0,0.0,,,,167,198.45079348883263
1357,257380,-19996.339992,195,battery_depleted,0,1,0,0,38,7,0,40,42.5205832509386,7.808334877707878,50,0.2564102564102564,0.0,0.0,,,,195,172.3380951166244
1358,257619,-29936.711697,239,battery_depleted,0,1,0,0,15,4,12,41,38.05259518088089,-0.931172794339723,131,0.5481171548117155,0.0,0.0,,,,239,123.74011537017755
1359,257815,-20305.757362,196,battery_depleted,0,1,0,0,34,27,5,39,33.83784863137726,-2.453138978426832,56,0.2857142857142857,0.0,0.0,,,,196,168.99494936611677
1360,257994,-16917.737181,179,battery_depleted,0,1,0,0,13,33,49,45,38.47076812334269,-0.5234362013221343,26,0.1452513966480447,0.0,0.0,,,,179,184.8944443027284
1361,258175,-17279.354209,181,battery_depleted,0,1,0,0,40,27,11,14,28.178005607210743,3.6024915569306657,28,0.15469613259668508,0.0,0.0,,,,181,184.89444430272852
1362,258358,-17605.223797,183,battery_depleted,0,1,0,0,31,44,1,10,29.274562336608895,16.068573858409643,36,0.19672131147540983,0.0,0.0,,,,183,180.96551211459393
1363,258549,-19244.439308,191,battery_depleted,0,1,0,0,36,3,39,38,32.2490309931942,2.879305147306397,53,0.2774869109947644,0.0,0.0,,,,191,169.48023074035535
1364,258744,-20061.120952,195,battery_depleted,0,1,0,0,4,47,16,8,41.593268686170845,-0.7888571599645147,56,0.28717948717948716,0.0,0.0,,,,195,165.50966799187813
1365,258952,-22887.070372,208,battery_depleted,0,1,0,0,22,10,1,33,39.66106403010388,-8.516241025309007,79,0.3798076923076923,0.0,0.0,,,,208,156.33809511662434
1366,259149,-20427.684425,197,battery_depleted,0,1,0,0,0,32,47,31,43.73785545725808,3.2727816369145586,54,0.27411167512690354,0.0,0.0,,,,197,167.85281374238582
1367,259332,-17681.136528,183,battery_depleted,0,1,0,0,4,38,8,2,36.05551275463989,0.16602779790977706,40,0.2185792349726776,0.0,0.0,,,,183,178.20815280171325
1368,259515,-17645.543814,183,battery_depleted,0,1,0,0,31,39,6,20,23.40939982143925,7.991237114775913,36,0.19672131147540983,0.0,0.0,,,,183,178.8944443027285
1369,259724,-23010.644334,209,battery_depleted,0,1,0,0,11,5,35,26,29.732137494637012,2.158299943566938,87,0.41626794258373206,0.0,0.0,,,,209,148.09545442950497
1370,259922,-20606.071287,198,battery_depleted,0,1,0,0,18,9,44,48,31.953090617340916,14.919075963690947,66,0.3333333333333333,0.0,0.0,,,,198,160.1665222413705
1371,260107,-18099.653817,185,battery_depleted,0,1,0,0,35,19,6,27,33.015148038438355,-2.9319301254557075,37,0.2,0.0,0.0,,,,185,179.89444430272843
1372,260308,-21257.395465,201,battery_depleted,0,1,0,0,20,48,43,24,27.65863337187866,5.5829069053106615,66,0.3283582089552239,0.0,0.0,,,,201,159.43860018001266
1373,260478,-15198.575599,170,battery_depleted,0,1,0,0,33,48,24,18,19.209372712298546,12.111546814433105,10,0.058823529411764705,0.0,0.0,,,,170,194.7939392393402
1374,260653,-16118.810409,175,battery_depleted,0,1,0,0,44,36,0,24,39.293765408777,6.313251595188518,12,0.06857142857142857,0.0,0.0,,,,175,194.0660171779823
1375,260856,-21739.978152,203,battery_depleted,0,1,0,0,13,22,48,44,45.60701700396552,-4.266963786776742,76,0.37438423645320196,0.0,0.0,,,,203,154.33809511662426
1376,261026,-15294.846711,170,battery_depleted,0,1,0,0,40,43,43,4,45.12205669071391,-6.006842259498022,11,0.06470588235294118,0.0,0.0,,,,170,195.03657992645952
1377,261208,-17500.75393,182,battery_depleted,0,1,0,0,29,47,23,5,44.721359549995796,-2.294952678802943,33,0.1813186813186813,0.0,0.0,,,,182,182.55129855222089
1378,261392,-17864.689924,184,battery_depleted,0,1,0,0,9,43,43,33,36.49657518178932,-1.056484888450619,29,0.15760869565217392,0.0,0.0,,,,184,183.58073580374375
1379,261586,-19798.830645,194,battery_depleted,0,1,0,0,14,36,48,41,26.248809496813376,8.116871058065787,56,0.28865979381443296,0.0,0.0,,,,194,167.82337649086298
1380,261767,-17257.4342,181,battery_depleted,0,1,0,0,0,32,29,16,25.612496949731394,7.508493373626997,34,0.1878453038674033,0.0,0.0,,,,181,180.96551211459393
1381,261945,-16673.787699,178,battery_depleted,0,1,0,0,1,44,31,41,17.0,13.14962686336267,25,0.1404494382022472,0.0,0.0,,,,178,184.89444430272852
1382,262112,-14714.216841,167,battery_depleted,0,1,0,0,47,33,3,7,47.38143096192854,3.7262983947940143,6,0.03592814371257485,0.0,0.0,,,,167,198.27922061357881
1383,262302,-19044.898861,190,battery_depleted,0,1,0,0,26,36,47,12,31.38470965295043,0.5057277852535194,47,0.24736842105263157,0.0,0.0,,,,190,173.23759005323612
1384,262477,-16167.21336,175,battery_depleted,0,1,0,0,33,40,28,5,37.013511046643494,-1.6581719873161163,17,0.09714285714285714,0.0,0.0,,,,175,191.1370849898479
1385,262654,-16503.817098,177,battery_depleted,0,1,0,0,4,35,40,39,30.14962686336267,6.071913689186999,24,0.13559322033898305,0.0,0.0,,,,177,187.79393923934015
1386,262824,-15245.397812,170,battery_depleted,0,1,0,0,46,30,28,6,29.274562336608895,0.725437663391105,6,0.03529411764705882,0.0,0.0,,,,170,199.2081528017133
1387,263002,-16662.340145,178,battery_depleted,0,1,0,0,40,26,0,21,32.202484376209235,8.108804365283511,15,0.08426966292134831,0.0,0.0,,,,178,192.40916292848993
1388,263183,-17180.064606,181,battery_depleted,0,1,0,0,41,10,40,41,12.083045973594572,18.933078864947074,28,0.15469613259668508,0.0,0.0,,,,181,185.72287142747467
1389,263378,-19996.200655,195,battery_depleted,0,1,0,0,20,18,45,37,21.400934559032695,9.99970237718247,55,0.28205128205128205,0.0,0.0,,,,195,169.82337649086298
1390,263551,-15727.431396,173,battery_depleted,0,1,0,0,48,27,12,14,25.495097567963924,12.780220850045353,11,0.06358381502890173,0.0,0.0,,,,173,196.3797256769671
1391,263754,-21740.282046,203,battery_depleted,0,1,0,0,38,7,38,46,47.07440918375928,-8.074409183759279,70,0.3448275862068966,0.0,0.0,,,,203,157.85281374238576
1392,263932,-16687.110582,178,battery_depleted,0,1,0,0,28,38,39,2,30.805843601498726,6.837216847938695,26,0.14606741573033707,0.0,0.0,,,,178,187.62236636408642
1393,264117,-18043.359209,185,battery_depleted,0,1,0,0,15,16,44,29,28.178005607210743,3.6024915569306657,38,0.20540540540540542,0.0,0.0,,,,185,178.89444430272854
1394,264316,-20797.520532,199,battery_depleted,0,1,0,0,0,31,45,27,29.832867780352597,15.344560211953475,64,0.32160804020100503,0.0,0.0,,,,199,161.50966799187816
1395,264509,-19628.804775,193,battery_depleted,0,1,0,0,24,7,40,43,36.013886210738214,3.381544996446202,51,0.26424870466321243,0.0,0.0,,,,193,171.4091629284899
1396,264684,-16114.235816,175,battery_depleted,0,1,0,0,44,43,35,4,27.16615541441225,12.858836777966754,24,0.13714285714285715,0.0,0.0,,,,175,188.6934341759519
1397,264860,-16345.174451,176,battery_depleted,0,1,0,0,37,36,2,4,44.28317965096906,3.140443154548443,22,0.125,0.0,0.0,,,,176,188.7939392393402
1398,265067,-22509.636111,207,battery_depleted,0,1,0,0,2,23,41,20,22.20360331117452,16.91161112004137,87,0.42028985507246375,0.0,0.0,,,,207,148.58073580374355
1399,265253,-18317.42927,186,battery_depleted,0,1,0,0,22,21,46,47,49.040799340956916,-13.657187315048652,44,0.23655913978494625,0.0,0.0,,,,186,174.72287142747467
1400,265446,-19690.96632,193,battery_depleted,0,1,0,0,42,4,27,47,50.566787519082126,-5.025597372139323,58,0.3005181347150259,0.0,0.0,,,,193,166.48023074035532
1401,265641,-20103.514111,195,battery_depleted,0,1,0,0,47,7,48,44,44.0,-6.986488953356506,56,0.28717948717948716,0.0,0.0,,,,195,167.58073580374364
1402,265849,-22749.206123,208,battery_depleted,0,1,0,0,35,5,25,42,31.76476034853718,6.56277544493642,76,0.36538461538461536,0.0,0.0,,,,208,156.8528137423857
1403,266040,-19225.032341,191,battery_depleted,0,1,0,0,47,45,12,36,35.4400902933387,0.6985317058466052,52,0.27225130890052357,0.0,0.0,,,,191,170.89444430272843
1404,266231,-19210.743363,191,battery_depleted,0,1,0,0,15,14,40,33,26.248809496813376,5.151827439401789,47,0.24607329842931938,0.0,0.0,,,,191,173.40916292848988
1405,266419,-18671.652011,188,battery_depleted,0,1,0,0,24,8,11,44,44.27188724235731,-5.9965688243480315,37,0.19680851063829788,0.0,0.0,,,,188,179.16652224137064
1406,266601,-17505.864366,182,battery_depleted,0,1,0,0,10,39,7,9,36.0,-5.85037313663733,33,0.1813186813186813,0.0,0.0,,,,182,182.13708498984778
1407,266788,-18430.703266,187,battery_depleted,0,1,0,0,38,1,35,32,26.076809620810597,5.068013383984276,34,0.18181818181818182,0.0,0.0,,,,187,179.92388155425132
1408,266983,-20017.851035,195,battery_depleted,0,1,0,0,20,45,9,4,35.17101079013795,7.278959763444298,59,0.30256410256410254,0.0,0.0,,,,195,167.89444430272846
1409,267168,-18052.353416,185,battery_depleted,0,1,0,0,12,41,34,6,42.01190307520001,-0.6718498580112353,35,0.1891891891891892,0.0,0.0,,,,185,181.48023074035538
1410,267344,-16347.791945,176,battery_depleted,0,1,0,0,46,33,22,14,24.698178070456937,5.9122776595709965,16,0.09090909090909091,0.0,0.0,,,,176,192.72287142747473
1411,267526,-17474.918301,182,battery_depleted,0,1,0,0,5,39,33,25,20.12461179749811,11.180339887498949,36,0.1978021978021978,0.0,0.0,,,,182,180.37972567696704
1412,267711,-18098.429436,185,battery_depleted,0,1,0,0,18,22,44,4,31.78049716414141,-0.1577205624576159,45,0.24324324324324326,0.0,0.0,,,,185,172.30865786510148
1413,267895,-17862.829725,184,battery_depleted,0,1,0,0,22,5,47,33,31.76476034853718,5.771888409709739,39,0.21195652173913043,0.0,0.0,,,,184,177.72287142747464
1414,268059,-14211.878482,164,battery_depleted,0,1,0,0,48,36,38,5,32.28002478313795,0.29297016666671283,2,0.012195121951219513,0.0,0.0,,,,164,200.5218613006981
1415,268266,-22548.840665,207,battery_depleted,0,1,0,0,18,27,48,38,26.019223662515376,5.93386695482554,76,0.3671497584541063,0.0,0.0,,,,207,155.43860018001263
1416,268463,-20451.615382,197,battery_depleted,0,1,0,0,6,47,44,23,43.04648650006177,1.8979236084266944,60,0.30456852791878175,0.0,0.0,,,,197,164.33809511662434
1417,268648,-18105.433721,185,battery_depleted,0,1,0,0,11,42,8,5,40.0,-2.8785776134588303,37,0.2,0.0,0.0,,,,185,179.48023074035532
1418,268857,-22974.584921,209,battery_depleted,0,1,0,0,48,1,29,26,32.01562118716424,-0.6149842509490782,78,0.37320574162679426,0.0,0.0,,,,209,153.36753236814712
1419,269041,-17784.533311,184,battery_depleted,0,1,0,0,0,47,32,28,22.627416997969522,14.588171133887268,35,0.19021739130434784,0.0,0.0,,,,184,179.65180361560917
1420,269215,-15980.137145,174,battery_depleted,0,1,0,0,13,42,29,2,39.56008088970496,3.5212375673710667,24,0.13793103448275862,0.0,0.0,,,,174,186.86500705120562
1421,269413,-20683.671134,198,battery_depleted,0,1,0,0,44,24,8,15,35.17101079013795,1.9369398404209974,63,0.3181818181818182,0.0,0.0,,,,198,164.40916292848985
1422,269607,-19867.506195,194,battery_depleted,0,1,0,0,13,23,35,45,31.89043743820395,-0.7777390659958598,59,0.30412371134020616,0.0,0.0,,,,194,166.48023074035532
1423,269774,-14692.694869,167,battery_depleted,0,1,0,0,32,40,49,8,26.832815729997478,9.402526133989397,11,0.0658682634730539,0.0,0.0,,,,167,195.35028842544432
1424,269959,-18055.637278,185,battery_depleted,0,1,0,0,13,26,36,5,35.38361202590826,-4.238789021113391,32,0.17297297297297298,0.0,0.0,,,,185,182.4091629284899
1425,270148,-18873.819898,189,battery_depleted,0,1,0,0,18,47,8,15,33.734255586866,-0.2081463583855765,51,0.2698412698412698,0.0,0.0,,,,189,171.13708498984772
1426,270360,-23634.84165,212,battery_depleted,0,1,0,0,6,3,48,49,62.93647591023825,-0.6468299006485054,87,0.41037735849056606,0.0,0.0,,,,212,148.19595949289334
1427,270546,-18208.720374,186,battery_depleted,0,1,0,0,0,40,35,5,36.40054944640259,13.096925236655736,42,0.22580645161290322,0.0,0.0,,,,186,175.06601717798225
1428,270748,-21560.317543,202,battery_depleted,0,1,0,0,24,13,7,39,46.04345773288535,-14.979008598867217,61,0.30198019801980197,0.0,0.0,,,,202,165.0243866176396
1429,270925,-16524.971991,177,battery_depleted,0,1,0,0,37,27,6,38,31.0,1.8937684067970508,21,0.11864406779661017,0.0,0.0,,,,177,188.72287142747473
1430,271099,-15946.745367,174,battery_depleted,0,1,0,0,49,30,20,44,26.870057685088806,5.332426691120428,15,0.08620689655172414,0.0,0.0,,,,174,192.9655121145941
1431,271287,-18617.348161,188,battery_depleted,0,1,0,0,45,42,16,2,41.10960958218893,8.296867725953568,49,0.26063829787234044,0.0,0.0,,,,188,172.96551211459396
1432,271454,-14745.471942,167,battery_depleted,0,1,0,0,38,46,3,45,40.162171256046406,-5.14788845602321,1,0.005988023952095809,0.0,0.0,,,,167,202.03657992645952
1433,271639,-18025.58536,185,battery_depleted,0,1,0,0,10,47,40,1,44.721359549995796,10.19676132098813,43,0.23243243243243245,0.0,0.0,,,,185,175.96551211459396
1434,271822,-17614.795649,183,battery_depleted,0,1,0,0,5,38,26,12,22.360679774997898,11.060870159138908,36,0.19672131147540983,0.0,0.0,,,,183,179.3086578651016
1435,272016,-19804.102504,194,battery_depleted,0,1,0,0,34,24,0,44,21.0,18.44616584663204,60,0.30927835051546393,0.0,0.0,,,,194,166.72287142747462
1436,272207,-19212.77076,191,battery_depleted,0,1,0,0,17,1,37,27,26.40075756488817,6.401681368825283,49,0.25654450261780104,0.0,0.0,,,,191,171.40916292848985
1437,272400,-19633.529288,193,battery_depleted,0,1,0,0,41,2,31,43,43.41658669218482,-1.2146910001664395,43,0.22279792746113988,0.0,0.0,,,,193,176.50966799187816
1438,272602,-21505.600013,202,battery_depleted,0,1,0,0,31,4,33,46,45.17742799230607,-3.1298359090487935,65,0.3217821782178218,0.0,0.0,,,,202,161.02438661763958
1439,272783,-17181.382852,181,battery_depleted,0,1,0,0,48,41,14,38,9.0,25.132096331752024,38,0.20994475138121546,0.0,0.0,,,,181,179.86500705120557
1440,273008,-26565.457706,225,battery_depleted,0,1,0,0,0,5,44,40,43.18564576337837,13.037125424104019,122,0.5422222222222223,0.0,0.0,,,,225,127.4386001800125
1441,273196,-18572.787309,188,battery_depleted,0,1,0,0,0,34,44,35,26.92582403567252,17.085538133658254,50,0.26595744680851063,0.0,0.0,,,,188,170.30865786510154
1442,273383,-18458.919394,187,battery_depleted,0,1,0,0,9,43,41,31,37.64306044943742,-3.4670454681672993,39,0.20855614973262032,0.0,0.0,,,,187,178.2375900532361
1443,273555,-15525.920244,172,battery_depleted,0,1,0,0,43,49,48,14,16.76305461424021,18.592284445087166,14,0.08139534883720931,0.0,0.0,,,,172,193.20815280171328
1444,273727,-15492.644327,172,battery_depleted,0,1,0,0,47,15,28,44,11.661903789690601,23.007967857028827,7,0.040697674418604654,0.0,0.0,,,,172,197.72287142747476
1445,273915,-18639.327809,188,battery_depleted,0,1,0,0,0,29,42,49,43.56604182158393,2.952771576868102,46,0.24468085106382978,0.0,0.0,,,,188,174.3086578651015
1446,274095,-17035.7997,180,battery_depleted,0,1,0,0,28,46,39,3,36.138621999185304,8.246060043158991,22,0.12222222222222222,0.0,0.0,,,,180,188.65180361560925
1447,274304,-22954.809925,209,battery_depleted,0,1,0,0,17,1,48,38,39.81205847478876,8.45801506979992,92,0.44019138755980863,0.0,0.0,,,,209,144.33809511662426
1448,274496,-19427.371089,192,battery_depleted,0,1,0,0,8,38,43,19,35.0,4.824615503479755,55,0.2864583333333333,0.0,0.0,,,,192,167.6518036156091
1449,274675,-16901.490315,179,battery_depleted,0,1,0,0,6,27,37,29,27.018512172212592,4.045936961805541,32,0.1787709497206704,0.0,0.0,,,,179,181.79393923934023
1450,274874,-20887.531936,199,battery_depleted,0,1,0,0,8,5,36,45,41.10960958218893,7.716612880745878,64,0.32160804020100503,0.0,0.0,,,,199,165.237590053236
1451,275080,-22290.238241,206,battery_depleted,0,1,0,0,11,18,47,13,17.72004514666935,18.625518544103144,77,0.3737864077669903,0.0,0.0,,,,206,155.50966799187813
1452,275252,-15651.354764,172,battery_depleted,0,1,0,0,38,46,34,1,48.25971404805462,-3.082286055748547,20,0.11627906976744186,0.0,0.0,,,,172,189.27922061357873
1453,275456,-21906.026568,204,battery_depleted,0,1,0,0,1,3,6,47,41.19465984809196,3.0885198028771015,77,0.37745098039215685,0.0,0.0,,,,204,153.92388155425118
1454,275649,-19647.218583,193,battery_depleted,0,1,0,0,17,21,49,1,32.55764119219941,5.178283336027,60,0.31088082901554404,0.0,0.0,,,,193,164.06601717798222
1455,275836,-18431.34231,187,battery_depleted,0,1,0,0,27,9,49,44,33.83784863137726,7.502204585811512,42,0.22459893048128343,0.0,0.0,,,,187,175.2375900532361
1456,276014,-16718.488564,178,battery_depleted,0,1,0,0,14,17,15,48,28.071337695236398,2.9447871433052484,25,0.1404494382022472,0.0,0.0,,,,178,186.55129855222089
1457,276195,-17306.636241,181,battery_depleted,0,1,0,0,44,3,35,39,38.07886552931954,-0.9709148987605971,32,0.17679558011049723,0.0,0.0,,,,181,182.965512114594
1458,276377,-17445.835468,182,battery_depleted,0,1,0,0,12,17,47,8,29.410882339705484,6.72773965947982,35,0.19230769230769232,0.0,0.0,,,,182,180.13708498984778
1459,276557,-17065.325327,180,battery_depleted,0,1,0,0,37,44,21,9,32.57299494980466,5.9107678599830535,23,0.12777777777777777,0.0,0.0,,,,180,188.89444430272852
1460,276736,-16833.646272,179,battery_depleted,0,1,0,0,17,47,34,20,11.704699910719626,20.201412356368007,28,0.1564245810055866,0.0,0.0,,,,179,184.96551211459396
1461,276945,-22977.210154,209,battery_depleted,0,1,0,0,33,4,27,40,34.058772731852805,2.4378024499365125,81,0.3875598086124402,0.0,0.0,,,,209,152.85281374238576
1462,277132,-18426.874532,187,battery_depleted,0,1,0,0,20,13,46,29,26.90724809414742,3.6214269508000747,38,0.20320855614973263,0.0,0.0,,,,187,178.40916292848993
1463,277318,-18225.057889,186,battery_depleted,0,1,0,0,23,2,4,35,34.713109915419565,3.365755613899978,32,0.17204301075268819,0.0,0.0,,,,186,181.75230867899757
1464,277515,-20462.246192,197,battery_depleted,0,1,0,0,21,27,46,6,27.459060435491963,5.190594999137055,63,0.3197969543147208,0.0,0.0,,,,197,163.82337649086293
1465,277720,-22164.507492,205,battery_depleted,0,1,0,0,40,7,26,40,35.510561809129406,0.3363348487404352,75,0.36585365853658536,0.0,0.0,,,,205,154.8528137423857
1466,277933,-23870.873909,213,battery_depleted,0,1,0,0,13,14,47,32,33.421549934136806,5.049218189205881,90,0.4225352112676056,0.0,0.0,,,,213,147.8528137423857
1467,278103,-15230.402521,170,battery_depleted,0,1,0,0,45,41,42,5,32.01562118716424,4.109162549212641,6,0.03529411764705882,0.0,0.0,,,,170,198.79393923934023
1468,278308,-22206.339903,205,battery_depleted,0,1,0,0,40,7,48,47,46.69047011971501,-5.898314010972733,76,0.37073170731707317,0.0,0.0,,,,205,155.09545442950497
1469,278499,-19317.89815,191,battery_depleted,0,1,0,0,7,29,34,9,39.81205847478876,-6.21146324196588,55,0.2879581151832461,0.0,0.0,,,,191,167.48023074035527
1470,278697,-20646.331729,198,battery_depleted,0,1,0,0,44,44,18,1,46.486557196677836,3.7628209089266136,61,0.30808080808080807,0.0,0.0,,,,198,163.9238815542513
1471,278876,-16771.418384,179,battery_depleted,0,1,0,0,42,45,11,29,6.708203932499369,28.17732315252545,28,0.1564245810055866,0.0,0.0,,,,179,183.72287142747464
1472,279055,-16882.673609,179,battery_depleted,0,1,0,0,4,35,36,19,26.248809496813376,9.528278143183261,34,0.18994413407821228,0.0,0.0,,,,179,181.45079348883252
1473,279248,-19637.84799,193,battery_depleted,0,1,0,0,49,13,36,46,37.64306044943742,-2.1747647475010226,49,0.2538860103626943,0.0,0.0,,,,193,172.58073580374366
1474,279467,-25190.420709,219,battery_depleted,0,1,0,0,7,7,44,5,31.144823004794873,5.909191622502938,98,0.4474885844748858,0.0,0.0,,,,219,140.88225099390854
1475,279671,-21936.400883,204,battery_depleted,0,1,0,0,28,13,32,46,24.331050121192877,8.910490155996445,76,0.37254901960784315,0.0,0.0,,,,204,155.7523086789974
1476,279863,-19423.180283,192,battery_depleted,0,1,0,0,5,30,40,40,34.058772731852805,2.3417767145497876,49,0.2552083333333333,0.0,0.0,,,,192,171.16652224137056
1477,280056,-19623.587545,193,battery_depleted,0,1,0,0,2,33,21,6,33.12099032335839,-0.10584228492003689,50,0.25906735751295334,0.0,0.0,,,,193,171.16652224137056
1478,280232,-16314.320818,176,battery_depleted,0,1,0,0,40,48,12,35,22.561028345356956,8.309669735509306,25,0.14204545454545456,0.0,0.0,,,,176,186.20815280171328
1479,280439,-22524.137363,207,battery_depleted,0,1,0,0,11,5,43,20,25.0,10.341194094144583,82,0.3961352657004831,0.0,0.0,,,,207,151.09545442950503
1480,280640,-21232.27625,201,battery_depleted,0,1,0,0,27,5,37,38,21.02379604162864,13.458083257504693,60,0.29850746268656714,0.0,0.0,,,,201,163.36753236814718
1481,280846,-22334.752101,206,battery_depleted,0,1,0,0,6,11,44,15,21.587033144922902,16.622913204162696,72,0.34951456310679613,0.0,0.0,,,,206,159.681240867132
1482,281056,-23156.548088,210,battery_depleted,0,1,0,0,33,14,12,38,15.811388300841896,16.079049137362055,88,0.41904761904761906,0.0,0.0,,,,210,148.9238815542512
1483,281242,-18246.560417,186,battery_depleted,0,1,0,0,17,21,43,4,28.600699292150182,2.4637498418679513,41,0.22043010752688172,0.0,0.0,,,,186,178.13708498984772
1484,281433,-19196.7671,191,battery_depleted,0,1,0,0,0,31,49,35,39.56008088970496,9.602913323422456,56,0.2931937172774869,0.0,0.0,,,,191,165.23759005323606
1485,281667,-28772.997447,234,battery_depleted,0,1,0,0,1,2,34,1,29.732137494637012,3.2830105438013426,139,0.594017094017094,0.0,0.0,,,,234,116.95331880577395
1486,281849,-17502.842403,182,battery_depleted,0,1,0,0,24,9,15,45,39.395431207184416,-2.2874805766254696,28,0.15384615384615385,0.0,0.0,,,,182,184.2375900532361
1487,282040,-19230.811044,191,battery_depleted,0,1,0,0,44,0,43,40,33.24154027718932,6.770957770295787,49,0.25654450261780104,0.0,0.0,,,,191,172.65180361560914
1488,282236,-20305.573798,196,battery_depleted,0,1,0,0,22,45,39,14,43.93176527297759,-8.576426213650215,60,0.30612244897959184,0.0,0.0,,,,196,164.16652224137047
1489,282446,-23259.413854,210,battery_depleted,0,1,0,0,2,14,27,46,38.27531841800928,2.3325625904846277,88,0.41904761904761906,0.0,0.0,,,,210,148.50966799187808
1490,282648,-21498.63712,202,battery_depleted,0,1,0,0,27,10,15,48,37.16180835212409,2.6879093382184607,68,0.33663366336633666,0.0,0.0,,,,202,161.75230867899742
1491,282826,-16684.418818,178,battery_depleted,0,1,0,0,42,49,28,16,23.194827009486403,12.652069648383439,27,0.15168539325842698,0.0,0.0,,,,178,185.79393923934012
1492,283031,-22182.89258,205,battery_depleted,0,1,0,0,37,10,13,38,34.88552708502482,1.9926507441467294,71,0.3463414634146341,0.0,0.0,,,,205,159.26702730475887
1493,283220,-18845.804452,189,battery_depleted,0,1,0,0,17,15,46,28,23.853720883753127,7.926776280388282,54,0.2857142857142857,0.0,0.0,,,,189,167.30865786510157
1494,283411,-19175.26295,191,battery_depleted,0,1,0,0,17,6,47,36,25.612496949731394,16.81390992146146,49,0.25654450261780104,0.0,0.0,,,,191,173.48023074035538
1495,283580,-15059.040031,169,battery_depleted,0,1,0,0,35,42,10,15,32.526911934581186,4.26982705136701,5,0.029585798816568046,0.0,0.0,,,,169,198.79393923934018
1496,283759,-16913.986439,179,battery_depleted,0,1,0,0,10,49,43,40,33.06055050963308,1.1447122433410613,28,0.1564245810055866,0.0,0.0,,,,179,184.13708498984778
1497,283956,-20356.948715,197,battery_depleted,0,1,0,0,48,4,1,34,37.20215047547655,18.556256962326046,52,0.2639593908629442,0.0,0.0,,,,197,171.50966799187825
1498,284144,-18692.487543,188,battery_depleted,0,1,0,0,19,45,47,4,59.464274989274024,-9.815508640048385,46,0.24468085106382978,0.0,0.0,,,,188,173.06601717798222
1499,284338,-19837.426708,194,battery_depleted,0,1,0,0,2,25,42,39,39.05124837953327,3.3279918213009125,60,0.30927835051546393,0.0,0.0,,,,194,164.23759005323603
1500,284516,-16693.093638,178,battery_depleted,0,1,0,0,30,44,12,19,26.476404589747453,4.329439011751273,23,0.12921348314606743,0.0,0.0,,,,178,187.72287142747464
1501,284704,-18587.723591,188,battery_depleted,0,1,0,0,23,49,1,4,41.617304093369626,8.472615052103151,36,0.19148936170212766,0.0,0.0,,,,188,179.75230867899748
1502,284890,-18252.64709,186,battery_depleted,0,1,0,0,44,17,22,42,29.017236257093817,4.284415353599609,37,0.1989247311827957,0.0,0.0,,,,186,178.82337649086296
1503,285082,-19369.397303,192,battery_depleted,0,1,0,0,44,43,11,30,18.027756377319946,17.440539324616452,54,0.28125,0.0,0.0,,,,192,169.06601717798222
1504,285246,-14234.319784,164,battery_depleted,0,1,0,0,42,38,23,2,43.289721643826724,-2.583456769731484,7,0.042682926829268296,0.0,0.0,,,,164,197.59292911256364
1505,285430,-17830.093272,184,battery_depleted,0,1,0,0,38,40,6,2,37.44329045369811,12.235678939798774,34,0.18478260869565216,0.0,0.0,,,,184,180.65180361560923
1506,285614,-17783.410874,184,battery_depleted,0,1,0,0,11,18,41,14,13.0,17.265491900843113,38,0.20652173913043478,0.0,0.0,,,,184,177.89444430272846
1507,285821,-22527.843145,207,battery_depleted,0,1,0,0,0,12,9,45,21.37755832643195,12.827704426542194,76,0.3671497584541063,0.0,0.0,,,,207,157.50966799187813
1508,286015,-19831.170379,194,battery_depleted,0,1,0,0,30,4,29,34,26.476404589747453,3.5402574498598156,50,0.25773195876288657,0.0,0.0,,,,194,170.5096679918782
1509,286203,-18718.841938,188,battery_depleted,0,1,0,0,29,41,38,2,48.373546489791295,-8.348554297412292,49,0.26063829787234044,0.0,0.0,,,,188,171.72287142747467
1510,286407,-21938.078712,204,battery_depleted,0,1,0,0,45,17,17,39,35.84689665786984,-0.23790902834012684,65,0.31862745098039214,0.0,0.0,,,,204,163.85281374238576
1511,286612,-22108.259758,205,battery_depleted,0,1,0,0,35,26,5,21,25.495097567963924,4.918715083527175,62,0.3024390243902439,0.0,0.0,,,,205,166.19595949289342
1512,286785,-15802.350065,173,battery_depleted,0,1,0,0,29,35,24,3,31.064449134018133,1.3238203473851584,13,0.07514450867052024,0.0,0.0,,,,173,193.1370849898478
1513,286988,-21651.699065,203,battery_depleted,0,1,0,0,1,27,39,46,28.319604517012593,14.16568705548341,75,0.3694581280788177,0.0,0.0,,,,203,157.40916292848982
1514,287162,-15961.843316,174,battery_depleted,0,1,0,0,45,17,3,0,44.598206241955516,0.7118367948812505,11,0.06321839080459771,0.0,0.0,,,,174,194.89444430272854
1515,287340,-16700.182121,178,battery_depleted,0,1,0,0,9,47,20,19,28.635642126552707,1.4475757864299403,20,0.11235955056179775,0.0,0.0,,,,178,189.89444430272846
1516,287515,-16169.096304,175,battery_depleted,0,1,0,0,11,33,49,29,36.22154055254967,1.988405796535929,20,0.11428571428571428,0.0,0.0,,,,175,188.55129855222089
1517,287714,-20830.955109,199,battery_depleted,0,1,0,0,42,5,30,41,33.95585369269929,3.9914782293212596,49,0.24623115577889448,0.0,0.0,,,,199,172.78174593052037
1518,287884,-15222.954829,170,battery_depleted,0,1,0,0,46,35,8,21,34.48187929913333,6.015034163499841,8,0.047058823529411764,0.0,0.0,,,,170,198.03657992645955
1519,288071,-18404.973079,187,battery_depleted,0,1,0,0,38,9,38,48,31.064449134018133,7.935550865981867,45,0.24064171122994651,0.0,0.0,,,,187,175.96551211459396
1520,288260,-18885.452148,189,battery_depleted,0,1,0,0,4,43,4,12,35.05709628591621,-4.057096285916209,42,0.2222222222222222,0.0,0.0,,,,189,174.7523086789975
1521,288480,-25453.935778,220,battery_depleted,0,1,0,0,8,6,37,30,36.40054944640259,1.2425110030348279,98,0.44545454545454544,0.0,0.0,,,,220,142.71067811865473
1522,288658,-16647.049027,178,battery_depleted,0,1,0,0,45,27,12,32,12.649110640673518,20.727527895883753,28,0.15730337078651685,0.0,0.0,,,,178,184.79393923934015
1523,288835,-16510.816826,177,battery_depleted,0,1,0,0,26,46,42,3,40.26164427839479,5.6186347094230555,24,0.13559322033898305,0.0,0.0,,,,177,186.55129855222089
1524,289003,-14873.521065,168,battery_depleted,0,1,0,0,48,34,15,22,30.4138126514911,4.700287080667778,3,0.017857142857142856,0.0,0.0,,,,168,200.2081528017133
1525,289217,-24131.796403,214,battery_depleted,0,1,0,0,4,6,36,34,41.773197148410844,0.7473861025277557,98,0.45794392523364486,0.0,0.0,,,,214,142.92388155425115
1526,289405,-18606.305572,188,battery_depleted,0,1,0,0,17,17,48,12,20.09975124224178,11.300885693973385,48,0.2553191489361702,0.0,0.0,,,,188,172.3086578651015
1527,289619,-24120.795449,214,battery_depleted,0,1,0,0,15,7,23,39,38.47076812334269,-5.485923118401402,89,0.4158878504672897,0.0,0.0,,,,214,146.95331880577405
1528,289813,-19885.757306,194,battery_depleted,0,1,0,0,46,7,20,28,36.87817782917155,-3.4566278950347424,47,0.2422680412371134,0.0,0.0,,,,194,173.50966799187825
1529,290003,-19015.414944,190,battery_depleted,0,1,0,0,14,8,47,35,35.0,7.638011210655684,50,0.2631578947368421,0.0,0.0,,,,190,171.89444430272837
1530,290196,-19616.858033,193,battery_depleted,0,1,0,0,10,45,48,16,34.655446902326915,13.146226708541562,47,0.24352331606217617,0.0,0.0,,,,193,172.50966799187813
1531,290372,-16308.897249,176,battery_depleted,0,1,0,0,43,27,8,37,31.25699921617557,5.143550230227024,16,0.09090909090909091,0.0,0.0,,,,176,192.30865786510162
1532,290560,-18642.637074,188,battery_depleted,0,1,0,0,30,39,0,14,40.8166632639171,-1.76541488438383,46,0.24468085106382978,0.0,0.0,,,,188,173.06601717798222
1533,290766,-22358.066569,206,battery_depleted,0,1,0,0,20,15,38,40,26.92582403567252,3.880019565826206,82,0.39805825242718446,0.0,0.0,,,,206,150.50966799187805
1534,290965,-20838.101783,199,battery_depleted,0,1,0,0,11,45,44,44,26.1725046566048,6.842643381833554,64,0.32160804020100503,0.0,0.0,,,,199,161.50966799187813
1535,291141,-16290.393774,176,battery_depleted,0,1,0,0,39,38,10,30,17.69180601295413,12.391411900028515,21,0.11931818181818182,0.0,0.0,,,,176,187.72287142747467
1536,291321,-17153.07339,180,battery_depleted,0,1,0,0,44,30,9,6,46.010868281309364,-3.572677933463474,38,0.2111111111111111,0.0,0.0,,,,180,179.2792206135788
1537,291534,-23873.954532,213,battery_depleted,0,1,0,0,22,3,3,37,31.953090617340916,6.995593570959979,89,0.41784037558685444,0.0,0.0,,,,213,150.50966799187805
1538,291734,-20997.88543,200,battery_depleted,0,1,0,0,19,17,35,44,18.867962264113206,12.516747388837224,63,0.315,0.0,0.0,,,,200,162.68124086713195
1539,291914,-17111.077069,180,battery_depleted,0,1,0,0,20,4,10,46,46.51881339845203,-3.344747108606228,26,0.14444444444444443,0.0,0.0,,,,180,186.30865786510162
1540,292104,-19052.555284,190,battery_depleted,0,1,0,0,0,49,11,18,30.265491900843113,2.628276505953938,50,0.2631578947368421,0.0,0.0,,,,190,170.6518036156091
1541,292286,-17486.381124,182,battery_depleted,0,1,0,0,3,29,37,0,46.22769732530488,-1.5398913822962186,36,0.1978021978021978,0.0,0.0,,,,182,179.96551211459396
1542,292475,-18838.664308,189,battery_depleted,0,1,0,0,6,34,26,8,33.28663395418648,-0.4841950204730239,44,0.2328042328042328,0.0,0.0,,,,189,174.4091629284899
1543,292644,-14988.711251,169,battery_depleted,0,1,0,0,49,36,4,39,27.073972741361768,18.025916393756955,7,0.04142011834319527,0.0,0.0,,,,169,197.20815280171334
1544,292839,-20051.388982,195,battery_depleted,0,1,0,0,38,2,1,6,30.083217912982647,7.132370218874144,59,0.30256410256410254,0.0,0.0,,,,195,166.65180361560914
1545,293006,-14675.80798,167,battery_depleted,0,1,0,0,34,46,40,6,30.066592756745816,10.380904075567553,5,0.029940119760479042,0.0,0.0,,,,167,198.4507934888326
1546,293187,-17288.943885,181,battery_depleted,0,1,0,0,44,16,43,46,32.0624390837628,-2.0457770441555283,30,0.16574585635359115,0.0,0.0,,,,181,182.48023074035544
1547,293377,-19065.331425,190,battery_depleted,0,1,0,0,0,44,25,2,48.703182647543684,0.17421499185606137,49,0.2578947368421053,0.0,0.0,,,,190,171.65180361560914
1548,293595,-24964.138736,218,battery_depleted,0,1,0,0,29,2,49,48,48.093658625644196,2.0660861902936176,101,0.463302752293578,0.0,0.0,,,,218,138.53910524340085
1549,293780,-18025.365155,185,battery_depleted,0,1,0,0,16,17,44,5,20.248456731316587,10.214635692139048,38,0.20540540540540542,0.0,0.0,,,,185,179.72287142747467
1550,293985,-22179.011381,205,battery_depleted,0,1,0,0,34,15,19,42,42.0,-11.113109577038998,75,0.36585365853658536,0.0,0.0,,,,205,156.50966799187813
1551,294174,-18831.987582,189,battery_depleted,0,1,0,0,9,10,47,41,39.96248240537617,9.078316935580744,51,0.2698412698412698,0.0,0.0,,,,189,169.48023074035535
1552,294365,-19259.830517,191,battery_depleted,0,1,0,0,40,3,0,21,47.92702786528704,-4.06360346636442,45,0.2356020942408377,0.0,0.0,,,,191,174.5807358037437
1553,294545,-17035.563332,180,battery_depleted,0,1,0,0,39,19,8,48,31.400636936215164,11.049333617367083,20,0.1111111111111111,0.0,0.0,,,,180,189.82337649086298
1554,294715,-15211.233888,170,battery_depleted,0,1,0,0,37,34,2,35,27.459060435491963,7.555222364531232,6,0.03529411764705882,0.0,0.0,,,,170,197.96551211459405
1555,294897,-17461.622582,182,battery_depleted,0,1,0,0,8,48,46,32,28.861739379323623,12.369316876852984,37,0.2032967032967033,0.0,0.0,,,,182,176.48023074035538
1556,295107,-23217.427897,210,battery_depleted,0,1,0,0,3,12,32,24,30.610455730027933,0.7742539229224974,91,0.43333333333333335,0.0,0.0,,,,210,145.095454429505
1557,295316,-23026.843333,209,battery_depleted,0,1,0,0,16,6,41,42,43.829214001622255,0.0,90,0.430622009569378,0.0,0.0,,,,209,145.92388155425115
1558,295508,-19414.862393,192,battery_depleted,0,1,0,0,19,44,15,6,39.20459156782532,-0.9946452187397199,43,0.22395833333333334,0.0,0.0,,,,192,175.50966799187822
1559,295701,-19626.435651,193,battery_depleted,0,1,0,0,25,0,20,37,29.120439557122072,8.21586984806687,48,0.24870466321243523,0.0,0.0,,,,193,173.58073580374366
1560,295901,-21069.844364,200,battery_depleted,0,1,0,0,39,2,4,3,32.31098884280702,2.703293957216175,63,0.315,0.0,0.0,,,,200,164.75230867899745
1561,296092,-19228.054941,191,battery_depleted,0,1,0,0,43,12,24,42,33.421549934136806,2.0890118749926003,48,0.2513089005235602,0.0,0.0,,,,191,172.40916292848988
1562,296290,-20612.790198,198,battery_depleted,0,1,0,0,45,28,3,48,33.54101966249684,12.977793735955188,55,0.2777777777777778,0.0,0.0,,,,198,169.50966799187825
1563,296462,-15540.38032,172,battery_depleted,0,1,0,0,45,17,21,47,26.248809496813376,12.169935927783715,6,0.03488372093023256,0.0,0.0,,,,172,198.72287142747476
1564,296659,-20435.493906,197,battery_depleted,0,1,0,0,45,1,0,39,55.44366510251645,3.454552187992441,56,0.28426395939086296,0.0,0.0,,,,197,169.1665222413706
1565,296830,-15370.670855,171,battery_depleted,0,1,0,0,49,24,13,29,22.67156809750927,13.673995593263225,9,0.05263157894736842,0.0,0.0,,,,171,195.55129855222097
1566,297024,-19853.38222,194,battery_depleted,0,1,0,0,9,22,47,49,39.6232255123179,6.992222570908758,66,0.3402061855670103,0.0,0.0,,,,194,160.72287142747456
1567,297214,-19064.433793,190,battery_depleted,0,1,0,0,24,45,1,10,43.56604182158393,-1.6852586388400823,41,0.21578947368421053,0.0,0.0,,,,190,175.92388155425132
1568,297405,-19211.507261,191,battery_depleted,0,1,0,0,2,24,45,49,46.32493928760188,3.4143811741816705,49,0.25654450261780104,0.0,0.0,,,,191,170.99494936611677
1569,297593,-18586.569446,188,battery_depleted,0,1,0,0,31,48,30,8,26.627053911388696,13.385444136096414,42,0.22340425531914893,0.0,0.0,,,,188,176.6518036156092
1570,297776,-17606.303714,183,battery_depleted,0,1,0,0,27,3,28,39,18.867962264113206,17.145923946625008,40,0.2185792349726776,0.0,0.0,,,,183,176.9655121145939
1571,297972,-20222.536592,196,battery_depleted,0,1,0,0,49,1,38,30,27.85677655436824,3.159348284173408,54,0.2755102040816326,0.0,0.0,,,,196,168.50966799187816
1572,298156,-17910.627748,184,battery_depleted,0,1,0,0,29,14,6,44,39.44616584663204,-1.6440495037604421,39,0.21195652173913043,0.0,0.0,,,,184,178.13708498984778
1573,298333,-16542.066122,177,battery_depleted,0,1,0,0,38,32,2,6,46.400431032480725,-1.9932244101316883,20,0.11299435028248588,0.0,0.0,,,,177,190.1370849898478
1574,298540,-22552.850521,207,battery_depleted,0,1,0,0,4,7,45,16,32.01562118716424,9.960562536466469,82,0.3961352657004831,0.0,0.0,,,,207,152.33809511662432
1575,298740,-21082.864204,200,battery_depleted,0,1,0,0,3,20,31,36,22.47220505424423,9.776825938949965,60,0.3,0.0,0.0,,,,200,166.09545442950505
1576,298919,-16851.479013,179,battery_depleted,0,1,0,0,23,6,39,37,21.840329667841555,13.045197417183264,20,0.11173184357541899,0.0,0.0,,,,179,189.2375900532361
1577,299134,-24257.049985,215,battery_depleted,0,1,0,0,3,0,21,47,39.05124837953327,11.277669749113208,96,0.44651162790697674,0.0,0.0,,,,215,143.43860018001254
1578,299335,-21329.465309,201,battery_depleted,0,1,0,0,13,45,34,17,35.510561809129406,-0.5105618091294062,73,0.36318407960199006,0.0,0.0,,,,201,156.99494936611666
1579,299530,-20003.486558,195,battery_depleted,0,1,0,0,7,12,42,34,30.870698080866262,10.469355136322513,60,0.3076923076923077,0.0,0.0,,,,195,164.40916292848988
1580,299731,-21280.244256,201,battery_depleted,0,1,0,0,17,6,35,43,40.52159917870962,0.6244820441723462,68,0.3383084577114428,0.0,0.0,,,,201,157.85281374238573
1581,299912,-17276.49822,181,battery_depleted,0,1,0,0,26,48,22,3,42.2965719651132,2.88085602719287,31,0.1712707182320442,0.0,0.0,,,,181,181.48023074035538
1582,300092,-17128.088371,180,battery_depleted,0,1,0,0,36,31,5,10,44.41846462902562,-6.97517417532751,27,0.15,0.0,0.0,,,,180,186.13708498984778
1583,300271,-16861.245872,179,battery_depleted,0,1,0,0,1,34,34,45,23.769728648009426,11.015325613842748,27,0.15083798882681565,0.0,0.0,,,,179,186.3797256769671
1584,300457,-18184.489448,186,battery_depleted,0,1,0,0,40,30,5,25,23.769728648009426,11.585610411317951,41,0.22043010752688172,0.0,0.0,,,,186,176.48023074035535
1585,300651,-19858.392378,194,battery_depleted,0,1,0,0,0,34,36,3,44.82186966202994,2.6860244188488736,57,0.29381443298969073,0.0,0.0,,,,194,166.40916292848985
1586,300832,-17231.103409,181,battery_depleted,0,1,0,0,48,29,15,46,31.89043743820395,5.23098494833722,18,0.09944751381215469,0.0,0.0,,,,181,191.16652224137061
1587,301024,-19382.573158,192,battery_depleted,0,1,0,0,41,16,0,24,30.01666203960727,11.756535108803575,53,0.2760416666666667,0.0,0.0,,,,192,170.0660171779822
1588,301206,-17531.48635,182,battery_depleted,0,1,0,0,16,43,26,12,40.70626487409524,-8.13326992429058,32,0.17582417582417584,0.0,0.0,,,,182,182.30865786510157
1589,301388,-17454.835843,182,battery_depleted,0,1,0,0,21,49,26,8,37.21558813185679,4.088164724269973,32,0.17582417582417584,0.0,0.0,,,,182,181.0660171779823
1590,301576,-18566.110595,188,battery_depleted,0,1,0,0,32,42,3,15,25.632011235952593,13.991214276365309,34,0.18085106382978725,0.0,0.0,,,,188,181.75230867899748
1591,301764,-18581.070715,188,battery_depleted,0,1,0,0,42,49,0,49,26.076809620810597,15.923190379189403,52,0.2765957446808511,0.0,0.0,,,,188,171.6223663640863
1592,301934,-15226.028161,170,battery_depleted,0,1,0,0,37,35,12,17,25.80697580112788,4.998867800370846,7,0.041176470588235294,0.0,0.0,,,,170,197.79393923934026
1593,302131,-20471.377768,197,battery_depleted,0,1,0,0,10,3,33,47,47.12748667179272,2.521279677432922,63,0.3197969543147208,0.0,0.0,,,,197,162.99494936611674
1594,302347,-24484.42638,216,battery_depleted,0,1,0,0,1,6,41,16,28.460498941515414,12.770557314661193,103,0.47685185185185186,0.0,0.0,,,,216,137.43860018001254
1595,302535,-18576.794179,188,battery_depleted,0,1,0,0,1,49,35,4,42.43819034784589,13.962164260968407,40,0.2127659574468085,0.0,0.0,,,,188,176.9949493661168
1596,302718,-17724.396212,183,battery_depleted,0,1,0,0,5,40,14,3,46.2709412050371,-8.192075675717554,35,0.1912568306010929,0.0,0.0,,,,183,179.8944443027285
1597,302893,-16070.714832,175,battery_depleted,0,1,0,0,44,31,10,28,16.97056274847714,17.161533583274885,13,0.07428571428571429,0.0,0.0,,,,175,194.72287142747473
1598,303076,-17601.230949,183,battery_depleted,0,1,0,0,35,27,0,28,17.69180601295413,17.322476787069064,34,0.18579234972677597,0.0,0.0,,,,183,181.30865786510157
1599,303252,-16266.206888,176,battery_depleted,0,1,0,0,21,48,47,26,16.64331697709324,17.415455754759567,23,0.13068181818181818,0.0,0.0,,,,176,188.62236636408633
1600,303434,-17488.069854,182,battery_depleted,0,1,0,0,41,13,45,46,37.013511046643494,-3.771970769454171,30,0.16483516483516483,0.0,0.0,,,,182,183.89444430272852
1601,303603,-15025.771793,169,battery_depleted,0,1,0,0,49,32,23,49,21.633307652783937,9.431141481234196,5,0.029585798816568046,0.0,0.0,,,,169,199.2081528017134
1602,303796,-19672.285231,193,battery_depleted,0,1,0,0,47,8,29,39,41.10960958218893,-5.262712924319089,56,0.29015544041450775,0.0,0.0,,,,193,166.82337649086293
1603,303962,-14524.074043,166,battery_depleted,0,1,0,0,49,23,13,29,29.068883707497267,7.42769147429205,7,0.04216867469879518,0.0,0.0,,,,166,197.10764773832503
1604,304134,-15579.025433,172,battery_depleted,0,1,0,0,40,49,16,5,41.10960958218893,9.01024676237774,16,0.09302325581395349,0.0,0.0,,,,172,191.62236636408642
1605,304315,-17257.108948,181,battery_depleted,0,1,0,0,37,22,1,45,37.16180835212409,5.558210374463563,28,0.15469613259668508,0.0,0.0,,,,181,184.06601717798227
1606,304491,-16369.991507,176,battery_depleted,0,1,0,0,34,24,1,39,34.058772731852805,2.1903651889309117,22,0.125,0.0,0.0,,,,176,188.79393923934018
1607,304686,-20051.033044,195,battery_depleted,0,1,0,0,24,10,19,46,35.35533905932738,0.9902246314451162,49,0.2512820512820513,0.0,0.0,,,,195,172.09545442950505
1608,304884,-20717.161642,198,battery_depleted,0,1,0,0,29,31,37,1,37.013511046643494,-5.965161654123445,57,0.2878787878787879,0.0,0.0,,,,198,167.9238815542513
1609,305071,-18378.972706,187,battery_depleted,0,1,0,0,0,23,47,31,32.2490309931942,15.426958771046671,43,0.22994652406417113,0.0,0.0,,,,187,175.06601717798225
1610,305253,-17458.880332,182,battery_depleted,0,1,0,0,22,2,46,45,43.73785545725808,5.506433551722445,33,0.1813186813186813,0.0,0.0,,,,182,181.72287142747467
1611,305466,-23887.863865,213,battery_depleted,0,1,0,0,45,1,48,35,34.0147027033899,0.11739362836212308,91,0.4272300469483568,0.0,0.0,,,,213,145.19595949289328
1612,305664,-20662.08076,198,battery_depleted,0,1,0,0,49,6,27,49,47.53945729601885,0.761681406914434,59,0.29797979797979796,0.0,0.0,,,,198,164.68124086713195
1613,305847,-17629.501166,183,battery_depleted,0,1,0,0,35,47,0,17,40.311288741492746,5.786433544971693,32,0.17486338797814208,0.0,0.0,,,,183,180.4091629284899
1614,306035,-18672.156788,188,battery_depleted,0,1,0,0,12,49,25,6,45.79301256742124,-0.870857676988841,47,0.25,0.0,0.0,,,,188,170.82337649086293
1615,306241,-22423.017075,206,battery_depleted,0,1,0,0,22,8,3,48,45.17742799230607,-0.8942483413370113,81,0.3932038834951456,0.0,0.0,,,,206,155.23759005323598
1616,306443,-21499.366218,202,battery_depleted,0,1,0,0,0,16,7,48,28.160255680657446,4.596423027660951,70,0.3465346534653465,0.0,0.0,,,,202,159.33809511662434
1617,306632,-18866.026536,189,battery_depleted,0,1,0,0,10,20,46,12,38.27531841800928,-1.397140588837729,51,0.2698412698412698,0.0,0.0,,,,189,170.72287142747467
1618,306825,-19625.731046,193,battery_depleted,0,1,0,0,21,49,46,32,28.635642126552707,1.5967907891092423,52,0.2694300518134715,0.0,0.0,,,,193,168.75230867899748
1619,307000,-16109.39167,175,battery_depleted,0,1,0,0,47,36,9,18,29.154759474226502,12.892832609030776,19,0.10857142857142857,0.0,0.0,,,,175,189.96551211459396
1620,307176,-16341.327008,176,battery_depleted,0,1,0,0,11,29,47,17,36.89173349139343,1.0555984306271213,18,0.10227272727272728,0.0,0.0,,,,176,189.8944443027285
1621,307364,-18601.816754,188,battery_depleted,0,1,0,0,27,14,10,45,25.179356624028344,10.175982435299034,44,0.23404255319148937,0.0,0.0,,,,188,175.4802307403553
1622,307534,-15242.820158,170,battery_depleted,0,1,0,0,49,36,35,6,28.160255680657446,4.9456350338362505,12,0.07058823529411765,0.0,0.0,,,,170,194.86500705120565
1623,307720,-18233.488462,186,battery_depleted,0,1,0,0,37,28,23,0,29.68164415931166,1.623307525685398,36,0.1935483870967742,0.0,0.0,,,,186,181.0660171779822
1624,307907,-18429.138437,187,battery_depleted,0,1,0,0,22,43,2,6,40.19950248448356,1.859979205142622,38,0.20320855614973263,0.0,0.0,,,,187,177.9949493661168
1625,308086,-16975.888062,179,battery_depleted,0,1,0,0,12,35,42,1,52.69724850502159,-7.354112310003053,29,0.16201117318435754,0.0,0.0,,,,179,186.03657992645955
1626,308264,-16710.981123,178,battery_depleted,0,1,0,0,33,48,30,8,36.89173349139343,3.2206087488697293,19,0.10674157303370786,0.0,0.0,,,,178,190.0660171779823
1627,308453,-18763.127082,189,battery_depleted,0,1,0,0,49,43,9,25,28.42534080710379,15.438083591818828,41,0.21693121693121692,0.0,0.0,,,,189,178.65180361560917
1628,308641,-18624.734257,188,battery_depleted,0,1,0,0,32,4,25,34,22.561028345356956,8.24481525614177,44,0.23404255319148937,0.0,0.0,,,,188,176.3086578651016
1629,308813,-15552.248892,172,battery_depleted,0,1,0,0,47,46,1,23,36.235341863986875,15.194221618508287,20,0.11627906976744186,0.0,0.0,,,,172,189.27922061357884
1630,309000,-18417.685865,187,battery_depleted,0,1,0,0,33,1,48,46,40.162171256046406,7.271993646479281,41,0.2192513368983957,0.0,0.0,,,,187,175.40916292848985
1631,309183,-17628.280819,183,battery_depleted,0,1,0,0,5,43,33,27,20.615528128088304,11.633502865105893,36,0.19672131147540983,0.0,0.0,,,,183,179.30865786510154
1632,309371,-18575.09286,188,battery_depleted,0,1,0,0,1,48,25,5,35.805027579936315,13.439261429044208,45,0.2393617021276596,0.0,0.0,,,,188,173.65180361560914
1633,309560,-18838.38058,189,battery_depleted,0,1,0,0,8,29,41,46,34.66987164671943,2.451550739821741,46,0.24338624338624337,0.0,0.0,,,,189,174.06601717798227
1634,309754,-19778.290759,194,battery_depleted,0,1,0,0,4,26,40,48,25.553864678361276,16.6361815410967,48,0.24742268041237114,0.0,0.0,,,,194,172.09545442950508
1635,309937,-17702.559263,183,battery_depleted,0,1,0,0,31,38,19,4,41.43669871020132,-5.381185955561428,32,0.17486338797814208,0.0,0.0,,,,183,181.6518036156092
1636,310116,-16904.776959,179,battery_depleted,0,1,0,0,38,33,8,47,31.064449134018133,2.0414415804755635,23,0.12849162011173185,0.0,0.0,,,,179,187.8944443027285
1637,310290,-15920.819555,174,battery_depleted,0,1,0,0,3,45,30,21,20.615528128088304,15.50925560828858,17,0.09770114942528736,0.0,0.0,,,,174,193.03657992645958
1638,310477,-18471.345139,187,battery_depleted,0,1,0,0,3,44,15,10,36.22154055254967,-0.16602779790977706,42,0.22459893048128343,0.0,0.0,,,,187,175.2375900532361
1639,310666,-18813.461043,189,battery_depleted,0,1,0,0,4,49,28,7,37.57658845611187,10.796958033679424,45,0.23809523809523808,0.0,0.0,,,,189,173.82337649086298
1640,310857,-19262.437238,191,battery_depleted,0,1,0,0,13,11,2,41,34.66987164671943,-2.716781029378513,42,0.2198952879581152,0.0,0.0,,,,191,175.5096679918782
1641,311048,-19197.579412,191,battery_depleted,0,1,0,0,10,29,40,34,22.561028345356956,7.852784306134144,48,0.2513089005235602,0.0,0.0,,,,191,171.5807358037437
1642,311236,-18712.9895,188,battery_depleted,0,1,0,0,47,14,43,46,44.04543109109048,-11.796400097896282,41,0.21808510638297873,0.0,0.0,,,,188,175.58073580374366
1643,311437,-21273.967925,201,battery_depleted,0,1,0,0,0,40,39,28,35.22782990761707,5.576581618589259,73,0.36318407960199006,0.0,0.0,,,,201,157.82337649086293
1644,311616,-16915.177635,179,battery_depleted,0,1,0,0,33,11,12,37,28.844410203711913,4.577139730424893,30,0.16759776536312848,0.0,0.0,,,,179,182.965512114594
1645,311789,-15783.193622,173,battery_depleted,0,1,0,0,46,32,5,25,41.19465984809196,0.3986088380788857,8,0.046242774566473986,0.0,0.0,,,,173,197.30865786510168
1646,311981,-19441.420416,192,battery_depleted,0,1,0,0,13,3,36,37,30.479501308256342,10.569250195291243,58,0.3020833333333333,0.0,0.0,,,,192,166.3086578651015
1647,312146,-14363.112262,165,battery_depleted,0,1,0,0,40,39,17,13,29.274562336608895,5.43854757881067,6,0.03636363636363636,0.0,0.0,,,,165,198.35028842544435
1648,312328,-17489.004755,182,battery_depleted,0,1,0,0,12,38,27,10,29.427877939124322,2.3368824094128584,37,0.2032967032967033,0.0,0.0,,,,182,180.62236636408636
1649,312519,-19298.236972,191,battery_depleted,0,1,0,0,17,38,38,7,38.600518131237564,-1.1572276775394528,55,0.2879581151832461,0.0,0.0,,,,191,167.48023074035532
1650,312717,-20622.59733,198,battery_depleted,0,1,0,0,1,26,44,20,36.76955262170047,6.647034070484352,61,0.30808080808080807,0.0,0.0,,,,198,165.16652224137053
1651,312917,-21047.354388,200,battery_depleted,0,1,0,0,18,17,0,49,31.78049716414141,4.9346223372302305,61,0.305,0.0,0.0,,,,200,166.75230867899748
1652,313102,-18063.261964,185,battery_depleted,0,1,0,0,46,45,12,14,48.08326112068523,-2.0723928393758655,42,0.22702702702702704,0.0,0.0,,,,185,175.30865786510157
1653,313298,-20266.793539,196,battery_depleted,0,1,0,0,8,3,42,25,32.01562118716424,8.481292275468931,64,0.32653061224489793,0.0,0.0,,,,196,163.06601717798213
1654,313472,-15935.825311,174,battery_depleted,0,1,0,0,49,46,36,3,33.06055050963308,11.86160438079932,22,0.12643678160919541,0.0,0.0,,,,174,187.20815280171325
1655,313645,-15824.507232,173,battery_depleted,0,1,0,0,3,45,0,2,47.01063709417264,-3.9061129696680226,18,0.10404624277456648,0.0,0.0,,,,173,191.03657992645955
1656,313827,-17425.310257,182,battery_depleted,0,1,0,0,40,47,15,18,25.495097567963924,12.793281870189368,38,0.2087912087912088,0.0,0.0,,,,182,177.96551211459396
1657,313995,-14927.480054,168,battery_depleted,0,1,0,0,39,30,16,10,32.7566787083184,-2.2771774000620546,7,0.041666666666666664,0.0,0.0,,,,168,197.86500705120574
1658,314236,-30460.191645,241,battery_depleted,0,1,0,0,38,3,23,33,33.83784863137726,-0.2968289688804191,141,0.5850622406639004,0.0,0.0,,,,241,115.74011537017752
1659,314419,-17630.847414,183,battery_depleted,0,1,0,0,45,13,19,32,24.73863375370596,7.463850622503273,30,0.16393442622950818,0.0,0.0,,,,183,182.82337649086304
1660,314607,-18646.900436,188,battery_depleted,0,1,0,0,45,6,22,27,28.844410203711913,2.3004128010829596,47,0.25,0.0,0.0,,,,188,170.40916292848985
1661,314801,-19755.031365,194,battery_depleted,0,1,0,0,39,1,13,38,31.064449134018133,14.15722708436192,45,0.23195876288659795,0.0,0.0,,,,194,174.2670273047589
1662,314985,-17852.66411,184,battery_depleted,0,1,0,0,35,6,6,41,42.5440947723653,2.9091779370887494,30,0.16304347826086957,0.0,0.0,,,,184,182.99494936611683
1663,315193,-22825.824012,208,battery_depleted,0,1,0,0,40,15,19,38,43.60045871318328,-12.455635708388407,67,0.32211538461538464,0.0,0.0,,,,208,161.71067811865484
1664,315382,-18794.080593,189,battery_depleted,0,1,0,0,0,34,41,17,38.897300677553446,5.487381364790849,37,0.19576719576719576,0.0,0.0,,,,189,178.09545442950517
1665,315578,-20306.010372,196,battery_depleted,0,1,0,0,36,13,41,46,42.190046219457976,-8.813407682900703,58,0.29591836734693877,0.0,0.0,,,,196,166.16652224137056
1666,315766,-18581.211352,188,battery_depleted,0,1,0,0,35,15,2,21,20.248456731316587,13.292562931180257,35,0.18617021276595744,0.0,0.0,,,,188,181.1665222413706
1667,315981,-24279.748586,215,battery_depleted,0,1,0,0,2,5,45,5,33.06055050963308,9.939449490366918,97,0.4511627906976744,0.0,0.0,,,,215,142.0243866176395
1668,316148,-14751.173592,167,battery_depleted,0,1,0,0,42,24,11,8,38.41874542459709,-3.5332183395722723,7,0.041916167664670656,0.0,0.0,,,,167,197.69343417595195
1669,316337,-18794.516124,189,battery_depleted,0,1,0,0,4,45,44,19,35.0,12.707441767506253,52,0.2751322751322751,0.0,0.0,,,,189,170.13708498984772
1670,316526,-18815.905984,189,battery_depleted,0,1,0,0,44,31,9,38,25.0,10.693136595149497,48,0.25396825396825395,0.0,0.0,,,,189,173.30865786510157
1671,316712,-18264.782139,186,battery_depleted,0,1,0,0,14,48,25,2,44.01136216933077,3.2855721922110988,44,0.23655913978494625,0.0,0.0,,,,186,174.30865786510154
1672,316885,-15809.045421,173,battery_depleted,0,1,0,0,33,27,3,17,35.34119409414458,-3.718417492460791,6,0.03468208092485549,0.0,0.0,,,,173,198.48023074035547
1673,317063,-16713.772762,178,battery_depleted,0,1,0,0,30,49,45,21,29.5296461204668,2.2351142280703797,28,0.15730337078651685,0.0,0.0,,,,178,184.37972567696713
1674,317240,-16565.184833,177,battery_depleted,0,1,0,0,44,43,33,0,48.041648597857254,-3.656966555512959,30,0.1694915254237288,0.0,0.0,,,,177,182.20815280171325
1675,317413,-15848.347564,173,battery_depleted,0,1,0,0,36,25,3,15,39.6232255123179,-5.141346213184569,17,0.09826589595375723,0.0,0.0,,,,173,191.2081528017133
1676,317607,-19756.002187,194,battery_depleted,0,1,0,0,0,26,34,46,22.20360331117452,17.242562535457523,54,0.27835051546391754,0.0,0.0,,,,194,168.58073580374366
1677,317789,-17449.158536,182,battery_depleted,0,1,0,0,0,48,29,17,36.87817782917155,5.571792724410699,29,0.15934065934065933,0.0,0.0,,,,182,184.89444430272846
1678,317963,-15946.206502,174,battery_depleted,0,1,0,0,49,28,19,2,36.61966684720111,3.0791996353573055,9,0.05172413793103448,0.0,0.0,,,,174,195.65180361560928
1679,318170,-22518.579161,207,battery_depleted,0,1,0,0,1,2,46,46,49.49747468305833,13.439001227179922,83,0.40096618357487923,0.0,0.0,,,,207,152.58073580374355
1680,318361,-19214.794402,191,battery_depleted,0,1,0,0,13,27,46,47,27.85677655436824,10.73078620878124,44,0.23036649214659685,0.0,0.0,,,,191,175.1665222413706
1681,318548,-18507.010865,187,battery_depleted,0,1,0,0,14,44,34,18,35.38361202590826,-2.5811730921948097,42,0.22459893048128343,0.0,0.0,,,,187,176.06601717798227
1682,318731,-17645.475269,183,battery_depleted,0,1,0,0,17,43,38,13,26.627053911388696,9.992612935812414,36,0.19672131147540983,0.0,0.0,,,,183,179.72287142747467
1683,318933,-21482.294686,202,battery_depleted,0,1,0,0,22,4,46,27,29.68164415931166,3.5598961178776634,63,0.3118811881188119,0.0,0.0,,,,202,164.2670273047588
1684,319122,-18812.925668,189,battery_depleted,0,1,0,0,2,27,44,20,36.24913792078372,6.330199791303819,50,0.26455026455026454,0.0,0.0,,,,189,171.30865786510154
1685,319309,-18378.266124,187,battery_depleted,0,1,0,0,37,47,14,7,35.90264614203248,10.238441838204828,38,0.20320855614973263,0.0,0.0,,,,187,178.40916292848988
1686,319489,-17115.755581,180,battery_depleted,0,1,0,0,25,5,30,38,37.21558813185679,-3.8389495952995176,23,0.12777777777777777,0.0,0.0,,,,180,187.65180361560923
1687,319668,-16836.991665,179,battery_depleted,0,1,0,0,45,16,9,38,34.48187929913333,7.7081669203246435,13,0.07262569832402235,0.0,0.0,,,,179,194.58073580374378
1688,319847,-16864.878432,179,battery_depleted,0,1,0,0,45,27,4,12,38.2099463490856,5.447813556800547,21,0.11731843575418995,0.0,0.0,,,,179,188.65180361560923
1689,320024,-16448.579447,177,battery_depleted,0,1,0,0,46,44,40,14,11.180339887498949,19.41377719405776,28,0.15819209039548024,0.0,0.0,,,,177,183.79393923934012
1690,320223,-20766.598916,199,battery_depleted,0,1,0,0,2,10,39,39,25.709920264364882,21.300716829807754,63,0.3165829145728643,0.0,0.0,,,,199,162.92388155425124
1691,320406,-17607.276801,183,battery_depleted,0,1,0,0,27,4,45,46,34.539832078341085,11.154806556842367,27,0.14754098360655737,0.0,0.0,,,,183,185.40916292848988
1692,320598,-19518.234474,192,battery_depleted,0,1,0,0,37,28,3,37,44.204072210600685,-9.033061420462737,55,0.2864583333333333,0.0,0.0,,,,192,170.13708498984775
1693,320787,-18833.935601,189,battery_depleted,0,1,0,0,44,15,0,35,41.617304093369626,6.714879801008664,50,0.26455026455026454,0.0,0.0,,,,189,170.06601717798225
1694,320979,-19358.50549,192,battery_depleted,0,1,0,0,29,45,12,13,24.186773244895647,12.048568619091228,44,0.22916666666666666,0.0,0.0,,,,192,174.5096679918782
1695,321155,-16318.809544,176,battery_depleted,0,1,0,0,49,32,39,0,28.0178514522438,5.508257776236622,17,0.09659090909090909,0.0,0.0,,,,176,192.13708498984778
1696,321325,-15248.52782,170,battery_depleted,0,1,0,0,44,22,3,0,46.04345773288535,0.4861027636420161,6,0.03529411764705882,0.0,0.0,,,,170,198.3797256769671
1697,321523,-20700.1676,198,battery_depleted,0,1,0,0,26,34,44,5,37.8021163428716,-3.6700200111195755,59,0.29797979797979796,0.0,0.0,,,,198,166.75230867899745
1698,321705,-17517.996387,182,battery_depleted,0,1,0,0,13,35,42,16,39.96248240537617,-5.292610758656743,32,0.17582417582417584,0.0,0.0,,,,182,181.8944443027285
1699,321888,-17591.098777,183,battery_depleted,0,1,0,0,46,29,0,17,34.48187929913333,13.05757799688552,28,0.15300546448087432,0.0,0.0,,,,183,185.65180361560923
1700,322089,-21243.548008,201,battery_depleted,0,1,0,0,7,26,38,27,18.35755975068582,12.658565087855827,71,0.35323383084577115,0.0,0.0,,,,201,159.40916292848976
1701,322286,-20442.933553,197,battery_depleted,0,1,0,0,38,2,44,37,32.0624390837628,3.448122725366609,57,0.2893401015228426,0.0,0.0,,,,197,166.0954544295051
1702,322454,-14865.934669,168,battery_depleted,0,1,0,0,32,48,16,5,40.718546143004666,5.16173284481318,0,0.0,0.0,0.0,,,,168,201.55129855222094
1703,322639,-17967.267118,185,battery_depleted,0,1,0,0,0,39,33,36,11.180339887498949,21.955743164062834,39,0.21081081081081082,0.0,0.0,,,,185,178.72287142747464
1704,322813,-16020.57078,174,battery_depleted,0,1,0,0,11,37,18,0,40.44749683231337,-2.7911560647879057,20,0.11494252873563218,0.0,0.0,,,,174,190.4507934888326
1705,322988,-16138.041281,175,battery_depleted,0,1,0,0,46,16,0,14,43.829214001622255,2.214243731263096,13,0.07428571428571429,0.0,0.0,,,,175,193.89444430272854
1706,323175,-18434.438442,187,battery_depleted,0,1,0,0,11,12,42,20,26.076809620810597,5.938811566353646,43,0.22994652406417113,0.0,0.0,,,,187,176.72287142747467
1707,323353,-16665.220702,178,battery_depleted,0,1,0,0,48,23,7,37,34.92849839314596,8.39585965172298,14,0.07865168539325842,0.0,0.0,,,,178,192.58073580374372
1708,323536,-17683.521307,183,battery_depleted,0,1,0,0,43,27,5,5,39.20459156782532,4.704405232374981,34,0.18579234972677597,0.0,0.0,,,,183,180.48023074035538
1709,323702,-14471.68974,166,battery_depleted,0,1,0,0,47,16,2,43,34.17601498127012,18.302552072337583,7,0.04216867469879518,0.0,0.0,,,,166,196.69343417595198
1710,323902,-21032.029837,200,battery_depleted,0,1,0,0,2,41,42,28,31.064449134018133,10.995032555608049,66,0.33,0.0,0.0,,,,200,159.68124086713192
1711,324079,-16483.80479,177,battery_depleted,0,1,0,0,45,38,8,28,26.570660511172846,11.756875282300754,19,0.10734463276836158,0.0,0.0,,,,177,190.72287142747464
1712,324289,-23183.470056,210,battery_depleted,0,1,0,0,9,5,35,36,29.832867780352597,10.626988867935221,90,0.42857142857142855,0.0,0.0,,,,210,146.09545442950497
1713,324467,-16698.0895,178,battery_depleted,0,1,0,0,9,38,39,45,25.942243542145693,4.863600059353033,23,0.12921348314606743,0.0,0.0,,,,178,187.7228714274747
1714,324682,-24331.47135,215,battery_depleted,0,1,0,0,1,11,43,14,34.713109915419565,7.3938966274350335,95,0.4418604651162791,0.0,0.0,,,,215,144.85281374238562
1715,324860,-16685.071007,178,battery_depleted,0,1,0,0,16,18,46,23,23.600847442411894,6.812965209079206,25,0.1404494382022472,0.0,0.0,,,,178,186.55129855222089
1716,325068,-22794.274735,208,battery_depleted,0,1,0,0,4,16,34,1,27.65863337187866,5.882386290618182,82,0.3942307692307692,0.0,0.0,,,,208,151.68124086713192
1717,325259,-19258.351892,191,battery_depleted,0,1,0,0,19,45,26,3,36.40054944640259,6.178788265684943,49,0.25654450261780104,0.0,0.0,,,,191,171.82337649086298
1718,325459,-21198.2888,200,battery_depleted,0,1,0,0,4,13,31,49,43.657759905886145,1.3422400941138548,78,0.39,0.0,0.0,,,,200,154.7228714274746
1719,325649,-19023.821595,190,battery_depleted,0,1,0,0,8,20,39,39,31.400636936215164,4.958680989180522,50,0.2631578947368421,0.0,0.0,,,,190,171.48023074035527
1720,325839,-18955.164932,190,battery_depleted,0,1,0,0,47,47,25,13,23.40939982143925,17.087513641193922,51,0.26842105263157895,0.0,0.0,,,,190,170.0660171779822
1721,326051,-23690.070091,212,battery_depleted,0,1,0,0,6,4,29,36,44.68780594300866,-5.279684952532598,90,0.42452830188679247,0.0,0.0,,,,212,146.85281374238565
1722,326269,-24982.685375,218,battery_depleted,0,1,0,0,1,6,12,36,28.460498941515414,3.4925916758255013,98,0.44954128440366975,0.0,0.0,,,,218,144.4386001800126
1723,326452,-17573.953385,183,battery_depleted,0,1,0,0,42,14,11,46,27.730849247724095,16.82248957216683,29,0.15846994535519127,0.0,0.0,,,,183,184.65180361560928
1724,326631,-16910.560317,179,battery_depleted,0,1,0,0,42,27,11,41,38.18376618407357,-4.169063480683668,16,0.0893854748603352,0.0,0.0,,,,179,191.9949493661168
1725,326825,-19808.155351,194,battery_depleted,0,1,0,0,2,17,48,25,33.24154027718932,13.448929842525686,62,0.31958762886597936,0.0,0.0,,,,194,165.5512985522208
1726,326994,-15064.997664,169,battery_depleted,0,1,0,0,15,45,44,19,29.068883707497267,9.879800480803627,14,0.08284023668639054,0.0,0.0,,,,169,193.52186130069813
1727,327179,-18023.658209,185,battery_depleted,0,1,0,0,34,13,0,12,25.632011235952593,8.382691467437308,40,0.21621621621621623,0.0,0.0,,,,185,177.72287142747462
1728,327361,-17481.942776,182,battery_depleted,0,1,0,0,11,27,41,19,26.476404589747453,4.571944802772595,31,0.17032967032967034,0.0,0.0,,,,182,183.3086578651016
1729,327540,-16885.275636,179,battery_depleted,0,1,0,0,0,48,37,0,55.758407437802596,4.846872860204442,26,0.1452513966480447,0.0,0.0,,,,179,185.72287142747473
1730,327721,-17272.271671,181,battery_depleted,0,1,0,0,47,29,13,16,29.068883707497267,7.3316657389053255,24,0.13259668508287292,0.0,0.0,,,,181,187.23759005323618
1731,327906,-18014.29224,185,battery_depleted,0,1,0,0,42,30,6,36,21.095023109728988,15.40155207206033,32,0.17297297297297298,0.0,0.0,,,,185,181.16652224137056
1732,328080,-15960.403409,174,battery_depleted,0,1,0,0,15,16,48,33,31.89043743820395,5.23098494833722,18,0.10344827586206896,0.0,0.0,,,,174,191.20815280171328
1733,328280,-21062.902512,200,battery_depleted,0,1,0,0,14,24,45,29,27.073972741361768,4.326664194853397,67,0.335,0.0,0.0,,,,200,159.50966799187813
1734,328448,-14893.001389,168,battery_depleted,0,1,0,0,27,43,33,4,36.124783736376884,3.334055577520836,8,0.047619047619047616,0.0,0.0,,,,168,196.45079348883252
1735,328628,-17081.354771,180,battery_depleted,0,1,0,0,32,49,23,10,38.2099463490856,1.8150458432934045,26,0.14444444444444443,0.0,0.0,,,,180,186.3086578651016
1736,328828,-21121.490245,200,battery_depleted,0,1,0,0,23,3,35,37,35.510561809129406,0.544950945510486,68,0.34,0.0,0.0,,,,200,160.5807358037436
1737,329029,-21251.693114,201,battery_depleted,0,1,0,0,0,26,44,35,30.4138126514911,14.49721049428014,77,0.38308457711442784,0.0,0.0,,,,201,153.8233764908629
1738,329247,-25000.001852,218,battery_depleted,0,1,0,0,35,31,21,2,27.294688127912362,4.907796248296872,103,0.4724770642201835,0.0,0.0,,,,218,139.43860018001257
1739,329423,-16385.187379,176,battery_depleted,0,1,0,0,46,45,47,6,43.46262762420146,-4.449809217939141,28,0.1590909090909091,0.0,0.0,,,,176,184.8650070512057
1740,329606,-17618.075269,183,battery_depleted,0,1,0,0,45,37,20,12,26.30589287593181,9.049446183395567,31,0.16939890710382513,0.0,0.0,,,,183,182.6518036156092
1741,329801,-20106.371243,195,battery_depleted,0,1,0,0,4,15,36,38,44.82186966202994,-5.413748671553876,61,0.3128205128205128,0.0,0.0,,,,195,164.65180361560908
1742,329997,-20255.614544,196,battery_depleted,0,1,0,0,29,6,9,38,30.0,7.735924528226413,57,0.29081632653061223,0.0,0.0,,,,196,168.40916292848988
1743,330174,-16454.830712,177,battery_depleted,0,1,0,0,36,48,15,16,18.788294228055936,19.487024189953342,25,0.14124293785310735,0.0,0.0,,,,177,187.62236636408633
1744,330364,-18967.325964,190,battery_depleted,0,1,0,0,1,29,36,44,21.37755832643195,16.701307202887595,43,0.22631578947368422,0.0,0.0,,,,190,176.82337649086298
1745,330545,-17294.668304,181,battery_depleted,0,1,0,0,44,27,13,2,41.10960958218893,-1.2849940787091754,28,0.15469613259668508,0.0,0.0,,,,181,184.06601717798233
1746,330748,-21629.227711,203,battery_depleted,0,1,0,0,5,31,42,0,31.064449134018133,17.20562441057055,71,0.3497536945812808,0.0,0.0,,,,203,159.75230867899737
1747,330968,-25435.097961,220,battery_depleted,0,1,0,0,6,3,9,40,37.05401462729781,0.06740775924335907,104,0.4727272727272727,0.0,0.0,,,,220,138.78174593052017
1748,331149,-17336.437451,181,battery_depleted,0,1,0,0,20,36,22,5,34.058772731852805,-2.994323597834672,31,0.1712707182320442,0.0,0.0,,,,181,182.72287142747467
1749,331340,-19202.897002,191,battery_depleted,0,1,0,0,48,24,0,26,29.410882339705484,18.63076625815177,49,0.25654450261780104,0.0,0.0,,,,191,173.06601717798227
1750,331558,-24961.173689,218,battery_depleted,0,1,0,0,1,40,34,24,29.5296461204668,7.144595521317697,98,0.44954128440366975,0.0,0.0,,,,218,142.78174593052023
1751,331746,-18683.255782,188,battery_depleted,0,1,0,0,30,32,7,2,45.45327270945405,-7.651156366582448,38,0.20212765957446807,0.0,0.0,,,,188,177.75230867899748
1752,331942,-20252.438952,196,battery_depleted,0,1,0,0,32,11,17,38,23.600847442411894,7.286042980549109,61,0.3112244897959184,0.0,0.0,,,,196,165.65180361560917
1753,332122,-17105.003153,180,battery_depleted,0,1,0,0,23,12,22,46,35.0,-0.9852972966100992,28,0.15555555555555556,0.0,0.0,,,,180,184.3086578651016
1754,332336,-24071.064555,214,battery_depleted,0,1,0,0,38,8,5,25,25.0,12.12142238654117,92,0.42990654205607476,0.0,0.0,,,,214,147.2670273047588
1755,332508,-15558.213985,172,battery_depleted,0,1,0,0,37,40,0,6,36.235341863986875,14.014036241617575,13,0.0755813953488372,0.0,0.0,,,,172,194.20815280171323
1756,332695,-18458.761488,187,battery_depleted,0,1,0,0,25,6,38,44,40.049968789001575,0.11220246704483117,35,0.18716577540106952,0.0,0.0,,,,187,179.75230867899748
1757,332881,-18166.115246,186,battery_depleted,0,1,0,0,35,14,5,3,19.1049731745428,12.848117442798117,31,0.16666666666666666,0.0,0.0,,,,186,183.58073580374372
1758,333093,-23665.977653,212,battery_depleted,0,1,0,0,8,3,26,48,34.36568055487916,14.100802709331376,88,0.41509433962264153,0.0,0.0,,,,212,149.68124086713195
1759,333288,-19975.045052,195,battery_depleted,0,1,0,0,27,1,24,32,18.0,13.144823004794873,55,0.28205128205128205,0.0,0.0,,,,195,168.1665222413706
1760,333469,-17256.763906,181,battery_depleted,0,1,0,0,45,48,12,3,47.80167361086848,8.001552102346345,32,0.17679558011049723,0.0,0.0,,,,181,182.96551211459396
1761,333648,-16904.132523,179,battery_depleted,0,1,0,0,30,38,20,11,25.553864678361276,3.2384954194146616,24,0.1340782122905028,0.0,0.0,,,,179,187.72287142747467
1762,333850,-21457.73582,202,battery_depleted,0,1,0,0,1,11,17,34,16.1245154965971,11.893335955646702,69,0.3415841584158416,0.0,0.0,,,,202,161.99494936611674
1763,334059,-23042.122801,209,battery_depleted,0,1,0,0,6,11,25,6,18.384776310850235,1.2621063935382644,86,0.41148325358851673,0.0,0.0,,,,209,152.4091629284898
1764,334234,-16197.499195,175,battery_depleted,0,1,0,0,26,9,24,26,20.223748416156685,-3.1065056475329946,18,0.10285714285714286,0.0,0.0,,,,175,189.72287142747467
1765,334427,-19573.986096,193,battery_depleted,0,1,0,0,1,11,18,12,4.123105625617661,12.906280740308741,41,0.21243523316062177,0.0,0.0,,,,193,178.9238815542513
1766,334638,-23359.599606,211,battery_depleted,0,1,0,0,42,29,7,14,21.18962010041709,16.889245428902452,83,0.3933649289099526,0.0,0.0,,,,211,151.6101730552664
1767,334835,-20452.674415,197,battery_depleted,0,1,0,0,17,16,46,34,30.4138126514911,3.7182836802609245,63,0.3197969543147208,0.0,0.0,,,,197,163.8233764908629
1768,335027,-19405.365338,192,battery_depleted,0,1,0,0,44,4,17,16,23.323807579381203,6.222765826007112,43,0.22395833333333334,0.0,0.0,,,,192,175.50966799187822
1769,335254,-27028.153335,227,battery_depleted,0,1,0,0,3,0,8,38,34.0147027033899,4.3128330900837,109,0.4801762114537445,0.0,0.0,,,,227,136.22539674441612
1770,335434,-17082.413919,180,battery_depleted,0,1,0,0,38,26,46,37,11.40175425099138,2.1997162577440648,21,0.11666666666666667,0.0,0.0,,,,180,188.8233764908631
1771,335606,-15636.284397,172,battery_depleted,0,1,0,0,34,38,43,38,12.083045973594572,-3.0830459735945723,13,0.0755813953488372,0.0,0.0,,,,172,192.96551211459405
1772,335809,-21763.167955,203,battery_depleted,0,1,0,0,4,30,2,19,25.495097567963924,-14.314757680464975,67,0.33004926108374383,0.0,0.0,,,,203,160.43860018001268
1773,336025,-24481.627512,216,battery_depleted,0,1,0,0,26,20,16,48,19.1049731745428,10.627164320094213,84,0.3888888888888889,0.0,0.0,,,,216,151.46803743153546
1774,336217,-19386.728928,192,battery_depleted,0,1,0,0,21,13,48,44,27.586228448267445,13.523381133921486,53,0.2760416666666667,0.0,0.0,,,,192,169.65180361560917
1775,336354,-9908.2,137,goal_reached,1,0,0,0,38,40,38,35,0.0,5.0,6,0.043795620437956206,17.999999999999833,0.0,,,,137,161.6518036156091
1776,336528,-16040.836582,174,battery_depleted,0,1,0,0,15,32,21,34,14.422205101855956,-8.097649781519198,24,0.13793103448275862,0.0,0.0,,,,174,188.107647738325
1777,336710,-17419.81785,182,battery_depleted,0,1,0,0,29,42,17,11,22.135943621178654,11.105596656010668,31,0.17032967032967034,0.0,0.0,,,,182,182.48023074035535
1778,336900,-18995.037163,190,battery_depleted,0,1,0,0,40,17,3,33,27.784887978899608,12.526400762593138,43,0.22631578947368422,0.0,0.0,,,,190,176.82337649086298
1779,337071,-15405.584047,171,battery_depleted,0,1,0,0,11,41,5,5,30.083217912982647,6.413357268806671,11,0.06432748538011696,0.0,0.0,,,,171,195.20815280171337
1780,337258,-18416.546153,187,battery_depleted,0,1,0,0,5,42,32,6,39.66106403010388,5.33893596989612,39,0.20855614973262032,0.0,0.0,,,,187,178.6518036156091
1781,337277,-139.004723,19,goal_reached,1,0,0,0,44,23,42,29,0.0,6.324555320336759,1,0.05263157894736842,89.44999999999999,0.0,,,,19,20.48528137423857
1782,337463,-18284.749008,186,battery_depleted,0,1,0,0,10,26,25,32,21.02379604162864,-4.868301620225129,43,0.23118279569892472,0.0,0.0,,,,186,175.30865786510154
1783,337672,-23014.961862,209,battery_depleted,0,1,0,0,17,25,31,33,16.76305461424021,-0.6385391176431128,75,0.3588516746411483,0.0,0.0,,,,209,157.61017305526644
1784,337853,-17280.567986,181,battery_depleted,0,1,0,0,11,45,29,6,37.64306044943742,5.310402740391638,32,0.17679558011049723,0.0,0.0,,,,181,182.5512985522209
1785,338062,-22979.260727,209,battery_depleted,0,1,0,0,9,28,36,34,16.55294535724685,11.105688014631813,87,0.41626794258373206,0.0,0.0,,,,209,150.58073580374355
1786,338088,-333.787854,26,goal_reached,1,0,0,0,27,12,21,13,0.0,6.082762530298219,2,0.07692307692307693,85.29999999999997,0.0,,,,26,28.55634918610405
1787,338267,-16899.938838,179,battery_depleted,0,1,0,0,1,46,48,36,40.792156108742276,7.259898998193577,32,0.1787709497206704,0.0,0.0,,,,179,180.96551211459396
1788,338433,-14583.542104,166,battery_depleted,0,1,0,0,45,23,44,13,15.033296378372908,-4.983420757252018,6,0.03614457831325301,0.0,0.0,,,,166,198.52186130069816
1789,338619,-18320.472957,186,battery_depleted,0,1,0,0,29,11,5,38,43.56604182158393,-7.441258085207046,42,0.22580645161290322,0.0,0.0,,,,186,175.8944443027285
1790,338833,-24091.969408,214,battery_depleted,0,1,0,0,2,11,45,29,37.48332962798263,9.132118455244033,90,0.4205607476635514,0.0,0.0,,,,214,148.85281374238576
1791,338905,-2762.762207,72,goal_reached,1,0,0,0,40,41,25,38,0.0,15.297058540778355,7,0.09722222222222222,59.049999999999926,0.0,,,,72,77.8406204335659
1792,339088,-17700.490264,183,battery_depleted,0,1,0,0,11,37,24,35,18.973665961010276,-5.820719523044371,36,0.19672131147540983,0.0,0.0,,,,183,180.13708498984778
1793,339295,-22516.03844,207,battery_depleted,0,1,0,0,33,5,7,29,27.65863337187866,7.724978654029602,76,0.3671497584541063,0.0,0.0,,,,207,155.85281374238573
1794,339484,-18869.790141,189,battery_depleted,0,1,0,0,43,1,26,1,20.615528128088304,-3.615528128088304,43,0.2275132275132275,0.0,0.0,,,,189,174.16652224137056
1795,339689,-22127.070943,205,battery_depleted,0,1,0,0,6,7,26,10,18.110770276274835,2.11297813988185,81,0.3951219512195122,0.0,0.0,,,,205,150.09545442950503
1796,339857,-14905.688186,168,battery_depleted,0,1,0,0,44,44,32,0,44.10215414239989,1.504862861565627,9,0.05357142857142857,0.0,0.0,,,,168,196.27922061357881
1797,340094,-29604.911839,237,battery_depleted,0,1,0,0,15,17,0,38,30.805843601498726,-4.998867800370846,127,0.5358649789029536,0.0,0.0,,,,237,126.98275605729681
1798,340291,-20403.819778,197,battery_depleted,0,1,0,0,13,25,4,23,6.0,3.219544457292887,47,0.23857868020304568,0.0,0.0,,,,197,174.4386001800127
1799,340472,-17214.011664,181,battery_depleted,0,1,0,0,19,36,44,25,9.0,18.313000567495326,30,0.16574585635359115,0.0,0.0,,,,181,184.13708498984778
1800,340663,-19217.001217,191,battery_depleted,0,1,0,0,8,45,49,42,34.52535300326414,6.584256578924794,51,0.2670157068062827,0.0,0.0,,,,191,169.82337649086293
1801,340855,-19471.59382,192,battery_depleted,0,1,0,0,8,13,1,2,14.035668847618199,-0.9972640372129007,55,0.2864583333333333,0.0,0.0,,,,192,168.48023074035532
1802,341050,-19956.848326,195,battery_depleted,0,1,0,0,34,28,9,49,16.278820596099706,16.370834838529312,49,0.2512820512820513,0.0,0.0,,,,195,172.09545442950508
1803,341224,-16025.61077,174,battery_depleted,0,1,0,0,35,47,42,26,25.495097567963924,-3.35915394678527,20,0.11494252873563218,0.0,0.0,,,,174,189.62236636408636
1804,341393,-15070.433806,169,battery_depleted,0,1,0,0,43,27,29,7,25.079872407968907,-0.6667611765015025,2,0.011834319526627219,0.0,0.0,,,,169,200.13708498984784
1805,341574,-17289.180489,181,battery_depleted,0,1,0,0,8,40,35,39,27.85677655436824,-0.8382643821556464,31,0.1712707182320442,0.0,0.0,,,,181,183.1370849898478
1806,341745,-15383.976254,171,battery_depleted,0,1,0,0,46,36,44,3,24.515301344262525,8.545249165370556,7,0.04093567251461988,0.0,0.0,,,,171,197.1370849898478
1807,341919,-15930.853109,174,battery_depleted,0,1,0,0,43,21,27,44,19.1049731745428,8.912878277701001,15,0.08620689655172414,0.0,0.0,,,,174,192.5512985522209
1808,342137,-25114.03169,218,battery_depleted,0,1,0,0,12,13,24,32,31.38470965295043,-8.9125045987062,101,0.463302752293578,0.0,0.0,,,,218,139.78174593052017
1809,342310,-15792.118338,173,battery_depleted,0,1,0,0,48,36,38,30,13.038404810405298,-1.3765010207146968,9,0.05202312138728324,0.0,0.0,,,,173,195.48023074035535
1810,342478,-14908.589364,168,battery_depleted,0,1,0,0,33,34,40,22,12.36931687685298,1.523127112596823,12,0.07142857142857142,0.0,0.0,,,,168,194.9360748630712
1811,342661,-17665.955791,183,battery_depleted,0,1,0,0,10,44,38,21,27.0,9.235341863986875,39,0.21311475409836064,0.0,0.0,,,,183,179.62236636408633
1812,342842,-17220.012993,181,battery_depleted,0,1,0,0,19,49,45,22,25.059928172283335,12.423401455699292,32,0.17679558011049723,0.0,0.0,,,,181,182.13708498984775
1813,343035,-19591.724302,193,battery_depleted,0,1,0,0,43,17,38,3,6.082762530298219,8.783306217020286,45,0.23316062176165803,0.0,0.0,,,,193,175.33809511662443
1814,343233,-20558.971775,198,battery_depleted,0,1,0,0,18,11,49,6,8.602325267042627,22.798311669172538,64,0.32323232323232326,0.0,0.0,,,,198,164.65180361560908
1815,343417,-17839.010661,184,battery_depleted,0,1,0,0,5,49,3,17,26.476404589747453,5.586034494015344,37,0.20108695652173914,0.0,0.0,,,,184,178.48023074035538
1816,343584,-14726.05938,167,battery_depleted,0,1,0,0,33,33,23,42,12.0,1.4536240470737098,5,0.029940119760479042,0.0,0.0,,,,167,198.86500705120574
1817,343780,-20208.495998,196,battery_depleted,0,1,0,0,40,3,44,41,30.4138126514911,7.796133697594499,54,0.2755102040816326,0.0,0.0,,,,196,169.75230867899745
1818,343954,-15941.112852,174,battery_depleted,0,1,0,0,36,46,20,37,10.295630140987,8.061929609698819,19,0.10919540229885058,0.0,0.0,,,,174,191.4507934888326
1819,344132,-16756.826038,178,battery_depleted,0,1,0,0,13,37,31,0,40.311288741492746,0.834792481389222,30,0.16853932584269662,0.0,0.0,,,,178,182.79393923934015
1820,344320,-18686.467039,188,battery_depleted,0,1,0,0,28,10,41,19,21.02379604162864,-5.212407740786743,46,0.24468085106382978,0.0,0.0,,,,188,172.6518036156092
1821,344512,-19425.131531,192,battery_depleted,0,1,0,0,47,2,14,6,22.360679774997898,10.880860502191425,49,0.2552083333333333,0.0,0.0,,,,192,171.1665222413706
1822,344693,-17234.116367,181,battery_depleted,0,1,0,0,3,48,35,12,38.27531841800928,9.891059897159906,24,0.13259668508287292,0.0,0.0,,,,181,186.823376490863
1823,344882,-18806.591464,189,battery_depleted,0,1,0,0,9,16,30,7,16.55294535724685,6.294373960344878,42,0.2222222222222222,0.0,0.0,,,,189,177.23759005323612
1824,345060,-16679.131353,178,battery_depleted,0,1,0,0,9,42,2,6,27.018512172212592,9.655729469571906,26,0.14606741573033707,0.0,0.0,,,,178,186.37972567696715
1825,345282,-25871.812103,222,battery_depleted,0,1,0,0,4,4,21,43,33.83784863137726,8.706246140988036,106,0.4774774774774775,0.0,0.0,,,,222,135.4680374315354
1826,345460,-16659.720157,178,battery_depleted,0,1,0,0,1,49,9,7,33.015148038438355,9.739968614425543,16,0.0898876404494382,0.0,0.0,,,,178,191.82337649086304
1827,345643,-17781.168561,183,battery_depleted,0,1,0,0,18,26,6,41,41.048751503547585,-21.83937879124904,34,0.18579234972677597,0.0,0.0,,,,183,180.89444430272852
1828,345831,-18559.485487,188,battery_depleted,0,1,0,0,33,9,6,35,20.591260281974,16.892069346008626,37,0.19680851063829788,0.0,0.0,,,,188,180.82337649086304
1829,346028,-20509.020211,197,battery_depleted,0,1,0,0,11,9,15,10,9.433981132056603,-5.310875506438943,57,0.2893401015228426,0.0,0.0,,,,197,167.3380951166244
1830,346199,-15492.81556,171,battery_depleted,0,1,0,0,33,48,39,48,16.55294535724685,-10.552945357246848,13,0.07602339181286549,0.0,0.0,,,,171,194.45079348883257
1831,346400,-21256.091497,201,battery_depleted,0,1,0,0,12,7,48,39,37.013511046643494,11.15286726852569,59,0.2935323383084577,0.0,0.0,,,,201,165.19595949289345
1832,346602,-21518.372039,202,battery_depleted,0,1,0,0,32,7,20,25,22.02271554554524,-0.3894078927613016,60,0.297029702970297,0.0,0.0,,,,202,164.7817459305203
1833,346816,-24062.219085,214,battery_depleted,0,1,0,0,25,21,1,32,13.416407864998739,12.984349699889432,93,0.43457943925233644,0.0,0.0,,,,214,145.8528137423857
1834,347020,-21927.055656,204,battery_depleted,0,1,0,0,40,2,37,19,21.633307652783937,-4.370631151151869,67,0.3284313725490196,0.0,0.0,,,,204,158.95331880577407
1835,347219,-20864.819728,199,battery_depleted,0,1,0,0,26,25,15,28,11.704699910719626,-0.3029456597282465,58,0.2914572864321608,0.0,0.0,,,,199,166.68124086713198
1836,347413,-19840.614919,194,battery_depleted,0,1,0,0,16,3,24,39,32.57299494980466,4.305182879366889,53,0.27319587628865977,0.0,0.0,,,,194,169.16652224137061
1837,347607,-19841.721172,194,battery_depleted,0,1,0,0,13,19,30,7,17.029386365926403,3.77926568075841,45,0.23195876288659795,0.0,0.0,,,,194,174.68124086713203
1838,347821,-24151.825,214,battery_depleted,0,1,0,0,12,9,33,38,35.805027579936315,0.0,92,0.42990654205607476,0.0,0.0,,,,214,146.02438661763955
1839,348007,-18204.103819,186,battery_depleted,0,1,0,0,7,49,24,26,15.033296378372908,13.567402913777274,41,0.22043010752688172,0.0,0.0,,,,186,176.89444430272846
1840,348214,-22585.917609,207,battery_depleted,0,1,0,0,11,9,31,5,19.849433241279208,0.5466448130919304,77,0.3719806763285024,0.0,0.0,,,,207,154.85281374238573
1841,348421,-22586.846546,207,battery_depleted,0,1,0,0,7,41,2,41,15.652475842498529,-10.652475842498529,67,0.32367149758454106,0.0,0.0,,,,207,161.53910524340102
1842,348603,-17447.888882,182,battery_depleted,0,1,0,0,33,6,13,8,11.045361017187261,9.054390225054519,31,0.17032967032967034,0.0,0.0,,,,182,183.72287142747464
1843,348795,-19382.778539,192,battery_depleted,0,1,0,0,23,2,11,49,32.0624390837628,16.445292258776817,54,0.28125,0.0,0.0,,,,192,170.7228714274746
1844,349000,-22159.137502,205,battery_depleted,0,1,0,0,9,20,6,11,5.0,4.486832980505138,74,0.36097560975609755,0.0,0.0,,,,205,157.50966799187808
1845,349198,-20686.707491,198,battery_depleted,0,1,0,0,45,14,40,1,14.560219778561036,-0.6318315013769169,58,0.29292929292929293,0.0,0.0,,,,198,166.5096679918782
1846,349387,-18762.512976,189,battery_depleted,0,1,0,0,25,9,18,43,22.47220505424423,12.240904861175334,41,0.21693121693121692,0.0,0.0,,,,189,177.823376490863
1847,349564,-16524.67624,177,battery_depleted,0,1,0,0,47,22,0,18,46.84015371452148,0.32975194576154365,18,0.1016949152542373,0.0,0.0,,,,177,190.48023074035547
1848,349737,-15741.713056,173,battery_depleted,0,1,0,0,49,36,6,40,35.4400902933387,7.745555470039669,5,0.028901734104046242,0.0,0.0,,,,173,198.2375900532362
1849,349934,-20478.584774,197,battery_depleted,0,1,0,0,18,43,42,27,31.11269837220809,-2.268288168496177,64,0.3248730964467005,0.0,0.0,,,,197,163.237590053236
1850,350127,-19629.413964,193,battery_depleted,0,1,0,0,5,39,2,19,19.313207915827967,0.9105405003287181,52,0.2694300518134715,0.0,0.0,,,,193,168.75230867899748
1851,350313,-18298.613479,186,battery_depleted,0,1,0,0,9,15,19,43,32.0,-2.267862505362988,41,0.22043010752688172,0.0,0.0,,,,186,176.8944443027285
1852,350517,-21914.243744,204,battery_depleted,0,1,0,0,3,15,9,4,15.231546211727817,-2.7015821255861496,71,0.3480392156862745,0.0,0.0,,,,204,158.68124086713192
1853,350706,-18873.691805,189,battery_depleted,0,1,0,0,36,36,6,7,37.8549864614954,3.870305628554732,48,0.25396825396825395,0.0,0.0,,,,189,172.89444430272846
1854,350887,-17371.001383,181,battery_depleted,0,1,0,0,12,34,29,12,44.10215414239989,-16.2992765934842,32,0.17679558011049723,0.0,0.0,,,,181,180.8944443027285
1855,351072,-18018.160464,185,battery_depleted,0,1,0,0,0,28,36,13,29.154759474226502,9.845240525773498,42,0.22702702702702704,0.0,0.0,,,,185,176.13708498984775
1856,351279,-22603.031639,207,battery_depleted,0,1,0,0,0,12,31,37,31.622776601683793,8.201838901795963,85,0.4106280193236715,0.0,0.0,,,,207,148.50966799187813
1857,351481,-21582.918474,202,battery_depleted,0,1,0,0,20,23,17,40,23.53720459187964,-6.274528090247571,69,0.3415841584158416,0.0,0.0,,,,202,161.58073580374366
1858,351661,-17076.62216,180,battery_depleted,0,1,0,0,27,6,17,1,8.94427190999916,2.23606797749979,21,0.11666666666666667,0.0,0.0,,,,180,187.99494936611686
1859,351834,-15755.133496,173,battery_depleted,0,1,0,0,35,38,40,23,11.40175425099138,4.409634049850517,4,0.023121387283236993,0.0,0.0,,,,173,199.2375900532361
1860,352006,-15578.423473,172,battery_depleted,0,1,0,0,47,29,40,43,8.54400374531753,7.108472097180998,9,0.05232558139534884,0.0,0.0,,,,172,197.37972567696715
1861,352218,-23653.909049,212,battery_depleted,0,1,0,0,4,13,47,28,41.0,4.541190146942803,90,0.42452830188679247,0.0,0.0,,,,212,148.0954544295049
1862,352420,-21467.770482,202,battery_depleted,0,1,0,0,48,47,11,3,55.80322571321482,1.6859036940044163,70,0.3465346534653465,0.0,0.0,,,,202,157.26702730475884
1863,352633,-23919.941116,213,battery_depleted,0,1,0,0,23,16,8,40,26.0,2.3019433961698113,89,0.41784037558685444,0.0,0.0,,,,213,147.61017305526642
1864,352816,-17671.298921,183,battery_depleted,0,1,0,0,21,19,43,22,23.853720883753127,-1.6501175725786084,28,0.15300546448087432,0.0,0.0,,,,183,184.4091629284899
1865,353009,-19687.345188,193,battery_depleted,0,1,0,0,28,16,20,2,14.560219778561036,1.5642957180360622,50,0.25906735751295334,0.0,0.0,,,,193,170.7523086789975
1866,353204,-20037.384924,195,battery_depleted,0,1,0,0,28,5,39,37,26.0,7.837848631377263,61,0.3128205128205128,0.0,0.0,,,,195,164.237590053236
1867,353401,-20478.032904,197,battery_depleted,0,1,0,0,26,5,6,41,38.47076812334269,2.7117524406053164,66,0.3350253807106599,0.0,0.0,,,,197,162.06601717798225
1868,353603,-21490.031319,202,battery_depleted,0,1,0,0,25,25,10,48,24.020824298928627,3.4382361365633365,65,0.3217821782178218,0.0,0.0,,,,202,163.50966799187816
1869,353806,-21673.193454,203,battery_depleted,0,1,0,0,2,6,15,32,13.416407864998739,15.652475842498529,79,0.3891625615763547,0.0,0.0,,,,203,152.58073580374364
1870,353981,-16173.625955,175,battery_depleted,0,1,0,0,29,49,21,24,27.313000567495326,-1.0641910706819502,20,0.11428571428571428,0.0,0.0,,,,175,188.13708498984778
1871,354173,-19350.131796,192,battery_depleted,0,1,0,0,13,14,34,27,6.708203932499369,17.989974137957567,54,0.28125,0.0,0.0,,,,192,168.237590053236
1872,354353,-17145.189992,180,battery_depleted,0,1,0,0,25,39,25,26,21.95449840010015,-8.95449840010015,25,0.1388888888888889,0.0,0.0,,,,180,185.65180361560925
1873,354543,-18911.353362,190,battery_depleted,0,1,0,0,42,0,19,22,5.0,26.827660925679098,46,0.24210526315789474,0.0,0.0,,,,190,173.823376490863
1874,354731,-18624.878458,188,battery_depleted,0,1,0,0,14,34,39,28,20.12461179749811,5.585308466866774,48,0.2553191489361702,0.0,0.0,,,,188,173.1370849898477
1875,354924,-19695.970536,193,battery_depleted,0,1,0,0,47,8,43,34,34.0,-7.694107124068189,54,0.27979274611398963,0.0,0.0,,,,193,167.58073580374364
1876,355117,-19599.463454,193,battery_depleted,0,1,0,0,11,3,37,22,22.80350850198276,9.398975874226476,54,0.27979274611398963,0.0,0.0,,,,193,170.48023074035532
1877,355308,-19227.036925,191,battery_depleted,0,1,0,0,42,5,40,37,26.92582403567252,5.1366150480902775,48,0.2513089005235602,0.0,0.0,,,,191,172.82337649086293
1878,355514,-22257.262142,206,battery_depleted,0,1,0,0,8,11,48,32,21.095023109728988,24.082404882577084,77,0.3737864077669903,0.0,0.0,,,,206,155.92388155425115
1879,355694,-17117.368604,180,battery_depleted,0,1,0,0,24,38,43,6,38.8329756778952,-1.6173875460384082,26,0.14444444444444443,0.0,0.0,,,,180,185.06601717798222
1880,355887,-19605.281454,193,battery_depleted,0,1,0,0,42,18,4,6,22.80350850198276,17.046209188359793,53,0.27461139896373055,0.0,0.0,,,,193,169.82337649086296
1881,356054,-14729.872874,167,battery_depleted,0,1,0,0,43,37,13,7,42.05948168962618,0.3669251815666712,7,0.041916167664670656,0.0,0.0,,,,167,196.86500705120568
1882,356082,-383.6225,28,goal_reached,1,0,0,0,38,45,38,37,0.0,8.0,1,0.03571428571428571,83.54999999999997,0.0,,,,28,32.38477631085024
1883,356279,-20440.383382,197,battery_depleted,0,1,0,0,15,5,6,46,28.792360097775937,13.183823625854775,67,0.3401015228426396,0.0,0.0,,,,197,160.23759005323598
1884,356373,-4736.568711,94,goal_reached,1,0,0,0,10,49,2,48,0.0,8.06225774829855,12,0.1276595744680851,50.39999999999993,0.0,,,,94,93.18376618407352
1885,356559,-18262.469842,186,battery_depleted,0,1,0,0,17,42,40,9,35.35533905932738,4.869031662910153,40,0.21505376344086022,0.0,0.0,,,,186,175.82337649086298
1886,356737,-16677.912869,178,battery_depleted,0,1,0,0,44,40,20,19,25.632011235952593,6.258426202251357,18,0.10112359550561797,0.0,0.0,,,,178,191.4802307403555
1887,356909,-15537.389604,172,battery_depleted,0,1,0,0,40,42,16,40,7.280109889280518,16.803079268304074,14,0.08139534883720931,0.0,0.0,,,,172,193.2081528017133
1888,357091,-17506.355833,182,battery_depleted,0,1,0,0,30,40,30,7,37.0,-4.0,29,0.15934065934065933,0.0,0.0,,,,182,184.0660171779823
1889,357269,-16749.214088,178,battery_depleted,0,1,0,0,30,10,6,36,34.132096331752024,1.2515156941562395,24,0.1348314606741573,0.0,0.0,,,,178,187.5512985522209
1890,357441,-15554.327519,172,battery_depleted,0,1,0,0,42,36,22,36,8.54400374531753,11.45599625468247,9,0.05232558139534884,0.0,0.0,,,,172,195.3086578651016
1891,357626,-18018.507095,185,battery_depleted,0,1,0,0,23,8,6,23,10.816653826391969,11.8549142711173,42,0.22702702702702704,0.0,0.0,,,,185,176.96551211459388
1892,357832,-22383.579906,206,battery_depleted,0,1,0,0,17,25,17,29,9.433981132056603,-5.433981132056603,82,0.39805825242718446,0.0,0.0,,,,206,152.58073580374355
1893,358005,-15782.241339,173,battery_depleted,0,1,0,0,44,37,7,39,31.064449134018133,5.989565493279677,17,0.09826589595375723,0.0,0.0,,,,173,191.6223663640864
1894,358191,-18301.440797,186,battery_depleted,0,1,0,0,17,28,33,27,21.93171219946131,-5.90049265757991,42,0.22580645161290322,0.0,0.0,,,,186,174.6518036156091
1895,358375,-17866.217159,184,battery_depleted,0,1,0,0,21,21,43,19,16.278820596099706,5.811901438274816,44,0.2391304347826087,0.0,0.0,,,,184,174.37972567696704
1896,358545,-15206.333203,170,battery_depleted,0,1,0,0,24,48,42,42,10.44030650891055,8.533359452099726,6,0.03529411764705882,0.0,0.0,,,,170,197.55129855222094
1897,358736,-19222.826884,191,battery_depleted,0,1,0,0,24,33,28,10,20.12461179749811,3.220623262359396,46,0.24083769633507854,0.0,0.0,,,,191,175.23759005323612
1898,358942,-22341.506752,206,battery_depleted,0,1,0,0,35,1,41,11,11.40175425099138,0.2601495386992223,73,0.35436893203883496,0.0,0.0,,,,206,154.95331880577405
1899,359118,-16289.25201,176,battery_depleted,0,1,0,0,30,44,47,15,19.313207915827967,14.302264712115253,20,0.11363636363636363,0.0,0.0,,,,176,190.3797256769671
1900,359302,-17801.470397,184,battery_depleted,0,1,0,0,27,6,7,23,12.206555615733702,14.042253881079674,34,0.18478260869565216,0.0,0.0,,,,184,181.4802307403554
1901,359509,-22549.48596,207,battery_depleted,0,1,0,0,30,2,41,48,43.01162633521314,4.285308026328735,81,0.391304347826087,0.0,0.0,,,,207,152.095454429505
1902,359700,-19224.050833,191,battery_depleted,0,1,0,0,10,33,5,21,13.0,0.0,45,0.2356020942408377,0.0,0.0,,,,191,174.99494936611677
1903,359884,-17805.348348,184,battery_depleted,0,1,0,0,41,21,4,25,22.825424421026653,14.390163710830137,37,0.20108695652173914,0.0,0.0,,,,184,179.72287142747464
1904,360099,-24239.014817,215,battery_depleted,0,1,0,0,39,11,15,35,18.439088914585774,15.502036582368504,86,0.4,0.0,0.0,,,,215,150.95331880577407
1905,360286,-18426.143671,187,battery_depleted,0,1,0,0,11,45,38,33,21.633307652783937,7.913265752604378,46,0.24598930481283424,0.0,0.0,,,,187,174.13708498984778
1906,360482,-20196.986912,196,battery_depleted,0,1,0,0,22,22,18,9,5.0990195135927845,8.50245099514266,53,0.27040816326530615,0.0,0.0,,,,196,170.33809511662437
1907,360663,-17233.60902,181,battery_depleted,0,1,0,0,10,30,47,28,20.808652046684813,16.245362580612998,33,0.18232044198895028,0.0,0.0,,,,181,181.13708498984775
1908,360850,-18374.414047,187,battery_depleted,0,1,0,0,45,48,31,0,37.33630940518894,12.663690594811058,43,0.22994652406417113,0.0,0.0,,,,187,176.30865786510157
1909,361030,-17079.45481,180,battery_depleted,0,1,0,0,25,6,46,48,41.23105625617661,5.726371271318975,26,0.14444444444444443,0.0,0.0,,,,180,185.89444430272854
1910,361206,-16364.87671,176,battery_depleted,0,1,0,0,36,36,34,45,17.029386365926403,-7.809841908633516,11,0.0625,0.0,0.0,,,,176,195.6518036156092
1911,361389,-17655.740301,183,battery_depleted,0,1,0,0,21,46,4,3,44.204072210600685,2.0344398761868803,31,0.16939890710382513,0.0,0.0,,,,183,181.823376490863
1912,361575,-18099.0599,186,battery_depleted,0,1,0,0,45,41,11,24,14.142135623730951,23.871019993765472,28,0.15053763440860216,0.0,0.0,,,,186,183.26702730475893
1913,361783,-22742.434139,208,battery_depleted,0,1,0,0,7,2,42,16,29.966648127543394,7.729505522398135,84,0.40384615384615385,0.0,0.0,,,,208,150.92388155425118
1914,361979,-20358.242024,196,battery_depleted,0,1,0,0,5,5,6,3,17.69180601295413,-15.455738035454342,56,0.2857142857142857,0.0,0.0,,,,196,169.82337649086293
1915,362159,-17100.291282,180,battery_depleted,0,1,0,0,26,10,14,33,25.0,0.9422435421456932,19,0.10555555555555556,0.0,0.0,,,,180,188.75230867899757
1916,362345,-18279.110054,186,battery_depleted,0,1,0,0,8,18,40,9,39.84971769034255,-6.6081774131532285,39,0.20967741935483872,0.0,0.0,,,,186,176.823376490863
1917,362516,-15514.030317,171,battery_depleted,0,1,0,0,36,36,35,47,22.825424421026653,-11.780063403839392,6,0.03508771929824561,0.0,0.0,,,,171,198.96551211459405
1918,362704,-18665.894071,188,battery_depleted,0,1,0,0,6,30,21,13,22.02271554554524,0.6488525519640298,46,0.24468085106382978,0.0,0.0,,,,188,173.06601717798225
1919,362892,-18679.69921,188,battery_depleted,0,1,0,0,47,7,31,38,38.3275357934736,-3.442008708448782,31,0.16489361702127658,0.0,0.0,,,,188,183.09545442950508
1920,363071,-16793.020249,179,battery_depleted,0,1,0,0,41,41,12,7,24.08318915758459,20.60461678542407,18,0.1005586592178771,0.0,0.0,,,,179,189.99494936611688
1921,363258,-18402.633208,187,battery_depleted,0,1,0,0,47,46,23,33,21.840329667841555,5.454358460070807,40,0.21390374331550802,0.0,0.0,,,,187,176.40916292848982
1922,363450,-19436.979482,192,battery_depleted,0,1,0,0,8,44,10,26,17.0,1.1107702762748346,48,0.25,0.0,0.0,,,,192,171.75230867899745
1923,363622,-15574.037427,172,battery_depleted,0,1,0,0,40,36,19,11,23.323807579381203,9.325847855247815,12,0.06976744186046512,0.0,0.0,,,,172,193.96551211459408
1924,363796,-16006.771173,174,battery_depleted,0,1,0,0,37,35,24,4,36.22154055254967,-2.6060679246064495,23,0.13218390804597702,0.0,0.0,,,,174,187.03657992645944
1925,363992,-20239.148502,196,battery_depleted,0,1,0,0,46,5,19,44,41.43669871020132,5.997466192324367,55,0.28061224489795916,0.0,0.0,,,,196,166.68124086713195
1926,364051,-1923.356667,59,goal_reached,1,0,0,0,15,44,21,44,0.0,6.0,14,0.23728813559322035,68.19999999999997,0.0,,,,59,55.35533905932736
1927,364223,-15662.416248,172,battery_depleted,0,1,0,0,43,27,38,16,18.867962264113206,-6.784916290518634,18,0.10465116279069768,0.0,0.0,,,,172,190.45079348883263
1928,364314,-4403.424322,91,goal_reached,1,0,0,0,48,25,34,27,0.0,14.142135623730951,6,0.06593406593406594,47.299999999999876,0.0,,,,91,102.81118318204302
1929,364504,-19070.355638,190,battery_depleted,0,1,0,0,27,31,46,15,31.906112267087632,-7.06662757033919,43,0.22631578947368422,0.0,0.0,,,,190,175.1665222413706
1930,364718,-24062.352828,214,battery_depleted,0,1,0,0,2,11,44,30,32.01562118716424,14.082101099300196,96,0.4485981308411215,0.0,0.0,,,,214,145.33809511662423
1931,364900,-17458.898105,182,battery_depleted,0,1,0,0,32,40,8,45,18.439088914585774,6.076212429676751,33,0.1813186813186813,0.0,0.0,,,,182,181.30865786510157
1932,365093,-19564.938539,193,battery_depleted,0,1,0,0,47,1,43,37,20.223748416156685,15.997792136392984,51,0.26424870466321243,0.0,0.0,,,,193,171.4091629284899
1933,365278,-18096.160654,185,battery_depleted,0,1,0,0,1,32,0,23,15.556349186104045,-6.500964047966628,39,0.21081081081081082,0.0,0.0,,,,185,176.65180361560914
1934,365472,-19940.833141,194,battery_depleted,0,1,0,0,25,28,26,10,30.083217912982647,-12.055461535662701,49,0.25257731958762886,0.0,0.0,,,,194,172.75230867899748
1935,365650,-16698.403647,178,battery_depleted,0,1,0,0,4,39,26,6,30.14962686336267,9.51143716674121,31,0.17415730337078653,0.0,0.0,,,,178,183.0365799264595
1936,365842,-19448.496915,192,battery_depleted,0,1,0,0,12,23,2,19,12.083045973594572,-1.3127163593255649,56,0.2916666666666667,0.0,0.0,,,,192,166.65180361560914
1937,366049,-22568.928483,207,battery_depleted,0,1,0,0,19,28,42,19,19.313207915827967,5.38497015462897,76,0.3671497584541063,0.0,0.0,,,,207,155.8528137423857
1938,366218,-15099.421678,169,battery_depleted,0,1,0,0,43,40,24,1,44.721359549995796,-1.3393356230280702,12,0.07100591715976332,0.0,0.0,,,,169,194.69343417595195
1939,366405,-18459.739282,187,battery_depleted,0,1,0,0,24,10,35,13,12.649110640673518,-1.247356389682139,37,0.19786096256684493,0.0,0.0,,,,187,178.99494936611683
1940,366590,-18005.638631,185,battery_depleted,0,1,0,0,30,36,49,28,11.40175425099138,9.213773877096925,41,0.22162162162162163,0.0,0.0,,,,185,177.55129855222089
1941,366762,-15556.135722,172,battery_depleted,0,1,0,0,46,30,33,4,20.615528128088304,8.453355579408964,5,0.029069767441860465,0.0,0.0,,,,172,198.06601717798242
1942,366966,-21978.504656,204,battery_depleted,0,1,0,0,42,20,45,19,10.04987562112089,-6.88759796095251,82,0.4019607843137255,0.0,0.0,,,,204,152.23759005323592
1943,367154,-18585.672442,188,battery_depleted,0,1,0,0,30,43,5,33,10.63014581273465,16.29567822293787,47,0.25,0.0,0.0,,,,188,172.89444430272843
1944,367376,-25907.107677,222,battery_depleted,0,1,0,0,25,1,47,33,37.013511046643494,1.819464631251705,110,0.4954954954954955,0.0,0.0,,,,222,132.71067811865467
1945,367562,-18265.401856,186,battery_depleted,0,1,0,0,2,31,0,38,9.433981132056603,-2.153871242776085,41,0.22043010752688172,0.0,0.0,,,,186,176.8944443027284
1946,367770,-22814.557335,208,battery_depleted,0,1,0,0,38,10,45,19,16.76305461424021,-5.361300363248832,81,0.3894230769230769,0.0,0.0,,,,208,153.50966799187808
1947,367979,-22949.158635,209,battery_depleted,0,1,0,0,14,3,29,14,14.142135623730951,4.458939614007324,78,0.37320574162679426,0.0,0.0,,,,209,155.43860018001263
1948,368173,-19748.783154,194,battery_depleted,0,1,0,0,6,43,40,20,19.697715603592208,21.351035899955377,56,0.28865979381443296,0.0,0.0,,,,194,168.2375900532361
1949,368364,-19224.266148,191,battery_depleted,0,1,0,0,3,26,38,8,36.89173349139343,2.4656038169154257,51,0.2670157068062827,0.0,0.0,,,,191,170.65180361560914
1950,368540,-16329.942889,176,battery_depleted,0,1,0,0,34,42,20,30,13.0,5.439088914585774,18,0.10227272727272728,0.0,0.0,,,,176,189.89444430272846
1951,368725,-18056.184458,185,battery_depleted,0,1,0,0,36,16,13,33,26.40075756488817,2.1999417272620114,39,0.21081081081081082,0.0,0.0,,,,185,178.72287142747467
1952,368937,-23722.19508,212,battery_depleted,0,1,0,0,15,5,18,37,36.0,-3.859682640023607,86,0.4056603773584906,0.0,0.0,,,,212,152.09545442950503
1953,369139,-21431.207547,202,battery_depleted,0,1,0,0,25,34,5,37,8.06225774829855,12.161490667858136,60,0.297029702970297,0.0,0.0,,,,202,167.681240867132
1954,369337,-20692.657613,198,battery_depleted,0,1,0,0,19,12,48,21,28.635642126552707,1.728810774825245,60,0.30303030303030304,0.0,0.0,,,,198,165.33809511662434
1955,369523,-18303.802836,186,battery_depleted,0,1,0,0,14,45,30,10,40.8166632639171,-2.332900454129387,48,0.25806451612903225,0.0,0.0,,,,186,171.55129855222083
1956,369705,-17459.43716,182,battery_depleted,0,1,0,0,43,13,41,17,2.23606797749979,2.23606797749979,33,0.1813186813186813,0.0,0.0,,,,182,180.4802307403554
1957,369878,-15775.380075,173,battery_depleted,0,1,0,0,48,41,11,41,34.17601498127012,2.8239850187298785,12,0.06936416184971098,0.0,0.0,,,,173,193.30865786510165
1958,370082,-21873.119603,204,battery_depleted,0,1,0,0,11,14,19,44,22.20360331117452,8.84474608134553,74,0.3627450980392157,0.0,0.0,,,,204,156.09545442950503
1959,370259,-16529.7075,177,battery_depleted,0,1,0,0,42,23,0,9,44.27188724235731,0.0,23,0.12994350282485875,0.0,0.0,,,,177,187.13708498984778
1960,370444,-18009.839018,185,battery_depleted,0,1,0,0,22,1,37,37,31.400636936215164,7.5993630637848355,31,0.16756756756756758,0.0,0.0,,,,185,182.58073580374372
1961,370630,-18225.662699,186,battery_depleted,0,1,0,0,18,15,23,7,5.656854249492381,3.7771268825642226,34,0.1827956989247312,0.0,0.0,,,,186,180.5807358037437
1962,370818,-18591.380374,188,battery_depleted,0,1,0,0,25,49,0,14,29.832867780352597,13.17875855486054,39,0.2074468085106383,0.0,0.0,,,,188,178.40916292848993
1963,371019,-21265.407554,201,battery_depleted,0,1,0,0,9,6,38,37,33.015148038438355,9.434822515143892,70,0.3482587064676617,0.0,0.0,,,,201,160.4091629284898
1964,371203,-17886.08056,184,battery_depleted,0,1,0,0,30,14,33,46,34.20526275297414,-2.0649453929977497,35,0.19021739130434784,0.0,0.0,,,,184,182.13708498984778
1965,371393,-19042.123225,190,battery_depleted,0,1,0,0,46,30,20,19,25.0,3.2311884269862077,39,0.20526315789473684,0.0,0.0,,,,190,177.09545442950505
1966,371567,-15982.849899,174,battery_depleted,0,1,0,0,48,40,33,44,14.317821063276353,1.2063536329836708,20,0.11494252873563218,0.0,0.0,,,,174,189.6223663640864
1967,371758,-19237.647184,191,battery_depleted,0,1,0,0,40,6,41,22,14.7648230602334,1.2663964816479982,43,0.225130890052356,0.0,0.0,,,,191,175.75230867899748
1968,371940,-17479.386499,182,battery_depleted,0,1,0,0,8,46,11,40,8.54400374531753,-1.835799812818161,33,0.1813186813186813,0.0,0.0,,,,182,181.7228714274747
1969,372133,-19654.176426,193,battery_depleted,0,1,0,0,23,5,46,31,35.510561809129406,-0.7974518937098409,57,0.29533678756476683,0.0,0.0,,,,193,168.3086578651015
1970,372301,-14712.041448,168,goal_reached,1,1,0,0,32,49,40,33,0.0,17.88854381999832,1,0.005952380952380952,0.0,0.0,,,,168,201.37972567696715
1971,372497,-20220.027783,196,battery_depleted,0,1,0,0,45,15,4,22,30.265491900843113,11.327776785327732,62,0.3163265306122449,0.0,0.0,,,,196,164.65180361560914
1972,372679,-17477.009013,182,battery_depleted,0,1,0,0,8,33,30,18,21.095023109728988,5.532030801659708,35,0.19230769230769232,0.0,0.0,,,,182,179.72287142747476
1973,372856,-16566.953631,177,battery_depleted,0,1,0,0,43,32,48,49,28.284271247461902,-10.564226100792553,13,0.07344632768361582,0.0,0.0,,,,177,195.48023074035544
1974,373024,-14869.147878,168,battery_depleted,0,1,0,0,37,43,39,29,9.219544457292887,4.922591166438064,1,0.005952380952380952,0.0,0.0,,,,168,201.79393923934026
1975,373218,-19781.226711,194,battery_depleted,0,1,0,0,15,46,36,37,9.899494936611665,12.94782438098006,51,0.26288659793814434,0.0,0.0,,,,194,170.7523086789975
1976,373393,-16140.084108,175,battery_depleted,0,1,0,0,49,25,18,9,33.83784863137726,1.0476784536475563,11,0.06285714285714286,0.0,0.0,,,,175,195.48023074035544
1977,373572,-16870.887465,179,battery_depleted,0,1,0,0,11,23,34,9,16.64331697709324,10.28250705857928,30,0.16759776536312848,0.0,0.0,,,,179,182.55129855222083
1978,373773,-21290.562516,201,battery_depleted,0,1,0,0,14,25,3,4,10.04987562112089,13.656663561138505,71,0.35323383084577115,0.0,0.0,,,,201,159.4091629284898
1979,373954,-17295.826146,181,battery_depleted,0,1,0,0,29,42,14,15,30.364452901377952,0.5224375215830506,26,0.143646408839779,0.0,0.0,,,,181,184.40916292848993
1980,374122,-14915.56344,168,battery_depleted,0,1,0,0,26,42,33,4,42.190046219457976,-3.5506880467346633,4,0.023809523809523808,0.0,0.0,,,,168,199.20815280171334
1981,374290,-14886.274972,168,battery_depleted,0,1,0,0,37,39,45,42,5.385164807134504,3.1588389381830266,3,0.017857142857142856,0.0,0.0,,,,168,199.37972567696707
1982,374456,-14597.98324,166,battery_depleted,0,1,0,0,29,31,2,35,35.12833614050059,-7.833648012588231,4,0.024096385542168676,0.0,0.0,,,,166,199.69343417595192
1983,374631,-16169.357785,175,battery_depleted,0,1,0,0,12,37,25,16,23.345235059857504,1.3529430105994322,19,0.10857142857142857,0.0,0.0,,,,175,190.37972567696713
1984,374844,-23826.590443,213,battery_depleted,0,1,0,0,16,2,7,32,15.524174696260024,15.796744830471626,83,0.38967136150234744,0.0,0.0,,,,213,152.36753236814715
1985,374899,-1650.065,55,goal_reached,1,0,0,0,29,47,33,44,0.0,5.0,4,0.07272727272727272,68.69999999999996,0.0,,,,55,60.112698372208065
1986,375092,-19556.558012,193,battery_depleted,0,1,0,0,20,18,6,43,11.704699910719626,16.94839765306918,50,0.25906735751295334,0.0,0.0,,,,193,170.75230867899748
1987,375308,-24658.48232,216,battery_depleted,0,1,0,0,1,4,2,4,12.529964086141668,-11.529964086141668,105,0.4861111111111111,0.0,0.0,,,,216,138.75230867899734
1988,375490,-17483.260647,182,battery_depleted,0,1,0,0,2,33,30,11,36.124783736376884,-0.5157961068471693,30,0.16483516483516483,0.0,0.0,,,,182,183.89444430272846
1989,375711,-25649.609655,221,battery_depleted,0,1,0,0,27,23,10,39,15.620499351813308,7.7247357080441965,102,0.46153846153846156,0.0,0.0,,,,221,139.71067811865473
1990,375896,-18020.327687,185,battery_depleted,0,1,0,0,16,46,26,5,35.11409973215888,7.0877959598595055,36,0.1945945945945946,0.0,0.0,,,,185,177.5807358037437
1991,376081,-18029.895435,185,battery_depleted,0,1,0,0,7,32,9,47,9.486832980505138,5.645912969916418,40,0.21621621621621623,0.0,0.0,,,,185,177.30865786510154
1992,376279,-20712.010617,198,battery_depleted,0,1,0,0,6,40,5,43,7.0710678118654755,-3.908790151697096,64,0.32323232323232326,0.0,0.0,,,,198,162.99494936611677
1993,376498,-25182.880323,219,battery_depleted,0,1,0,0,4,4,40,45,47.4236228055175,7.138268657297459,104,0.4748858447488584,0.0,0.0,,,,219,137.78174593052017
1994,376668,-15198.988061,170,battery_depleted,0,1,0,0,38,37,44,13,15.132745950421556,9.605887803284405,5,0.029411764705882353,0.0,0.0,,,,170,198.96551211459405
1995,376852,-17951.654564,184,battery_depleted,0,1,0,0,16,19,24,23,28.0178514522438,-19.07357954224464,28,0.15217391304347827,0.0,0.0,,,,184,185.40916292848985
1996,377048,-20195.241299,196,battery_depleted,0,1,0,0,1,13,44,12,16.0312195418814,26.98040679333174,66,0.336734693877551,0.0,0.0,,,,196,161.06601717798222
1997,377257,-23058.214763,209,battery_depleted,0,1,0,0,15,30,28,42,24.166091947189145,-6.474285934235013,88,0.42105263157894735,0.0,0.0,,,,209,149.16652224137044
1998,377473,-24618.952409,216,battery_depleted,0,1,0,0,31,19,46,2,33.421549934136806,-10.749981836627537,101,0.4675925925925926,0.0,0.0,,,,216,141.50966799187805
1999,377657,-17834.428691,184,battery_depleted,0,1,0,0,44,0,22,4,20.09975124224178,2.260928532756118,28,0.15217391304347827,0.0,0.0,,,,184,184.99494936611688
2000,377848,-19173.209277,191,battery_depleted,0,1,0,0,14,27,47,17,22.67156809750927,11.810311201624064,47,0.24607329842931938,0.0,0.0,,,,191,175.06601717798227
2001,378031,-17584.457289,183,battery_depleted,0,1,0,0,40,39,15,34,6.324555320336759,19.170542247627164,28,0.15300546448087432,0.0,0.0,,,,183,183.58073580374375
2002,378219,-18611.90806,188,battery_depleted,0,1,0,0,33,16,11,16,16.55294535724685,5.447054642753152,40,0.2127659574468085,0.0,0.0,,,,188,176.16652224137053
2003,378408,-18865.838785,189,battery_depleted,0,1,0,0,19,39,28,6,34.52535300326414,-0.3200902502899936,48,0.25396825396825395,0.0,0.0,,,,189,170.40916292848985
2004,378577,-15093.151193,169,battery_depleted,0,1,0,0,42,29,47,21,14.560219778561036,-5.126238646504433,2,0.011834319526627219,0.0,0.0,,,,169,200.965512114594
2005,378748,-15421.903863,171,battery_depleted,0,1,0,0,29,45,21,18,22.561028345356956,5.59922733530049,18,0.10526315789473684,0.0,0.0,,,,171,190.6934341759519
2006,378919,-15415.673754,171,battery_depleted,0,1,0,0,48,28,41,18,10.44030650891055,1.7662491068231514,6,0.03508771929824561,0.0,0.0,,,,171,197.72287142747473
2007,379117,-20657.563333,198,battery_depleted,0,1,0,0,25,24,14,18,12.529964086141668,0.0,56,0.2828282828282828,0.0,0.0,,,,198,169.3380951166244
2008,379307,-19057.429397,190,battery_depleted,0,1,0,0,21,46,25,5,36.68787265568828,4.506787192403678,54,0.28421052631578947,0.0,0.0,,,,190,169.55129855222083
2009,379518,-23393.009382,211,battery_depleted,0,1,0,0,2,4,49,28,38.8329756778952,13.940123529939846,94,0.44549763033175355,0.0,0.0,,,,211,142.68124086713186
2010,379687,-15064.602524,169,battery_depleted,0,1,0,0,43,35,11,3,44.553338819890925,0.7014951760481196,2,0.011834319526627219,0.0,0.0,,,,169,200.13708498984784
2011,379884,-20422.360931,197,battery_depleted,0,1,0,0,21,31,12,19,5.0990195135927845,9.900980486407216,61,0.3096446700507614,0.0,0.0,,,,197,167.06601717798225
2012,380055,-15416.557637,171,battery_depleted,0,1,0,0,8,35,35,39,22.02271554554524,5.271972582367123,11,0.06432748538011696,0.0,0.0,,,,171,195.62236636408645
2013,380233,-16672.583337,178,battery_depleted,0,1,0,0,14,47,0,27,16.55294535724685,7.860165874220556,17,0.09550561797752809,0.0,0.0,,,,178,192.06601717798233
2014,380404,-15440.205701,171,battery_depleted,0,1,0,0,43,32,18,11,35.4682957019364,-2.81864026730738,7,0.04093567251461988,0.0,0.0,,,,171,197.13708498984778
2015,380589,-18093.687795,185,battery_depleted,0,1,0,0,38,6,45,4,14.035668847618199,-6.755558958337681,34,0.1837837837837838,0.0,0.0,,,,185,181.23759005323603
2016,380786,-20389.113398,197,battery_depleted,0,1,0,0,42,5,9,38,37.64306044943742,9.025987108874716,56,0.28426395939086296,0.0,0.0,,,,197,169.16652224137053
2017,380975,-18743.074745,189,battery_depleted,0,1,0,0,47,5,10,32,21.93171219946131,23.872217762933836,51,0.2698412698412698,0.0,0.0,,,,189,170.72287142747467
2018,381161,-18254.13735,186,battery_depleted,0,1,0,0,37,5,33,26,22.561028345356956,-1.1834700189250071,38,0.20430107526881722,0.0,0.0,,,,186,179.48023074035538
2019,381338,-16464.225979,177,battery_depleted,0,1,0,0,42,13,17,45,28.844410203711913,11.763470804781992,18,0.1016949152542373,0.0,0.0,,,,177,191.30865786510162
2020,381509,-15389.092877,171,battery_depleted,0,1,0,0,38,46,46,23,15.0,9.351591323771842,11,0.06432748538011696,0.0,0.0,,,,171,194.79393923934023
2021,381711,-21536.504,202,battery_depleted,0,1,0,0,29,18,44,46,27.459060435491963,4.305699913045217,71,0.35148514851485146,0.0,0.0,,,,202,159.99494936611674
2022,381893,-17491.382959,182,battery_depleted,0,1,0,0,9,37,28,1,40.45985664828782,0.2464082258074214,36,0.1978021978021978,0.0,0.0,,,,182,179.13708498984778
2023,382112,-25236.517126,219,battery_depleted,0,1,0,0,16,5,36,3,17.26267650163207,2.8370747406097117,103,0.4703196347031963,0.0,0.0,,,,219,137.53910524340088
2024,382303,-19306.705948,191,battery_depleted,0,1,0,0,1,30,11,10,34.0147027033899,-11.654022928392003,51,0.2670157068062827,0.0,0.0,,,,191,170.2375900532361
2025,382485,-17469.404063,182,battery_depleted,0,1,0,0,40,17,8,13,30.805843601498726,1.4431873916954707,30,0.16483516483516483,0.0,0.0,,,,182,184.7228714274747
2026,382664,-16953.08399,179,battery_depleted,0,1,0,0,23,39,14,42,19.026297590440446,-9.539464609935308,24,0.1340782122905028,0.0,0.0,,,,179,187.72287142747467
2027,382842,-16730.608201,178,battery_depleted,0,1,0,0,41,26,45,39,13.892443989449804,-0.29097348071436,24,0.1348314606741573,0.0,0.0,,,,178,187.965512114594
2028,383063,-25658.465833,221,battery_depleted,0,1,0,0,40,16,13,14,17.69180601295413,9.382166728407636,104,0.47058823529411764,0.0,0.0,,,,221,138.1248916810278
2029,383243,-17081.662881,180,battery_depleted,0,1,0,0,16,33,16,10,17.11724276862369,5.88275723137631,26,0.14444444444444443,0.0,0.0,,,,180,185.48023074035547
2030,383440,-20401.122102,197,battery_depleted,0,1,0,0,37,0,3,18,28.231188426986208,10.23957969635648,52,0.2639593908629442,0.0,0.0,,,,197,169.85281374238585
2031,383643,-21773.537798,203,battery_depleted,0,1,0,0,8,7,42,48,46.09772228646444,7.1657736558786596,78,0.3842364532019704,0.0,0.0,,,,203,153.5807358037436
2032,383836,-19583.523257,193,battery_depleted,0,1,0,0,36,26,4,37,24.0,9.837848631377263,41,0.21243523316062177,0.0,0.0,,,,193,177.26702730475893
2033,384021,-18047.53162,185,battery_depleted,0,1,0,0,0,23,30,11,29.5296461204668,2.78134272234022,40,0.21621621621621623,0.0,0.0,,,,185,176.06601717798225
2034,384214,-19545.382964,193,battery_depleted,0,1,0,0,42,4,5,38,29.732137494637012,20.517240610967438,51,0.26424870466321243,0.0,0.0,,,,193,170.58073580374366
2035,384392,-16772.581683,178,battery_depleted,0,1,0,0,35,28,22,22,24.020824298928627,-9.703003235652274,22,0.12359550561797752,0.0,0.0,,,,178,187.4802307403554
2036,384566,-15997.687167,174,battery_depleted,0,1,0,0,1,48,3,21,28.861739379323623,-1.7877666379618553,14,0.08045977011494253,0.0,0.0,,,,174,193.96551211459402
2037,384748,-17472.524827,182,battery_depleted,0,1,0,0,14,34,13,8,24.08318915758459,1.9360345049307845,32,0.17582417582417584,0.0,0.0,,,,182,181.89444430272846
2038,384919,-15369.222102,171,battery_depleted,0,1,0,0,35,41,23,14,17.804493814764857,11.742079590623458,7,0.04093567251461988,0.0,0.0,,,,171,197.96551211459405
2039,385104,-17986.630899,185,battery_depleted,0,1,0,0,19,42,43,5,27.313000567495326,16.789153574904564,38,0.20540540540540542,0.0,0.0,,,,185,178.48023074035535
2040,385286,-17488.140744,182,battery_depleted,0,1,0,0,34,27,15,28,20.8806130178211,-1.854315427380655,25,0.13736263736263737,0.0,0.0,,,,182,185.58073580374378
2041,385468,-17425.599278,182,battery_depleted,0,1,0,0,49,35,42,44,7.280109889280518,4.121644361710861,21,0.11538461538461539,0.0,0.0,,,,182,188.33809511662452
2042,385665,-20372.21416,197,battery_depleted,0,1,0,0,6,47,48,21,27.294688127912362,22.10166801300151,59,0.29949238578680204,0.0,0.0,,,,197,166.58073580374364
2043,385880,-24227.155513,215,battery_depleted,0,1,0,0,1,4,1,29,7.211102550927978,17.78889744907202,94,0.4372093023255814,0.0,0.0,,,,215,141.71067811865473
2044,386063,-17651.728397,183,battery_depleted,0,1,0,0,35,31,16,5,29.206163733020468,2.996320643188767,26,0.14207650273224043,0.0,0.0,,,,183,185.5807358037437
2045,386137,-2984.365183,74,goal_reached,1,0,0,0,28,16,19,11,0.0,10.295630140987,16,0.21621621621621623,61.799999999999976,0.0,,,,74,67.11269837220806
2046,386336,-20872.524318,199,battery_depleted,0,1,0,0,7,26,15,14,14.866068747318506,-0.4438636454625495,60,0.3015075376884422,0.0,0.0,,,,199,166.33809511662434
2047,386549,-23870.273148,213,battery_depleted,0,1,0,0,4,7,18,32,27.459060435491963,1.1940371282968414,88,0.4131455399061033,0.0,0.0,,,,213,149.0243866176395
2048,386753,-21911.336923,204,battery_depleted,0,1,0,0,8,19,26,31,19.924858845171276,1.7084488076126618,67,0.3284313725490196,0.0,0.0,,,,204,160.19595949289337
2049,386951,-20693.550646,198,battery_depleted,0,1,0,0,19,46,47,29,32.55764119219941,0.19903751611898457,65,0.3282828282828283,0.0,0.0,,,,198,161.99494936611674
2050,387122,-15433.011621,171,battery_depleted,0,1,0,0,40,27,40,3,24.020824298928627,-0.020824298928626916,9,0.05263157894736842,0.0,0.0,,,,171,195.55129855222097
2051,387313,-19200.34339,191,battery_depleted,0,1,0,0,30,4,3,7,19.0,8.166155414412248,51,0.2670157068062827,0.0,0.0,,,,191,170.2375900532361
2052,387492,-16805.262539,179,battery_depleted,0,1,0,0,21,49,41,39,5.656854249492381,16.70382552550552,18,0.1005586592178771,0.0,0.0,,,,179,190.4091629284899
2053,387674,-17482.711002,182,battery_depleted,0,1,0,0,34,4,43,30,25.0,2.5136329843952083,35,0.19230769230769232,0.0,0.0,,,,182,180.55129855222089
2054,387853,-16851.237329,179,battery_depleted,0,1,0,0,34,46,7,16,26.1725046566048,14.188367484616329,23,0.12849162011173185,0.0,0.0,,,,179,188.30865786510162
2055,388035,-17505.361554,182,battery_depleted,0,1,0,0,26,33,4,33,29.68164415931166,-7.681644159311659,24,0.13186813186813187,0.0,0.0,,,,182,186.58073580374372
2056,388221,-18247.527862,186,battery_depleted,0,1,0,0,5,25,34,20,30.59411708155671,-1.1662391424323886,40,0.21505376344086022,0.0,0.0,,,,186,176.6518036156092
2057,388439,-24969.639498,218,battery_depleted,0,1,0,0,0,6,49,22,49.193495504995376,2.352600370444115,101,0.463302752293578,0.0,0.0,,,,218,136.88225099390849
2058,388640,-21324.264895,201,battery_depleted,0,1,0,0,19,25,31,29,18.027756377319946,-5.378645736646428,64,0.31840796019900497,0.0,0.0,,,,201,162.6812408671319
2059,388813,-15897.548379,173,battery_depleted,0,1,0,0,34,28,13,29,33.37663853655727,-12.352842494928634,25,0.14450867052023122,0.0,0.0,,,,173,187.7645019878174
2060,389008,-19993.010257,195,battery_depleted,0,1,0,0,47,6,48,48,32.01562118716424,9.996281888035767,48,0.24615384615384617,0.0,0.0,,,,195,173.09545442950508
2061,389188,-17098.165833,180,battery_depleted,0,1,0,0,13,14,21,25,13.601470508735444,0.0,23,0.12777777777777777,0.0,0.0,,,,180,188.06601717798225
2062,389368,-17105.366796,180,battery_depleted,0,1,0,0,21,34,16,48,12.041594578792296,2.8244741685262102,35,0.19444444444444445,0.0,0.0,,,,180,181.0365799264595
2063,389560,-19431.434615,192,battery_depleted,0,1,0,0,29,19,45,17,8.94427190999916,7.180243586597939,55,0.2864583333333333,0.0,0.0,,,,192,168.06601717798222
2064,389731,-15398.920245,171,battery_depleted,0,1,0,0,49,23,25,42,26.1725046566048,4.437951073423132,4,0.023391812865497075,0.0,0.0,,,,171,198.89444430272857
2065,389930,-20788.542401,199,battery_depleted,0,1,0,0,39,3,17,20,9.848857801796104,17.954019747119585,59,0.2964824120603015,0.0,0.0,,,,199,166.50966799187816
2066,390115,-18132.441875,185,battery_depleted,0,1,0,0,35,26,6,48,43.86342439892262,-7.462874952520025,35,0.1891891891891892,0.0,0.0,,,,185,181.0660171779823
2067,390297,-17389.648333,182,goal_reached,1,0,0,0,16,35,12,32,0.0,5.0,42,0.23076923076923078,1.6999999999998592,0.0,,,,182,172.72287142747467
2068,390469,-15606.101562,172,battery_depleted,0,1,0,0,31,43,26,31,10.63014581273465,2.36985418726535,13,0.0755813953488372,0.0,0.0,,,,172,193.37972567696713
2069,390661,-19433.875427,192,battery_depleted,0,1,0,0,13,23,10,28,6.708203932499369,-0.8772520376540687,45,0.234375,0.0,0.0,,,,192,175.16652224137064
2070,390839,-16700.276018,178,battery_depleted,0,1,0,0,23,2,9,48,44.41846462902562,3.664796491659608,18,0.10112359550561797,0.0,0.0,,,,178,190.23759005323615
2071,391022,-17631.527253,183,battery_depleted,0,1,0,0,12,17,30,14,13.038404810405298,5.209882780489361,26,0.14207650273224043,0.0,0.0,,,,183,185.99494936611683
2072,391207,-18070.28878,185,battery_depleted,0,1,0,0,10,28,36,38,28.600699292150182,-0.7439227377819435,43,0.23243243243243245,0.0,0.0,,,,185,173.4802307403553
2073,391430,-26081.57264,223,battery_depleted,0,1,0,0,13,28,44,19,16.401219466856727,15.87880531628122,106,0.47533632286995514,0.0,0.0,,,,223,138.53910524340094
2074,391609,-16921.428893,179,battery_depleted,0,1,0,0,23,47,36,35,20.09975124224178,-2.407945229287648,25,0.13966480446927373,0.0,0.0,,,,179,186.72287142747473
2075,391811,-21458.482198,202,battery_depleted,0,1,0,0,12,16,20,41,17.46424919657298,8.784560300240397,70,0.3465346534653465,0.0,0.0,,,,202,160.16652224137047
2076,391996,-18022.850186,185,battery_depleted,0,1,0,0,24,21,15,40,10.0,11.02379604162864,41,0.22162162162162163,0.0,0.0,,,,185,176.3086578651016
2077,392165,-15070.757946,169,battery_depleted,0,1,0,0,43,29,2,31,37.656340767525464,3.3924107360221214,12,0.07100591715976332,0.0,0.0,,,,169,194.27922061357884
2078,392364,-20788.691823,199,battery_depleted,0,1,0,0,48,46,7,46,25.553864678361276,15.446135321638724,61,0.3065326633165829,0.0,0.0,,,,199,165.33809511662434
2079,392515,-11927.865501,151,goal_reached,1,0,0,0,45,48,37,26,0.0,23.40939982143925,17,0.11258278145695365,15.749999999999883,0.0,,,,151,159.68124086713198
2080,392692,-16528.924376,177,battery_depleted,0,1,0,0,14,38,27,48,12.041594578792296,4.359624888064431,21,0.11864406779661017,0.0,0.0,,,,177,189.965512114594
2081,392892,-21041.57265,200,battery_depleted,0,1,0,0,9,16,14,45,13.416407864998739,16.011470074125583,72,0.36,0.0,0.0,,,,200,161.96551211459385
2082,393075,-17650.898215,183,battery_depleted,0,1,0,0,26,5,31,33,23.345235059857504,5.09769024679828,32,0.17486338797814208,0.0,0.0,,,,183,182.0660171779823
2083,393254,-16963.861042,179,battery_depleted,0,1,0,0,46,8,39,8,18.681541692269406,-11.681541692269406,24,0.1340782122905028,0.0,0.0,,,,179,187.7228714274748
2084,393450,-20248.727431,196,battery_depleted,0,1,0,0,4,49,9,15,32.0,2.3656805548791624,59,0.3010204081632653,0.0,0.0,,,,196,164.33809511662434
2085,393648,-20672.916282,198,battery_depleted,0,1,0,0,26,40,25,24,15.652475842498529,0.3787436993828699,60,0.30303030303030304,0.0,0.0,,,,198,164.50966799187816
2086,393749,-5536.222021,101,goal_reached,1,0,0,0,4,15,5,21,0.0,6.082762530298219,27,0.26732673267326734,47.94999999999993,0.0,,,,101,88.49747468305829
2087,393937,-18633.557274,188,battery_depleted,0,1,0,0,27,3,46,5,12.041594578792296,7.063378595750503,47,0.25,0.0,0.0,,,,188,175.379725676967
2088,394121,-17854.470793,184,battery_depleted,0,1,0,0,30,11,45,15,11.0,4.524174696260024,30,0.16304347826086957,0.0,0.0,,,,184,185.4802307403554
2089,394315,-19850.013351,194,battery_depleted,0,1,0,0,4,30,29,6,36.124783736376884,-1.4693368340499688,56,0.28865979381443296,0.0,0.0,,,,194,166.9949493661167
2090,394490,-16115.012915,175,battery_depleted,0,1,0,0,48,29,36,17,10.63014581273465,6.340416935742489,12,0.06857142857142857,0.0,0.0,,,,175,194.4802307403555
2091,394678,-18623.321295,188,battery_depleted,0,1,0,0,14,19,43,29,26.832815729997478,3.842907570358456,45,0.2393617021276596,0.0,0.0,,,,188,173.6518036156092
2092,394866,-18592.987423,188,battery_depleted,0,1,0,0,41,0,49,14,5.0,11.124515496597098,44,0.23404255319148937,0.0,0.0,,,,188,174.23759005323603
2093,395070,-21877.316313,204,battery_depleted,0,1,0,0,9,18,23,42,17.204650534085253,10.580237444814355,75,0.36764705882352944,0.0,0.0,,,,204,157.5807358037436
2094,395257,-18501.744443,187,battery_depleted,0,1,0,0,6,47,32,48,31.906112267087632,-5.886888604572256,48,0.25668449197860965,0.0,0.0,,,,187,172.13708498984775
2095,395441,-17822.246946,184,battery_depleted,0,1,0,0,19,15,39,9,14.035668847618199,6.844944170202902,26,0.14130434782608695,0.0,0.0,,,,184,185.75230867899757
2096,395615,-15978.679013,174,battery_depleted,0,1,0,0,3,33,7,46,7.615773105863909,5.985697402871535,25,0.14367816091954022,0.0,0.0,,,,174,186.2792206135787
2097,395806,-19205.093787,191,battery_depleted,0,1,0,0,1,16,46,25,35.11409973215888,10.777075890176185,49,0.25654450261780104,0.0,0.0,,,,191,171.40916292848988
2098,395994,-18639.458096,188,battery_depleted,0,1,0,0,11,23,19,43,20.12461179749811,1.4160474310399067,44,0.23404255319148937,0.0,0.0,,,,188,175.06601717798225
2099,396197,-21664.463346,203,battery_depleted,0,1,0,0,2,2,15,5,5.0,8.341664064126334,80,0.39408866995073893,0.0,0.0,,,,203,150.33809511662426
2100,396223,-316.906648,26,goal_reached,1,0,0,0,13,41,10,33,0.0,8.54400374531753,0,0.0,84.79999999999997,0.0,,,,26,30.55634918610405
2101,396422,-20884.007347,199,battery_depleted,0,1,0,0,21,21,8,19,17.46424919657298,-4.311302758607074,67,0.33668341708542715,0.0,0.0,,,,199,160.9949493661167
2102,396591,-15038.127328,169,battery_depleted,0,1,0,0,45,29,7,30,32.01562118716424,5.9975344303321805,2,0.011834319526627219,0.0,0.0,,,,169,200.55129855222089
2103,396792,-21330.417534,201,battery_depleted,0,1,0,0,19,25,2,24,18.35755975068582,-1.3281733847594168,68,0.3383084577114428,0.0,0.0,,,,201,161.1665222413705
2104,396955,-13977.667095,163,battery_depleted,0,1,0,0,34,43,45,14,17.88854381999832,13.127581018543328,2,0.012269938650306749,0.0,0.0,,,,163,200.35028842544435
2105,397134,-16799.594902,179,battery_depleted,0,1,0,0,23,44,38,14,9.0,24.541019662496844,30,0.16759776536312848,0.0,0.0,,,,179,182.55129855222086
2106,397335,-21293.170291,201,battery_depleted,0,1,0,0,43,12,18,40,33.24154027718932,4.295108481057596,67,0.3333333333333333,0.0,0.0,,,,201,162.1665222413705
2107,397533,-20581.219219,198,battery_depleted,0,1,0,0,37,1,35,41,30.4138126514911,9.636156137510476,52,0.26262626262626265,0.0,0.0,,,,198,169.61017305526647
2108,397711,-16694.116309,178,battery_depleted,0,1,0,0,26,40,30,12,21.587033144922902,6.697238102539,27,0.15168539325842698,0.0,0.0,,,,178,184.5512985522209
2109,397888,-16560.958905,177,battery_depleted,0,1,0,0,13,37,1,39,17.69180601295413,-5.526280952357693,23,0.12994350282485875,0.0,0.0,,,,177,187.55129855222089
2110,398076,-18583.36888,188,battery_depleted,0,1,0,0,10,36,13,2,25.079872407968907,9.052223923783117,36,0.19148936170212766,0.0,0.0,,,,188,181.82337649086304
2111,398260,-17898.905658,184,battery_depleted,0,1,0,0,6,41,12,9,34.058772731852805,-1.501131539653393,40,0.21739130434782608,0.0,0.0,,,,184,176.30865786510157
2112,398437,-16449.023165,177,battery_depleted,0,1,0,0,41,11,45,38,14.317821063276353,12.976867064636009,15,0.0847457627118644,0.0,0.0,,,,177,192.65180361560928
2113,398640,-21618.05994,203,battery_depleted,0,1,0,0,2,17,9,49,17.0,15.756678708318397,68,0.33497536945812806,0.0,0.0,,,,203,161.09545442950505
2114,398835,-20033.022087,195,battery_depleted,0,1,0,0,37,4,40,33,30.805843601498726,-1.6510841272722239,42,0.2153846153846154,0.0,0.0,,,,195,175.36753236814718
2115,399041,-22356.622831,206,battery_depleted,0,1,0,0,36,48,43,22,26.019223662515376,0.9066003731571435,81,0.3932038834951456,0.0,0.0,,,,206,151.92388155425118
2116,399219,-16678.935735,178,battery_depleted,0,1,0,0,20,35,32,28,8.06225774829855,5.830186241151255,18,0.10112359550561797,0.0,0.0,,,,178,190.65180361560923
2117,399408,-18884.957354,189,battery_depleted,0,1,0,0,26,42,13,26,28.460498941515414,-7.844970813427111,45,0.23809523809523808,0.0,0.0,,,,189,175.8944443027284
2118,399585,-16598.403777,177,battery_depleted,0,1,0,0,13,25,24,2,33.54101966249684,-8.04592209453292,29,0.1638418079096045,0.0,0.0,,,,177,184.03657992645944
2119,399805,-25406.209879,220,battery_depleted,0,1,0,0,28,6,3,24,22.847319317591726,7.958524283907,105,0.4772727272727273,0.0,0.0,,,,220,139.02438661763946
2120,400012,-22595.113463,207,battery_depleted,0,1,0,0,21,25,38,13,24.698178070456937,-3.889526023772124,77,0.3719806763285024,0.0,0.0,,,,207,154.43860018001266
2121,400187,-16088.714515,175,battery_depleted,0,1,0,0,49,42,41,24,5.830951894845301,13.866763708746907,16,0.09142857142857143,0.0,0.0,,,,175,191.72287142747467
2122,400359,-15591.484698,172,battery_depleted,0,1,0,0,34,49,9,12,39.0,5.654227123532216,11,0.06395348837209303,0.0,0.0,,,,172,194.96551211459405
2123,400579,-25503.610115,220,battery_depleted,0,1,0,0,28,24,18,47,23.769728648009426,1.3101437599594803,107,0.4863636363636364,0.0,0.0,,,,220,136.6101730552664
2124,400786,-22531.595037,207,battery_depleted,0,1,0,0,11,10,32,37,24.20743687382041,9.997825879153734,81,0.391304347826087,0.0,0.0,,,,207,151.68124086713192
2125,400967,-17288.010563,181,battery_depleted,0,1,0,0,14,21,27,17,7.810249675906654,5.79122083282879,30,0.16574585635359115,0.0,0.0,,,,181,183.7228714274747
2126,401175,-22827.555501,208,battery_depleted,0,1,0,0,12,15,13,18,9.219544457292887,-6.057266797124507,83,0.39903846153846156,0.0,0.0,,,,208,150.68124086713186
2127,401360,-18059.384961,185,battery_depleted,0,1,0,0,11,41,46,45,32.31098884280702,2.9168410648100505,35,0.1891891891891892,0.0,0.0,,,,185,181.06601717798225
2128,401536,-16354.971551,176,battery_depleted,0,1,0,0,48,35,43,34,10.770329614269007,-5.671310100676223,12,0.06818181818181818,0.0,0.0,,,,176,194.65180361560923
2129,401726,-19103.719188,190,battery_depleted,0,1,0,0,18,16,38,42,31.622776601683793,1.179662332029661,49,0.2578947368421053,0.0,0.0,,,,190,172.06601717798225
2130,401919,-19612.558659,193,battery_depleted,0,1,0,0,47,4,17,13,27.892651361962706,3.4282681647689444,46,0.23834196891191708,0.0,0.0,,,,193,173.50966799187816
2131,402097,-16660.998896,178,battery_depleted,0,1,0,0,32,41,7,12,25.019992006393608,13.268387431759685,23,0.12921348314606743,0.0,0.0,,,,178,187.72287142747473
2132,402299,-21496.720515,202,battery_depleted,0,1,0,0,8,28,28,12,19.849433241279208,5.7630637084521865,73,0.3613861386138614,0.0,0.0,,,,202,155.09545442950503
2133,402509,-23217.643608,210,battery_depleted,0,1,0,0,14,7,5,25,5.0,15.124611797498108,80,0.38095238095238093,0.0,0.0,,,,210,153.19595949289337
2134,402680,-15374.298441,171,battery_depleted,0,1,0,0,26,49,43,35,11.661903789690601,10.360811755854638,7,0.04093567251461988,0.0,0.0,,,,171,196.72287142747467
2135,402879,-20792.425471,199,battery_depleted,0,1,0,0,49,8,24,22,12.165525060596439,16.487572503192368,58,0.2914572864321608,0.0,0.0,,,,199,167.5096679918782
2136,403073,-19814.104915,194,battery_depleted,0,1,0,0,45,49,38,14,30.364452901377952,5.328683693771545,58,0.29896907216494845,0.0,0.0,,,,194,167.4802307403553
2137,403286,-23833.925693,213,battery_depleted,0,1,0,0,1,3,12,29,23.194827009486403,5.036361417499805,89,0.41784037558685444,0.0,0.0,,,,213,149.26702730475878
2138,403479,-19643.799569,193,battery_depleted,0,1,0,0,7,39,29,38,21.02379604162864,0.9989195039165999,47,0.24352331606217617,0.0,0.0,,,,193,172.92388155425135
2139,403666,-18510.198892,187,battery_depleted,0,1,0,0,40,21,31,34,25.0,-9.188611699158104,43,0.22994652406417113,0.0,0.0,,,,187,175.8944443027285
2140,403836,-15192.146968,170,goal_reached,1,0,0,0,16,43,19,36,0.0,7.615773105863909,39,0.22941176470588234,10.149999999999942,0.0,,,,170,156.26702730475878
2141,404024,-18493.300137,188,goal_reached,1,0,0,0,26,26,13,14,0.0,17.69180601295413,57,0.30319148936170215,6.1499999999999035,0.0,,,,188,155.8528137423857
2142,404211,-18416.920078,187,battery_depleted,0,1,0,0,4,44,39,48,27.018512172212592,8.209317735404479,44,0.23529411764705882,0.0,0.0,,,,187,172.82337649086293
2143,404382,-15475.733378,171,battery_depleted,0,1,0,0,35,41,43,49,19.235384061671343,-7.921675562686582,12,0.07017543859649122,0.0,0.0,,,,171,195.03657992645952
2144,404568,-18236.623133,186,battery_depleted,0,1,0,0,30,8,41,36,25.632011235952593,4.451206677030054,41,0.22043010752688172,0.0,0.0,,,,186,176.89444430272843
2145,404762,-19892.454411,194,battery_depleted,0,1,0,0,20,13,25,1,22.02271554554524,-9.022715545545239,45,0.23195876288659795,0.0,0.0,,,,194,175.92388155425132
2146,404939,-16531.193772,177,battery_depleted,0,1,0,0,44,40,39,26,14.7648230602334,0.10124568708510573,22,0.12429378531073447,0.0,0.0,,,,177,188.13708498984784
2147,405123,-17814.420856,184,battery_depleted,0,1,0,0,22,48,18,32,2.8284271247461903,13.663995377724452,35,0.19021739130434784,0.0,0.0,,,,184,180.89444430272846
2148,405279,-12862.242062,156,goal_reached,1,0,0,0,13,16,4,23,0.0,11.40175425099138,53,0.33974358974358976,21.649999999999892,0.0,,,,156,127.43860018001249
2149,405458,-16987.049599,179,battery_depleted,0,1,0,0,17,21,19,20,14.317821063276353,-12.081753085776564,33,0.18435754189944134,0.0,0.0,,,,179,180.79393923934018
2150,405661,-21675.875566,203,battery_depleted,0,1,0,0,4,13,39,37,31.400636936215164,11.037553411630725,74,0.3645320197044335,0.0,0.0,,,,203,158.8233764908629
2151,405671,32.864759,10,goal_reached,1,0,0,0,42,24,47,21,0.0,5.830951894845301,0,0.0,94.19999999999999,0.0,,,,10,11.656854249492381
2152,405868,-20506.272473,197,battery_depleted,0,1,0,0,46,5,49,26,25.553864678361276,-4.340661242764849,63,0.3197969543147208,0.0,0.0,,,,197,161.75230867899745
2153,406050,-17531.31858,182,battery_depleted,0,1,0,0,33,40,33,26,19.6468827043885,-5.646882704388499,29,0.15934065934065933,0.0,0.0,,,,182,183.2375900532361
2154,406229,-16873.196196,179,battery_depleted,0,1,0,0,31,43,0,20,31.953090617340916,6.647427513896648,22,0.12290502793296089,0.0,0.0,,,,179,187.6518036156092
2155,406405,-16378.85861,176,battery_depleted,0,1,0,0,26,13,26,32,22.090722034374522,-3.0907220343745223,20,0.11363636363636363,0.0,0.0,,,,176,189.55129855222086
2156,406584,-16856.297034,179,battery_depleted,0,1,0,0,25,49,1,33,16.64331697709324,12.201093226618674,31,0.17318435754189945,0.0,0.0,,,,179,183.20815280171328
2157,406772,-18556.806134,188,battery_depleted,0,1,0,0,28,44,49,37,8.54400374531753,13.591939875861124,39,0.2074468085106383,0.0,0.0,,,,188,179.6518036156092
2158,406962,-19049.308653,190,battery_depleted,0,1,0,0,3,29,20,16,21.95449840010015,-0.5535638410674544,47,0.24736842105263157,0.0,0.0,,,,190,172.4091629284899
2159,407158,-20126.788952,196,battery_depleted,0,1,0,0,44,0,8,29,14.317821063276353,31.909876262028526,54,0.2755102040816326,0.0,0.0,,,,196,168.5096679918782
2160,407347,-18778.851373,189,battery_depleted,0,1,0,0,3,22,7,41,6.082762530298219,13.333725308649381,42,0.2222222222222222,0.0,0.0,,,,189,177.23759005323612
2161,407527,-17037.114429,180,battery_depleted,0,1,0,0,44,17,34,44,15.132745950421556,13.65961414735438,23,0.12777777777777777,0.0,0.0,,,,180,187.2375900532362
2162,407698,-15402.694244,171,battery_depleted,0,1,0,0,46,37,16,3,38.27531841800928,7.06781777700926,12,0.07017543859649122,0.0,0.0,,,,171,193.79393923934015
2163,407898,-21024.209401,200,battery_depleted,0,1,0,0,41,2,41,10,1.4142135623730951,6.585786437626905,56,0.28,0.0,0.0,,,,200,168.8528137423858
2164,408117,-25220.581799,219,battery_depleted,0,1,0,0,11,8,5,39,13.0,18.575306807693888,108,0.4931506849315068,0.0,0.0,,,,219,134.61017305526636
2165,408298,-17255.986598,181,battery_depleted,0,1,0,0,48,28,3,0,38.91015291668744,14.089847083312563,39,0.2154696132596685,0.0,0.0,,,,181,178.86500705120565
2166,408470,-15586.314886,172,battery_depleted,0,1,0,0,36,42,22,37,12.083045973594572,2.7830227737239337,6,0.03488372093023256,0.0,0.0,,,,172,198.72287142747476
2167,408666,-20262.654227,196,battery_depleted,0,1,0,0,28,35,17,47,15.620499351813308,0.6583212442863982,57,0.29081632653061223,0.0,0.0,,,,196,167.9949493661167
2168,408848,-17412.28048,182,battery_depleted,0,1,0,0,18,31,46,37,13.038404810405298,15.597237316147408,36,0.1978021978021978,0.0,0.0,,,,182,179.96551211459405
2169,408879,-512.85466,31,goal_reached,1,0,0,0,26,44,28,43,0.0,2.23606797749979,0,0.0,81.29999999999995,0.0,,,,31,37.62741699796952
2170,409071,-19406.76507,192,battery_depleted,0,1,0,0,48,14,22,33,21.95449840010015,10.247985976109085,54,0.28125,0.0,0.0,,,,192,167.40916292848988
2171,409249,-16737.253818,178,battery_depleted,0,1,0,0,40,32,23,44,23.430749027719962,-2.622096981035149,20,0.11235955056179775,0.0,0.0,,,,178,189.48023074035538
2172,409446,-20441.059512,197,battery_depleted,0,1,0,0,17,21,39,22,20.518284528683193,1.5044310168620463,54,0.27411167512690354,0.0,0.0,,,,197,169.09545442950508
2173,409630,-17867.748664,184,battery_depleted,0,1,0,0,23,2,47,49,41.677331968349414,11.095767239485632,43,0.23369565217391305,0.0,0.0,,,,184,176.20815280171317
2174,409810,-17184.855999,180,battery_depleted,0,1,0,0,24,33,45,22,36.796738985948195,-13.090199803688801,34,0.18888888888888888,0.0,0.0,,,,180,180.79393923934012
2175,409990,-17006.727018,180,battery_depleted,0,1,0,0,32,6,10,33,14.560219778561036,20.26792975597496,30,0.16666666666666666,0.0,0.0,,,,180,183.55129855222094
2176,410165,-16180.900889,175,battery_depleted,0,1,0,0,35,38,24,0,42.04759208325728,-2.487511193552315,18,0.10285714285714286,0.0,0.0,,,,175,191.79393923934023
2177,410263,-5206.034249,98,goal_reached,1,0,0,0,25,24,13,27,0.0,12.36931687685298,37,0.37755102040816324,53.04999999999998,0.0,,,,98,72.59797974644663
2178,410456,-19596.932752,193,battery_depleted,0,1,0,0,25,6,24,42,22.20360331117452,13.810282899563695,57,0.29533678756476683,0.0,0.0,,,,193,169.13708498984772
2179,410640,-17783.805451,184,battery_depleted,0,1,0,0,11,49,46,23,29.410882339705484,14.189576373477795,28,0.15217391304347827,0.0,0.0,,,,184,184.16652224137056
2180,410824,-17871.953897,184,battery_depleted,0,1,0,0,27,34,5,49,25.0,1.6270539113886962,39,0.21195652173913043,0.0,0.0,,,,184,179.3797256769671
2181,411013,-18852.16279,189,battery_depleted,0,1,0,0,13,38,39,9,33.97057550292606,4.978108685374835,44,0.2328042328042328,0.0,0.0,,,,189,175.65180361560914
2182,411182,-15082.016289,169,battery_depleted,0,1,0,0,42,29,48,29,8.06225774829855,-2.062257748298549,4,0.023668639053254437,0.0,0.0,,,,169,198.96551211459408
2183,411351,-15017.747165,169,battery_depleted,0,1,0,0,49,27,6,15,32.449961479175904,12.193067091923524,7,0.04142011834319527,0.0,0.0,,,,169,196.79393923934026
2184,411555,-21985.60962,204,battery_depleted,0,1,0,0,38,12,8,35,33.24154027718932,4.560576065682277,77,0.37745098039215685,0.0,0.0,,,,204,156.40916292848985
2185,411741,-18256.201258,186,battery_depleted,0,1,0,0,7,16,44,25,30.59411708155671,7.484748447762833,36,0.1935483870967742,0.0,0.0,,,,186,180.65180361560925
2186,411919,-16681.763874,178,battery_depleted,0,1,0,0,5,48,48,35,35.05709628591621,9.865058604516193,31,0.17415730337078653,0.0,0.0,,,,178,183.45079348883252
2187,412108,-18779.715073,189,battery_depleted,0,1,0,0,7,39,34,32,18.973665961010276,8.91898540095243,36,0.19047619047619047,0.0,0.0,,,,189,180.75230867899757
2188,412315,-22556.998544,207,battery_depleted,0,1,0,0,16,34,44,2,43.60045871318328,-1.0798754622446793,73,0.3526570048309179,0.0,0.0,,,,207,159.26702730475884
2189,412507,-19350.745922,192,battery_depleted,0,1,0,0,23,7,44,48,17.4928556845359,28.572315540588182,55,0.2864583333333333,0.0,0.0,,,,192,168.06601717798216
2190,412711,-21918.121898,204,battery_depleted,0,1,0,0,2,7,17,34,22.20360331117452,8.683287111786484,80,0.39215686274509803,0.0,0.0,,,,204,150.92388155425118
2191,412893,-17524.894564,182,battery_depleted,0,1,0,0,24,32,35,46,23.259406699226016,-5.454912884461159,30,0.16483516483516483,0.0,0.0,,,,182,183.4802307403554
2192,413096,-21724.533513,203,battery_depleted,0,1,0,0,2,24,13,19,12.806248474865697,-0.7232025012711247,65,0.32019704433497537,0.0,0.0,,,,203,162.85281374238576
2193,413272,-16341.16182,176,battery_depleted,0,1,0,0,32,34,47,43,14.560219778561036,2.9326359059748643,18,0.10227272727272728,0.0,0.0,,,,176,191.965512114594
2194,413461,-18778.733096,189,battery_depleted,0,1,0,0,37,6,2,4,22.02271554554524,13.03438074037097,38,0.20105820105820105,0.0,0.0,,,,189,179.58073580374366
2195,413637,-16372.963648,176,battery_depleted,0,1,0,0,11,44,6,37,13.92838827718412,-5.3260630101414925,20,0.11363636363636363,0.0,0.0,,,,176,189.1370849898478
2196,413851,-24018.64093,214,battery_depleted,0,1,0,0,38,9,16,34,15.264337522473747,18.03731408821968,95,0.4439252336448598,0.0,0.0,,,,214,145.09545442950497
2197,414065,-24134.820434,214,battery_depleted,0,1,0,0,35,19,39,24,9.219544457292887,-2.8164202198600385,92,0.42990654205607476,0.0,0.0,,,,214,146.0243866176395
2198,414250,-18051.438579,185,battery_depleted,0,1,0,0,38,32,40,21,12.206555615733702,-1.026215728234753,33,0.1783783783783784,0.0,0.0,,,,185,180.99494936611683
2199,414431,-17278.740062,181,battery_depleted,0,1,0,0,20,41,29,35,9.486832980505138,1.3298208458868306,25,0.13812154696132597,0.0,0.0,,,,181,187.0660171779823
2200,414624,-19603.794432,193,battery_depleted,0,1,0,0,29,30,6,35,8.06225774829855,15.47494684358109,53,0.27461139896373055,0.0,0.0,,,,193,170.23759005323606
2201,414792,-14979.567815,168,battery_depleted,0,1,0,0,30,46,42,45,24.020824298928627,-11.979229720136331,10,0.05952380952380952,0.0,0.0,,,,168,195.27922061357884
2202,414815,-263.826667,23,goal_reached,1,0,0,0,28,46,31,46,0.0,3.0,2,0.08695652173913043,86.79999999999998,0.0,,,,23,25.142135623730955
2203,414993,-16656.769069,178,battery_depleted,0,1,0,0,22,37,48,42,9.055385138137417,17.421019451610036,23,0.12921348314606743,0.0,0.0,,,,178,188.13708498984784
2204,415178,-17987.246471,185,battery_depleted,0,1,0,0,26,39,16,16,6.0,19.079872407968907,41,0.22162162162162163,0.0,0.0,,,,185,175.06601717798222
2205,415363,-18138.619547,185,battery_depleted,0,1,0,0,24,21,29,21,17.11724276862369,-12.11724276862369,38,0.20540540540540542,0.0,0.0,,,,185,177.2375900532361
2206,415551,-18538.494408,188,battery_depleted,0,1,0,0,36,48,4,46,16.278820596099706,15.783618487663091,33,0.17553191489361702,0.0,0.0,,,,188,181.5096679918782
2207,415744,-19693.073416,193,battery_depleted,0,1,0,0,37,20,25,23,20.0,-7.630683123147019,48,0.24870466321243523,0.0,0.0,,,,193,173.16652224137061
2208,415946,-21487.232092,202,battery_depleted,0,1,0,0,17,16,42,18,13.45362404707371,11.626248360895197,72,0.3564356435643564,0.0,0.0,,,,202,155.6812408671319
2209,416123,-16549.680789,177,battery_depleted,0,1,0,0,43,29,6,27,35.35533905932738,1.698675567970433,23,0.12994350282485875,0.0,0.0,,,,177,188.37972567696707
2210,416305,-17383.654694,182,battery_depleted,0,1,0,0,47,41,20,14,22.47220505424423,15.711561129829338,29,0.15934065934065933,0.0,0.0,,,,182,185.30865786510157
2211,416505,-21064.081926,200,battery_depleted,0,1,0,0,2,19,15,7,9.848857801796104,7.842948211158028,68,0.34,0.0,0.0,,,,200,160.16652224137047
2212,416676,-15454.73,171,battery_depleted,0,1,0,0,42,33,38,33,10.0,-6.0,6,0.03508771929824561,0.0,0.0,,,,171,198.55129855222094
2213,416852,-16344.1809,176,battery_depleted,0,1,0,0,25,48,5,24,32.7566787083184,-1.5156800046917809,17,0.09659090909090909,0.0,0.0,,,,176,191.30865786510165
2214,417042,-18985.086613,190,battery_depleted,0,1,0,0,27,43,3,17,21.400934559032695,13.982677466875568,44,0.23157894736842105,0.0,0.0,,,,190,173.3380951166244
2215,417214,-15620.669374,172,battery_depleted,0,1,0,0,29,40,16,5,38.948684188300895,-1.612374783111953,11,0.06395348837209303,0.0,0.0,,,,172,194.96551211459402
2216,417390,-16291.616298,176,battery_depleted,0,1,0,0,22,5,35,41,20.396078054371138,17.87924036363814,19,0.10795454545454546,0.0,0.0,,,,176,190.13708498984778
2217,417577,-18419.747322,187,battery_depleted,0,1,0,0,8,38,20,12,24.186773244895647,4.448868881657059,38,0.20320855614973263,0.0,0.0,,,,187,177.9949493661168
2218,417758,-17305.432387,181,battery_depleted,0,1,0,0,14,24,34,31,25.495097567963924,-4.305477467546833,28,0.15469613259668508,0.0,0.0,,,,181,185.30865786510168
2219,417942,-17762.118827,184,battery_depleted,0,1,0,0,11,12,47,41,21.02379604162864,25.20390128367624,38,0.20652173913043478,0.0,0.0,,,,184,177.8944443027285
2220,418119,-16510.393582,177,battery_depleted,0,1,0,0,44,24,18,16,26.92582403567252,0.2771169817983683,13,0.07344632768361582,0.0,0.0,,,,177,193.40916292848996
2221,418290,-15351.584967,171,battery_depleted,0,1,0,0,27,49,24,7,26.0,16.1070065428546,10,0.05847953216374269,0.0,0.0,,,,171,195.79393923934023
2222,418464,-15974.554199,174,battery_depleted,0,1,0,0,35,44,1,7,50.47771785649585,-0.22833975089140068,15,0.08620689655172414,0.0,0.0,,,,174,191.30865786510157
2223,418639,-16152.716271,175,battery_depleted,0,1,0,0,29,32,37,26,11.40175425099138,-1.4017542509913792,11,0.06285714285714286,0.0,0.0,,,,175,194.65180361560923
2224,418820,-17174.172857,181,battery_depleted,0,1,0,0,11,46,49,48,13.0,25.052595180880893,33,0.18232044198895028,0.0,0.0,,,,181,180.7228714274747
2225,419032,-23562.58784,212,battery_depleted,0,1,0,0,36,13,7,13,2.23606797749979,26.76393202250021,83,0.3915094339622642,0.0,0.0,,,,212,152.61017305526642
2226,419235,-21648.798937,203,battery_depleted,0,1,0,0,0,6,48,14,34.785054261852174,13.87704598053358,77,0.3793103448275862,0.0,0.0,,,,203,153.33809511662432
2227,419411,-16234.42971,176,battery_depleted,0,1,0,0,16,48,41,24,12.206555615733702,22.448891286593213,17,0.09659090909090909,0.0,0.0,,,,176,190.89444430272854
2228,419602,-19244.034965,191,battery_depleted,0,1,0,0,10,27,21,29,9.486832980505138,1.693506906993811,49,0.25654450261780104,0.0,0.0,,,,191,169.75230867899748
2229,419797,-20049.398124,195,battery_depleted,0,1,0,0,28,14,28,49,31.016124838541646,3.9838751614583536,53,0.2717948717948718,0.0,0.0,,,,195,168.09545442950517
2230,419984,-18439.925773,187,battery_depleted,0,1,0,0,10,30,45,39,31.622776601683793,4.515845397501511,46,0.24598930481283424,0.0,0.0,,,,187,172.06601717798225
2231,420189,-22103.847277,205,battery_depleted,0,1,0,0,40,13,27,40,24.20743687382041,5.7592112537229845,70,0.34146341463414637,0.0,0.0,,,,205,160.2670273047588
2232,420375,-18174.435064,186,battery_depleted,0,1,0,0,47,35,14,27,21.587033144922902,12.36882054777639,27,0.14516129032258066,0.0,0.0,,,,186,185.50966799187822
2233,420578,-21596.637883,203,battery_depleted,0,1,0,0,47,2,14,15,10.198039027185569,25.27025667475083,63,0.3103448275862069,0.0,0.0,,,,203,163.19595949289337
2234,420754,-16302.358284,176,battery_depleted,0,1,0,0,18,33,35,30,5.0,12.262676501632068,24,0.13636363636363635,0.0,0.0,,,,176,187.20815280171334
2235,420943,-18845.58903,189,battery_depleted,0,1,0,0,25,48,25,28,17.69180601295413,2.3081939870458683,44,0.2328042328042328,0.0,0.0,,,,189,174.82337649086304
2236,421154,-23323.458557,211,battery_depleted,0,1,0,0,2,26,49,29,19.924858845171276,27.17078851209519,91,0.4312796208530806,0.0,0.0,,,,211,145.26702730475878
2237,421362,-22803.273238,208,battery_depleted,0,1,0,0,26,16,44,46,25.238858928247925,9.746852440823876,81,0.3894230769230769,0.0,0.0,,,,208,151.8528137423857
2238,421565,-21747.156248,203,battery_depleted,0,1,0,0,36,19,28,43,29.732137494637012,-4.433916213289976,74,0.3645320197044335,0.0,0.0,,,,203,156.75230867899742
2239,421773,-22745.62321,208,battery_depleted,0,1,0,0,0,35,11,44,10.63014581273465,3.582524590817245,83,0.39903846153846156,0.0,0.0,,,,208,149.85281374238568
2240,421950,-16412.800976,177,battery_depleted,0,1,0,0,14,41,49,45,12.165525060596439,23.062304847020634,19,0.10734463276836158,0.0,0.0,,,,177,189.89444430272852
2241,422150,-21160.904615,200,battery_depleted,0,1,0,0,29,31,33,35,12.649110640673518,-6.9922563911811375,74,0.37,0.0,0.0,,,,200,159.13708498984766
2242,422348,-20720.48722,198,battery_depleted,0,1,0,0,4,18,45,16,44.01136216933077,-2.9626106657831883,69,0.3484848484848485,0.0,0.0,,,,198,159.23759005323603
2243,422522,-15936.169845,174,battery_depleted,0,1,0,0,33,42,1,46,26.0,6.2490309931941965,12,0.06896551724137931,0.0,0.0,,,,174,193.48023074035547
2244,422710,-18603.69153,188,battery_depleted,0,1,0,0,43,14,41,43,21.095023109728988,7.9738605977682795,37,0.19680851063829788,0.0,0.0,,,,188,180.40916292848985
2245,422912,-21489.875357,202,battery_depleted,0,1,0,0,28,43,30,5,31.0,7.052595180880893,74,0.36633663366336633,0.0,0.0,,,,202,154.92388155425127
2246,423091,-16865.743921,179,battery_depleted,0,1,0,0,37,41,12,11,28.600699292150182,10.450549087383088,26,0.1452513966480447,0.0,0.0,,,,179,187.7939392393402
2247,423262,-15371.903337,171,battery_depleted,0,1,0,0,42,39,4,36,26.476404589747453,11.641832515344383,9,0.05263157894736842,0.0,0.0,,,,171,195.96551211459405
2248,423453,-19142.980378,191,battery_depleted,0,1,0,0,15,37,42,32,4.47213595499958,22.986924480492384,48,0.2513089005235602,0.0,0.0,,,,191,170.75230867899748
2249,423636,-17695.601052,183,battery_depleted,0,1,0,0,29,18,36,21,12.36931687685298,-4.753543770989072,30,0.16393442622950818,0.0,0.0,,,,183,183.65180361560925
2250,423806,-15197.416313,170,battery_depleted,0,1,0,0,37,45,37,29,6.082762530298219,9.917237469701782,5,0.029411764705882353,0.0,0.0,,,,170,198.13708498984786
2251,423973,-14728.814351,167,battery_depleted,0,1,0,0,39,44,10,35,31.144823004794873,-0.7803701034169208,3,0.017964071856287425,0.0,0.0,,,,167,199.62236636408647
2252,424147,-15922.598672,174,battery_depleted,0,1,0,0,44,18,41,30,3.605551275463989,8.763765601388991,11,0.06321839080459771,0.0,0.0,,,,174,194.89444430272852
2253,424337,-19017.477812,190,battery_depleted,0,1,0,0,45,21,17,18,24.839484696748443,3.3207709839090036,36,0.18947368421052632,0.0,0.0,,,,190,180.50966799187825
2254,424522,-18051.272055,185,battery_depleted,0,1,0,0,10,37,35,42,22.80350850198276,2.691589065981166,36,0.1945945945945946,0.0,0.0,,,,185,179.23759005323612
2255,424699,-16531.272449,177,battery_depleted,0,1,0,0,38,42,46,35,14.142135623730951,-3.511989810996301,15,0.0847457627118644,0.0,0.0,,,,177,192.23759005323615
2256,424893,-19789.783797,194,battery_depleted,0,1,0,0,44,7,21,12,12.529964086141668,11.007240505737972,48,0.24742268041237114,0.0,0.0,,,,194,174.5807358037437
2257,425078,-18046.795028,185,battery_depleted,0,1,0,0,35,12,17,42,29.068883707497267,5.916827661574533,39,0.21081081081081082,0.0,0.0,,,,185,179.55129855222086
2258,425257,-16865.790481,179,battery_depleted,0,1,0,0,19,49,29,43,4.0,7.6619037896906015,24,0.1340782122905028,0.0,0.0,,,,179,186.89444430272852
2259,425452,-20033.663409,195,battery_depleted,0,1,0,0,26,17,43,46,19.4164878389476,14.19898478899562,60,0.3076923076923077,0.0,0.0,,,,195,166.4802307403553
2260,425667,-24374.755184,215,battery_depleted,0,1,0,0,7,5,38,35,36.05551275463989,7.083796465606092,99,0.4604651162790698,0.0,0.0,,,,215,142.92388155425112
2261,425874,-22621.898096,207,battery_depleted,0,1,0,0,30,28,43,24,18.027756377319946,-4.426285868584502,86,0.41545893719806765,0.0,0.0,,,,207,150.40916292848976
2262,426045,-15454.537451,171,battery_depleted,0,1,0,0,41,39,17,34,31.016124838541646,-6.500823494279121,4,0.023391812865497075,0.0,0.0,,,,171,198.48023074035544
2263,426243,-20670.239952,198,battery_depleted,0,1,0,0,25,40,11,30,21.633307652783937,-4.428657118698684,58,0.29292929292929293,0.0,0.0,,,,198,165.68124086713195
2264,426427,-17733.149212,184,battery_depleted,0,1,0,0,48,45,3,23,25.059928172283335,25.02999097318944,29,0.15760869565217392,0.0,0.0,,,,184,185.6518036156092
2265,426607,-17060.707229,180,battery_depleted,0,1,0,0,24,47,21,34,7.280109889280518,6.061554174845816,24,0.13333333333333333,0.0,0.0,,,,180,187.06601717798236
2266,426793,-18212.981092,186,battery_depleted,0,1,0,0,49,43,21,8,37.21558813185679,7.606281530173149,39,0.20967741935483872,0.0,0.0,,,,186,178.06601717798222
2267,426987,-19802.165213,194,battery_depleted,0,1,0,0,17,34,34,17,11.180339887498949,12.861290672843666,56,0.28865979381443296,0.0,0.0,,,,194,168.23759005323612
2268,427165,-16785.222053,178,battery_depleted,0,1,0,0,16,33,38,38,32.802438933713454,-10.241410588356498,26,0.14606741573033707,0.0,0.0,,,,178,186.3797256769671
2269,427342,-16537.298339,177,battery_depleted,0,1,0,0,44,28,17,8,34.132096331752024,-0.5315010989291409,15,0.0847457627118644,0.0,0.0,,,,177,192.6518036156093
2270,427511,-15057.930705,169,battery_depleted,0,1,0,0,42,39,9,15,36.76955262170047,4.03485890450586,6,0.03550295857988166,0.0,0.0,,,,169,197.7939392393402
2271,427681,-15250.352058,170,battery_depleted,0,1,0,0,15,44,16,2,33.015148038438355,8.996755036761655,17,0.1,0.0,0.0,,,,170,191.107647738325
2272,427864,-17635.454694,183,battery_depleted,0,1,0,0,22,46,21,24,14.317821063276353,7.704894482268886,33,0.18032786885245902,0.0,0.0,,,,183,181.4802307403554
2273,428061,-20406.358703,197,battery_depleted,0,1,0,0,15,47,3,21,19.6468827043885,8.988759422164208,61,0.3096446700507614,0.0,0.0,,,,197,164.9949493661168
2274,428239,-16656.325118,178,battery_depleted,0,1,0,0,41,18,30,39,16.97056274847714,6.735976433782255,12,0.06741573033707865,0.0,0.0,,,,178,193.33809511662446
2275,428424,-18006.357356,185,battery_depleted,0,1,0,0,47,14,3,48,44.77722635447622,10.828528743355157,36,0.1945945945945946,0.0,0.0,,,,185,179.65180361560917
2276,428607,-17548.64711,183,battery_depleted,0,1,0,0,3,47,47,44,17.11724276862369,26.9849113737762,38,0.20765027322404372,0.0,0.0,,,,183,177.72287142747464
2277,428822,-24334.634972,215,battery_depleted,0,1,0,0,7,3,47,16,37.33630940518894,4.72317228443724,101,0.4697674418604651,0.0,0.0,,,,215,140.92388155425112
2278,429002,-17007.209051,180,battery_depleted,0,1,0,0,28,39,7,41,9.0,12.095023109728988,15,0.08333333333333333,0.0,0.0,,,,180,192.7523086789975
2279,429218,-24625.069361,216,battery_depleted,0,1,0,0,8,8,38,13,38.600518131237564,-8.186705479746465,95,0.4398148148148148,0.0,0.0,,,,216,143.36753236814712
2280,429413,-20035.874887,195,battery_depleted,0,1,0,0,48,43,32,7,36.49657518178932,2.898856025395098,63,0.3230769230769231,0.0,0.0,,,,195,165.13708498984772
2281,429585,-15614.869554,172,battery_depleted,0,1,0,0,46,29,27,27,19.235384061671343,-0.13041088712854432,13,0.0755813953488372,0.0,0.0,,,,172,193.7939392393402
2282,429780,-20013.624775,195,battery_depleted,0,1,0,0,32,8,0,4,22.847319317591726,9.40171167560247,60,0.3076923076923077,0.0,0.0,,,,195,166.0660171779822
2283,429968,-18666.789317,188,battery_depleted,0,1,0,0,29,26,35,19,13.416407864998739,-4.196863407705852,42,0.22340425531914893,0.0,0.0,,,,188,175.40916292848993
2284,429979,-4.912031,11,goal_reached,1,0,0,0,15,36,17,34,0.0,2.8284271247461903,3,0.2727272727272727,94.25,0.0,,,,11,9.65685424949238
2285,430164,-18091.663248,185,battery_depleted,0,1,0,0,37,22,3,39,45.69463863518345,-7.681483017687029,35,0.1891891891891892,0.0,0.0,,,,185,181.06601717798227
2286,430347,-17616.851849,183,battery_depleted,0,1,0,0,16,33,28,39,3.1622776601683795,10.254130204830359,27,0.14754098360655737,0.0,0.0,,,,183,185.82337649086304
2287,430531,-17906.84249,184,battery_depleted,0,1,0,0,18,0,11,4,16.492422502470642,-8.430164754172093,34,0.18478260869565216,0.0,0.0,,,,184,181.8944443027285
2288,430724,-19652.869121,193,battery_depleted,0,1,0,0,18,15,45,6,19.79898987322333,8.661509068292084,60,0.31088082901554404,0.0,0.0,,,,193,165.7228714274746
2289,430960,-29259.050934,236,battery_depleted,0,1,0,0,31,20,2,27,16.76305461424021,13.069813166112386,138,0.5847457627118644,0.0,0.0,,,,236,116.6396103067892
2290,431136,-16316.315371,176,battery_depleted,0,1,0,0,33,5,31,36,25.179356624028344,5.885092509989789,15,0.08522727272727272,0.0,0.0,,,,176,192.4802307403554
2291,431312,-16275.616555,176,battery_depleted,0,1,0,0,29,49,47,24,19.4164878389476,11.389355762551126,14,0.07954545454545454,0.0,0.0,,,,176,193.4802307403554
2292,431511,-20819.167759,199,battery_depleted,0,1,0,0,42,5,4,47,46.95742752749558,9.681781506529603,66,0.3316582914572864,0.0,0.0,,,,199,162.82337649086293
2293,431696,-18080.956705,185,battery_depleted,0,1,0,0,2,26,7,49,21.93171219946131,1.6054923924183306,41,0.22162162162162163,0.0,0.0,,,,185,176.72287142747467
2294,431866,-15300.880657,170,battery_depleted,0,1,0,0,41,36,6,41,42.44997055358225,-7.09463149425487,11,0.06470588235294118,0.0,0.0,,,,170,195.03657992645947
2295,432073,-22556.982907,207,battery_depleted,0,1,0,0,44,43,22,27,24.08318915758459,3.1197518598862963,82,0.3961352657004831,0.0,0.0,,,,207,151.09545442950503
2296,432253,-17047.358903,180,battery_depleted,0,1,0,0,44,38,17,39,23.08679276123039,3.9317194109822005,17,0.09444444444444444,0.0,0.0,,,,180,192.82337649086304
2297,432437,-17830.260869,184,battery_depleted,0,1,0,0,34,49,12,21,26.68332812825267,8.925659501277046,39,0.21195652173913043,0.0,0.0,,,,184,179.37972567696707
2298,432627,-18980.488531,190,battery_depleted,0,1,0,0,21,46,22,33,3.1622776601683795,9.876127150236918,43,0.22631578947368422,0.0,0.0,,,,190,175.58073580374366
2299,432816,-18782.16433,189,battery_depleted,0,1,0,0,38,0,19,44,37.64306044943742,10.283967415849617,37,0.19576719576719576,0.0,0.0,,,,189,179.33809511662443
2300,432995,-16937.251839,179,battery_depleted,0,1,0,0,12,46,37,22,33.015148038438355,1.6402988638885603,28,0.1564245810055866,0.0,0.0,,,,179,184.13708498984778
2301,433193,-20690.276667,198,battery_depleted,0,1,0,0,38,4,46,31,28.160255680657446,0.0,62,0.31313131313131315,0.0,0.0,,,,198,163.33809511662434
2302,433397,-21861.416295,204,battery_depleted,0,1,0,0,1,2,12,49,31.25699921617557,17.013074328413115,76,0.37254901960784315,0.0,0.0,,,,204,155.75230867899742
2303,433588,-19128.325757,191,battery_depleted,0,1,0,0,29,7,1,26,13.0,20.837848631377263,46,0.24083769633507854,0.0,0.0,,,,191,174.40916292848993
2304,433769,-17269.219455,181,battery_depleted,0,1,0,0,25,1,34,45,39.56008088970496,5.350942256066276,27,0.14917127071823205,0.0,0.0,,,,181,185.48023074035535
2305,433903,-9513.221667,134,goal_reached,1,0,0,0,29,12,22,12,0.0,7.0,18,0.13432835820895522,24.899999999999878,0.0,,,,134,139.6101730552664
2306,434118,-24261.692385,215,battery_depleted,0,1,0,0,37,1,8,19,23.259406699226016,10.872689632526008,89,0.413953488372093,0.0,0.0,,,,215,148.36753236814712
2307,434295,-16554.298587,177,battery_depleted,0,1,0,0,34,12,30,28,19.1049731745428,-2.6125506720721567,21,0.11864406779661017,0.0,0.0,,,,177,188.72287142747473
2308,434480,-18030.993099,185,battery_depleted,0,1,0,0,4,45,16,39,11.045361017187261,2.3710468478114777,34,0.1837837837837838,0.0,0.0,,,,185,181.23759005323612
2309,434698,-25014.705918,218,battery_depleted,0,1,0,0,8,4,18,21,19.849433241279208,-0.12635031796318685,101,0.463302752293578,0.0,0.0,,,,218,139.36753236814707
2310,434869,-15458.733615,171,battery_depleted,0,1,0,0,33,29,11,49,34.88552708502482,-5.153389590387807,6,0.03508771929824561,0.0,0.0,,,,171,197.30865786510162
2311,435041,-15611.177244,172,battery_depleted,0,1,0,0,39,38,37,35,5.0,-1.3944487245360109,8,0.046511627906976744,0.0,0.0,,,,172,196.30865786510165
2312,435219,-16759.296926,178,battery_depleted,0,1,0,0,31,11,35,8,9.055385138137417,-4.055385138137417,24,0.1348314606741573,0.0,0.0,,,,178,186.72287142747467
2313,435413,-19812.824051,194,battery_depleted,0,1,0,0,4,22,2,43,13.0,8.095023109728988,51,0.26288659793814434,0.0,0.0,,,,194,169.0954544295051
2314,435603,-19053.534994,190,battery_depleted,0,1,0,0,14,45,13,48,7.280109889280518,-4.117832229112139,47,0.24736842105263157,0.0,0.0,,,,190,173.65180361560914
2315,435800,-20517.101927,197,battery_depleted,0,1,0,0,33,18,49,38,29.410882339705484,-3.79838538997409,62,0.3147208121827411,0.0,0.0,,,,197,163.16652224137053
2316,435984,-17872.923528,184,battery_depleted,0,1,0,0,9,46,25,6,43.104524124504614,-0.02320566742858432,43,0.23369565217391305,0.0,0.0,,,,184,174.55129855222089
2317,436179,-20053.774086,195,battery_depleted,0,1,0,0,43,3,0,45,60.440052945046304,-0.33181723645142824,50,0.2564102564102564,0.0,0.0,,,,195,171.9238815542513
2318,436350,-15400.453688,171,battery_depleted,0,1,0,0,31,39,48,38,13.45362404707371,3.575762318852693,3,0.017543859649122806,0.0,0.0,,,,171,200.72287142747476
2319,436555,-22027.513607,205,battery_depleted,0,1,0,0,17,2,33,33,12.806248474865697,22.079278610159122,70,0.34146341463414637,0.0,0.0,,,,205,161.50966799187816
2320,436758,-21706.306454,203,battery_depleted,0,1,0,0,27,10,43,22,13.45362404707371,6.54637595292629,74,0.3645320197044335,0.0,0.0,,,,203,156.33809511662432
2321,436962,-21956.075538,204,battery_depleted,0,1,0,0,6,23,30,10,35.4682957019364,-8.173607574024036,75,0.36764705882352944,0.0,0.0,,,,204,155.50966799187813
2322,437131,-14964.24344,169,battery_depleted,0,1,0,0,31,47,34,4,21.93171219946131,21.172811925043305,3,0.01775147928994083,0.0,0.0,,,,169,199.55129855222094
2323,437314,-17775.736321,183,battery_depleted,0,1,0,0,19,36,25,46,30.479501308256342,-18.81759751856574,28,0.15300546448087432,0.0,0.0,,,,183,184.823376490863
2324,437522,-22850.542448,208,battery_depleted,0,1,0,0,5,10,38,38,50.93132631298737,-7.653156296222569,92,0.4423076923076923,0.0,0.0,,,,208,145.4091629284897
2325,437693,-15426.779854,171,battery_depleted,0,1,0,0,36,33,37,20,10.04987562112089,2.9885291892844084,11,0.06432748538011696,0.0,0.0,,,,171,195.20815280171328
2326,437887,-19828.774147,194,battery_depleted,0,1,0,0,17,5,35,26,21.02379604162864,6.634837330250022,58,0.29896907216494845,0.0,0.0,,,,194,165.40916292848988
2327,438068,-17241.809766,181,battery_depleted,0,1,0,0,47,41,29,33,14.035668847618199,5.662046755974009,26,0.143646408839779,0.0,0.0,,,,181,186.48023074035538
2328,438281,-23934.483587,213,battery_depleted,0,1,0,0,14,17,13,26,7.211102550927978,1.844282587209439,96,0.4507042253521127,0.0,0.0,,,,213,142.26702730475876
2329,438458,-16543.277325,177,battery_depleted,0,1,0,0,25,38,29,4,37.107950630558946,-2.873465093311566,20,0.11299435028248588,0.0,0.0,,,,177,190.96551211459402
2330,438673,-24362.824492,215,battery_depleted,0,1,0,0,25,26,49,31,21.587033144922902,2.928268199339623,99,0.4604651162790698,0.0,0.0,,,,215,142.09545442950497
2331,438860,-18410.423283,187,battery_depleted,0,1,0,0,29,43,44,17,20.808652046684813,9.208009992922456,46,0.24598930481283424,0.0,0.0,,,,187,174.55129855222089
2332,439063,-21627.496786,203,battery_depleted,0,1,0,0,28,0,10,23,5.656854249492381,23.549309483528088,76,0.37438423645320196,0.0,0.0,,,,203,156.8233764908629
2333,439242,-16857.95763,179,battery_depleted,0,1,0,0,47,29,45,14,8.94427190999916,6.188474040422397,20,0.11173184357541899,0.0,0.0,,,,179,188.82337649086304
2334,439448,-22387.702983,206,battery_depleted,0,1,0,0,21,40,7,20,19.313207915827967,5.0999033156394376,77,0.3737864077669903,0.0,0.0,,,,206,153.0243866176395
2335,439639,-19232.513546,191,battery_depleted,0,1,0,0,1,46,11,37,13.0,0.45362404707370985,44,0.23036649214659685,0.0,0.0,,,,191,174.75230867899742
2336,439826,-18516.220004,187,battery_depleted,0,1,0,0,17,29,0,3,42.7551166528639,-11.690667518845764,42,0.22459893048128343,0.0,0.0,,,,187,176.48023074035532
2337,440033,-22588.371166,207,battery_depleted,0,1,0,0,3,18,7,46,28.071337695236398,0.21293355222550403,73,0.3526570048309179,0.0,0.0,,,,207,154.71067811865484
2338,440204,-15415.021511,171,battery_depleted,0,1,0,0,46,31,8,46,41.43669871020132,-0.5833022785703292,0,0.0,0.0,0.0,,,,171,201.23759005323612
2339,440392,-18637.179075,188,battery_depleted,0,1,0,0,11,31,34,44,26.1725046566048,0.24718497064101186,44,0.23404255319148937,0.0,0.0,,,,188,175.0660171779823
2340,440580,-18649.412066,188,battery_depleted,0,1,0,0,38,16,45,22,6.4031242374328485,2.8164202198600385,45,0.2393617021276596,0.0,0.0,,,,188,175.72287142747462
2341,440765,-18075.570472,185,battery_depleted,0,1,0,0,8,43,5,27,20.223748416156685,-3.9449278200569786,33,0.1783783783783784,0.0,0.0,,,,185,180.99494936611677
2342,440968,-21741.637395,203,battery_depleted,0,1,0,0,39,9,22,12,27.16615541441225,-9.90347891278018,72,0.35467980295566504,0.0,0.0,,,,203,158.7523086789974
2343,441143,-16173.340705,175,battery_depleted,0,1,0,0,41,13,29,15,15.620499351813308,-3.4549742912168693,15,0.08571428571428572,0.0,0.0,,,,175,193.96551211459402
2344,441317,-16033.575011,174,battery_depleted,0,1,0,0,36,31,40,44,27.073972741361768,-13.472502232626324,9,0.05172413793103448,0.0,0.0,,,,174,196.8944443027286
2345,441493,-16371.165542,176,battery_depleted,0,1,0,0,36,29,18,37,26.92582403567252,-7.228108432080312,16,0.09090909090909091,0.0,0.0,,,,176,192.72287142747476
2346,441702,-23059.107888,209,battery_depleted,0,1,0,0,8,8,45,5,40.0,-2.8785776134588303,90,0.430622009569378,0.0,0.0,,,,209,147.58073580374355
2347,441889,-18397.52106,187,battery_depleted,0,1,0,0,5,42,44,2,47.4236228055175,8.442288088336184,45,0.24064171122994651,0.0,0.0,,,,187,175.96551211459388
2348,442080,-19153.034088,191,battery_depleted,0,1,0,0,21,49,17,2,30.675723300355934,16.494182359927088,42,0.2198952879581152,0.0,0.0,,,,191,176.7523086789975
2349,442263,-17708.488895,183,battery_depleted,0,1,0,0,25,7,3,15,27.018512172212592,-3.6091123507733407,30,0.16393442622950818,0.0,0.0,,,,183,183.23759005323615
2350,442445,-17453.731802,182,battery_depleted,0,1,0,0,28,1,30,32,26.248809496813376,4.815639637204757,30,0.16483516483516483,0.0,0.0,,,,182,183.48023074035535
2351,442470,-295.829451,25,goal_reached,1,0,0,0,33,46,26,48,0.0,7.280109889280518,2,0.08,85.39999999999998,0.0,,,,25,27.970562748477146
2352,442662,-19352.357445,192,battery_depleted,0,1,0,0,20,11,2,36,15.620499351813308,15.185344249685418,47,0.24479166666666666,0.0,0.0,,,,192,173.1665222413705
2353,442844,-17434.115022,182,battery_depleted,0,1,0,0,32,38,2,17,26.1725046566048,10.447162190596309,35,0.19230769230769232,0.0,0.0,,,,182,179.72287142747464
2354,443052,-22814.123578,208,battery_depleted,0,1,0,0,33,18,33,34,22.02271554554524,-6.022715545545239,80,0.38461538461538464,0.0,0.0,,,,208,154.09545442950497
2355,443222,-15268.941498,170,battery_depleted,0,1,0,0,44,38,18,35,29.732137494637012,-3.5596328380322113,6,0.03529411764705882,0.0,0.0,,,,170,198.37972567696715
2356,443409,-18334.80558,187,battery_depleted,0,1,0,0,25,8,47,30,9.433981132056603,21.678717240151485,39,0.20855614973262032,0.0,0.0,,,,187,179.06601717798227
2357,443605,-20179.533269,196,battery_depleted,0,1,0,0,40,6,2,49,44.10215414239989,13.282512799214402,51,0.2602040816326531,0.0,0.0,,,,196,171.09545442950505
2358,443801,-20289.478571,196,battery_depleted,0,1,0,0,40,7,34,24,13.601470508735444,4.426285868584502,56,0.2857142857142857,0.0,0.0,,,,196,168.16652224137056
2359,443971,-15186.517529,170,battery_depleted,0,1,0,0,47,23,24,40,14.422205101855956,14.178494190294225,10,0.058823529411764705,0.0,0.0,,,,170,195.6223663640864
2360,444165,-19836.827816,194,battery_depleted,0,1,0,0,21,27,27,46,12.727922061357855,7.19693678381342,55,0.28350515463917525,0.0,0.0,,,,194,168.82337649086296
2361,444350,-18072.92,185,battery_depleted,0,1,0,0,45,4,47,5,2.23606797749979,0.0,40,0.21621621621621623,0.0,0.0,,,,185,176.8944443027285
2362,444543,-19583.018192,193,battery_depleted,0,1,0,0,31,32,9,43,16.0312195418814,8.56552821061629,45,0.23316062176165803,0.0,0.0,,,,193,173.681240867132
2363,444731,-18635.941676,188,battery_depleted,0,1,0,0,42,4,39,48,40.792156108742276,3.309998033657614,38,0.20212765957446807,0.0,0.0,,,,188,180.23759005323615
2364,444930,-20795.641908,199,battery_depleted,0,1,0,0,44,5,0,47,47.80167361086848,13.025951692113722,62,0.31155778894472363,0.0,0.0,,,,199,163.50966799187813
2365,445130,-21085.271136,200,battery_depleted,0,1,0,0,31,16,20,11,7.615773105863909,4.467272867730664,69,0.345,0.0,0.0,,,,200,160.40916292848982
2366,445324,-19944.429185,194,battery_depleted,0,1,0,0,25,25,25,24,14.212670403551895,-13.212670403551895,55,0.28350515463917525,0.0,0.0,,,,194,169.65180361560917
2367,445528,-21862.244619,204,battery_depleted,0,1,0,0,16,10,47,17,11.40175425099138,20.378742913150028,80,0.39215686274509803,0.0,0.0,,,,204,151.33809511662426
2368,445703,-16159.11299,175,battery_depleted,0,1,0,0,34,47,29,33,17.0,-2.133931252681494,12,0.06857142857142857,0.0,0.0,,,,175,194.06601717798227
2369,445914,-23370.851477,211,battery_depleted,0,1,0,0,2,0,28,42,33.301651610693426,16.094704530220447,92,0.43601895734597157,0.0,0.0,,,,211,146.3380951166242
2370,446041,-8615.283122,127,goal_reached,1,0,0,0,26,6,16,7,0.0,10.04987562112089,29,0.2283464566929134,31.349999999999863,0.0,,,,127,119.95331880577396
2371,446213,-15566.984638,172,battery_depleted,0,1,0,0,49,16,37,38,17.4928556845359,7.567072487747435,8,0.046511627906976744,0.0,0.0,,,,172,197.1370849898479
2372,446418,-22176.091345,205,battery_depleted,0,1,0,0,0,39,4,7,27.65863337187866,4.590397621315535,80,0.3902439024390244,0.0,0.0,,,,205,153.99494936611666
2373,446609,-19223.427687,191,battery_depleted,0,1,0,0,10,30,16,43,12.165525060596439,2.1522960026799147,39,0.20418848167539266,0.0,0.0,,,,191,178.09545442950514
2374,446792,-17685.646287,183,battery_depleted,0,1,0,0,25,45,24,10,33.24154027718932,1.7727425228338731,34,0.18579234972677597,0.0,0.0,,,,183,181.3086578651016
2375,446908,-7117.689643,116,goal_reached,1,0,0,0,40,35,39,22,0.0,13.038404810405298,6,0.05172413793103448,31.69999999999985,0.0,,,,116,134.02438661763946
2376,447123,-24404.669062,215,battery_depleted,0,1,0,0,4,38,24,9,38.8329756778952,-3.6051457702781278,102,0.4744186046511628,0.0,0.0,,,,215,136.19595949289328
2377,447309,-18207.645743,186,battery_depleted,0,1,0,0,27,7,38,33,14.212670403551895,14.018518023434313,40,0.21505376344086022,0.0,0.0,,,,186,177.06601717798225
2378,447498,-18759.822251,189,battery_depleted,0,1,0,0,28,26,8,38,8.06225774829855,15.261549831082654,34,0.17989417989417988,0.0,0.0,,,,189,180.68124086713203
2379,447666,-14929.680398,168,battery_depleted,0,1,0,0,34,33,7,47,37.589892258425,-7.176079606933904,2,0.011904761904761904,0.0,0.0,,,,168,199.96551211459402
2380,447856,-19043.310187,190,battery_depleted,0,1,0,0,46,7,32,4,12.165525060596439,2.1522960026799147,48,0.25263157894736843,0.0,0.0,,,,190,173.8944443027285
2381,448047,-19269.495697,191,battery_depleted,0,1,0,0,10,26,3,9,23.430749027719962,-5.045972716869727,45,0.2356020942408377,0.0,0.0,,,,191,175.40916292848988
2382,448226,-16930.43184,179,battery_depleted,0,1,0,0,27,40,11,42,24.331050121192877,-8.206534624595779,19,0.10614525139664804,0.0,0.0,,,,179,190.65180361560923
2383,448430,-21873.707825,204,battery_depleted,0,1,0,0,34,1,42,31,24.596747752497688,6.451601640022361,67,0.3284313725490196,0.0,0.0,,,,204,163.50966799187816
2384,448642,-23546.825,212,battery_depleted,0,1,0,0,34,17,14,38,5.0,24.0,88,0.41509433962264153,0.0,0.0,,,,212,148.0243866176395
2385,448833,-19215.564999,191,battery_depleted,0,1,0,0,3,25,19,36,14.317821063276353,5.098666775671246,52,0.27225130890052357,0.0,0.0,,,,191,170.06601717798227
2386,448852,-145.4575,19,goal_reached,1,0,0,0,44,19,41,23,0.0,5.0,1,0.05263157894736842,88.84999999999998,0.0,,,,19,21.72792206135786
2387,449045,-19664.705354,193,battery_depleted,0,1,0,0,8,29,13,48,21.18962010041709,-1.542737396028592,56,0.29015544041450775,0.0,0.0,,,,193,168.48023074035532
2388,449235,-19015.094261,190,battery_depleted,0,1,0,0,5,38,34,26,27.586228448267445,3.798481204682986,44,0.23157894736842105,0.0,0.0,,,,190,174.9949493661168
2389,449431,-20293.23302,196,battery_depleted,0,1,0,0,38,5,49,42,40.311288741492746,-1.7107706102551816,61,0.3112244897959184,0.0,0.0,,,,196,163.1665222413705
2390,449625,-19722.296203,194,battery_depleted,0,1,0,0,42,30,10,46,9.899494936611665,25.87759270338497,53,0.27319587628865977,0.0,0.0,,,,194,169.58073580374364
2391,449811,-18158.394022,186,battery_depleted,0,1,0,0,48,7,9,5,16.0312195418814,23.02002883765187,37,0.1989247311827957,0.0,0.0,,,,186,180.89444430272854
2392,449989,-16720.8658,178,battery_depleted,0,1,0,0,18,41,4,30,10.816653826391969,6.9878399883728886,26,0.14606741573033707,0.0,0.0,,,,178,185.96551211459396
2393,450176,-18450.65866,187,battery_depleted,0,1,0,0,10,29,7,46,18.601075237738275,-1.3383987361062069,42,0.22459893048128343,0.0,0.0,,,,187,175.2375900532361
2394,450364,-18627.667781,188,battery_depleted,0,1,0,0,43,49,33,39,12.165525060596439,1.9766105631345123,41,0.21808510638297873,0.0,0.0,,,,188,178.0660171779823
2395,450547,-17654.223383,183,battery_depleted,0,1,0,0,42,45,35,21,17.26267650163207,7.737323498367932,40,0.2185792349726776,0.0,0.0,,,,183,178.6223663640864
2396,450728,-17267.325786,181,battery_depleted,0,1,0,0,44,22,48,30,6.082762530298219,2.86150937970094,18,0.09944751381215469,0.0,0.0,,,,181,190.33809511662452
2397,450913,-17999.994998,185,battery_depleted,0,1,0,0,23,43,40,23,15.652475842498529,10.596333654314847,32,0.17297297297297298,0.0,0.0,,,,185,182.40916292848996
2398,451098,-18014.737488,185,battery_depleted,0,1,0,0,23,3,2,39,37.48332962798263,4.1940023403667865,29,0.15675675675675677,0.0,0.0,,,,185,184.16652224137061
2399,451322,-26498.518196,224,battery_depleted,0,1,0,0,8,15,34,24,32.802438933713454,-5.288805949318245,121,0.5401785714285714,0.0,0.0,,,,224,127.85281374238559
2400,451510,-18623.129092,188,battery_depleted,0,1,0,0,30,5,24,0,2.23606797749979,5.574181698406864,42,0.22340425531914893,0.0,0.0,,,,188,175.823376490863
2401,451719,-23044.11371,209,battery_depleted,0,1,0,0,11,2,47,37,45.34313619501854,4.866424647514229,85,0.40669856459330145,0.0,0.0,,,,209,151.7523086789974
2402,451910,-19205.42765,191,battery_depleted,0,1,0,0,3,36,29,26,19.1049731745428,8.75180337982544,56,0.2931937172774869,0.0,0.0,,,,191,166.48023074035532
2403,452100,-18935.986338,190,battery_depleted,0,1,0,0,32,35,2,48,9.486832980505138,23.208732468038495,42,0.22105263157894736,0.0,0.0,,,,190,178.23759005323612
2404,452295,-19989.140015,195,battery_depleted,0,1,0,0,9,24,5,48,14.560219778561036,9.770830342631841,55,0.28205128205128205,0.0,0.0,,,,195,168.99494936611674
2405,452488,-19625.050621,193,battery_depleted,0,1,0,0,38,2,33,49,38.0,9.265209192385896,54,0.27979274611398963,0.0,0.0,,,,193,170.06601717798227
2406,452692,-21895.536753,204,battery_depleted,0,1,0,0,42,26,18,0,21.02379604162864,14.359815984279624,75,0.36764705882352944,0.0,0.0,,,,204,157.58073580374358
2407,452881,-18836.209089,189,battery_depleted,0,1,0,0,14,28,5,23,8.48528137423857,1.8103487667484313,43,0.2275132275132275,0.0,0.0,,,,189,174.16652224137061
2408,453072,-19231.6027,191,battery_depleted,0,1,0,0,28,21,13,8,19.1049731745428,0.7444600667364085,46,0.24083769633507854,0.0,0.0,,,,191,173.1665222413705
2409,453248,-16249.12445,176,battery_depleted,0,1,0,0,24,48,45,0,29.732137494637012,22.660610095081932,21,0.11931818181818182,0.0,0.0,,,,176,189.7939392393402
2410,453454,-22404.496727,206,battery_depleted,0,1,0,0,39,19,33,1,24.698178070456937,-5.7245121094466604,75,0.3640776699029126,0.0,0.0,,,,206,155.43860018001263
2411,453653,-20885.607147,199,battery_depleted,0,1,0,0,10,23,45,28,32.89376840679705,2.4615706525303267,76,0.38190954773869346,0.0,0.0,,,,199,156.55129855222074
2412,453833,-17054.216919,180,battery_depleted,0,1,0,0,6,44,20,46,5.0990195135927845,9.043116110138167,29,0.16111111111111112,0.0,0.0,,,,180,184.55129855222089
2413,454042,-23031.955614,209,battery_depleted,0,1,0,0,38,1,29,7,7.280109889280518,3.5365439371114507,82,0.3923444976076555,0.0,0.0,,,,209,152.26702730475884
2414,454223,-17232.078339,181,battery_depleted,0,1,0,0,25,2,24,39,27.018512172212592,9.994998874430902,28,0.15469613259668508,0.0,0.0,,,,181,184.89444430272852
2415,454404,-17195.725322,181,battery_depleted,0,1,0,0,22,45,39,20,13.341664064126334,16.890768851535615,19,0.10497237569060773,0.0,0.0,,,,181,189.33809511662443
2416,454581,-16538.481924,177,battery_depleted,0,1,0,0,34,43,17,16,31.78049716414141,0.1256151029462238,22,0.12429378531073447,0.0,0.0,,,,177,187.72287142747467
2417,454760,-16836.359409,179,battery_depleted,0,1,0,0,16,47,40,24,12.727922061357855,20.513618215831467,27,0.15083798882681565,0.0,0.0,,,,179,185.5512985522209
2418,454949,-18868.913846,189,battery_depleted,0,1,0,0,41,17,42,15,8.54400374531753,-6.307935767817741,41,0.21693121693121692,0.0,0.0,,,,189,176.1665222413706
2419,455144,-19918.874636,195,battery_depleted,0,1,0,0,42,0,18,0,2.8284271247461903,21.17157287525381,45,0.23076923076923078,0.0,0.0,,,,195,175.68124086713203
2420,455314,-15321.607007,170,battery_depleted,0,1,0,0,28,44,24,37,21.540659228538015,-13.478401480239466,8,0.047058823529411764,0.0,0.0,,,,170,196.37972567696713
2421,455505,-19226.615919,191,battery_depleted,0,1,0,0,5,23,18,11,14.7648230602334,2.9269829527207314,49,0.25654450261780104,0.0,0.0,,,,191,170.58073580374366
2422,455697,-19432.547856,192,battery_depleted,0,1,0,0,5,39,6,15,23.021728866442675,0.9990954324859516,56,0.2916666666666667,0.0,0.0,,,,192,166.237590053236
2423,455884,-18309.587089,187,battery_depleted,0,1,0,0,3,44,47,42,16.1245154965971,27.92091559449338,40,0.21390374331550802,0.0,0.0,,,,187,178.89444430272852
2424,456059,-16103.768841,175,battery_depleted,0,1,0,0,45,21,24,40,19.209372712298546,9.110231804714047,12,0.06857142857142857,0.0,0.0,,,,175,193.65180361560925
2425,456233,-15984.805906,174,battery_depleted,0,1,0,0,32,44,10,29,23.345235059857504,3.2818188515311917,18,0.10344827586206896,0.0,0.0,,,,174,191.62236636408642
2426,456420,-18458.933506,187,battery_depleted,0,1,0,0,22,14,47,26,29.068883707497267,-1.3380344597731728,40,0.21390374331550802,0.0,0.0,,,,187,176.40916292848993
2427,456628,-22724.333359,208,battery_depleted,0,1,0,0,4,39,22,5,24.186773244895647,14.28399487844704,84,0.40384615384615385,0.0,0.0,,,,208,150.09545442950503
2428,456835,-22531.091645,207,battery_depleted,0,1,0,0,25,21,23,49,21.0,7.071337695236398,76,0.3671497584541063,0.0,0.0,,,,207,157.50966799187816
2429,457009,-15921.656529,174,battery_depleted,0,1,0,0,49,23,0,24,40.11234224026316,8.897860779108221,11,0.06321839080459771,0.0,0.0,,,,174,195.30865786510168
2430,457218,-23010.162227,209,battery_depleted,0,1,0,0,37,5,45,45,38.47076812334269,2.321387985399589,89,0.4258373205741627,0.0,0.0,,,,209,144.02438661763946
2431,457404,-18192.482457,186,battery_depleted,0,1,0,0,38,46,36,19,12.529964086141668,14.5440086552201,37,0.1989247311827957,0.0,0.0,,,,186,178.40916292848985
2432,457582,-16671.687575,178,battery_depleted,0,1,0,0,23,38,5,40,5.830951894845301,12.279818381429534,24,0.1348314606741573,0.0,0.0,,,,178,187.1370849898478
2433,457767,-18131.615897,185,battery_depleted,0,1,0,0,25,23,24,3,31.78049716414141,-11.755512769640621,36,0.1945945945945946,0.0,0.0,,,,185,180.4802307403554
2434,457955,-18567.482304,188,battery_depleted,0,1,0,0,3,15,35,34,19.697715603592208,17.517872528264583,44,0.23404255319148937,0.0,0.0,,,,188,175.06601717798227
2435,458148,-19668.740216,193,battery_depleted,0,1,0,0,13,14,40,16,27.730849247724095,-0.6568765063623268,57,0.29533678756476683,0.0,0.0,,,,193,167.4802307403553
2436,458341,-19572.738176,193,battery_depleted,0,1,0,0,1,29,12,21,4.123105625617661,9.478364883117784,48,0.24870466321243523,0.0,0.0,,,,193,173.58073580374372
2437,458531,-19035.882736,190,battery_depleted,0,1,0,0,14,17,37,32,27.202941017470888,0.2561194180210755,42,0.22105263157894736,0.0,0.0,,,,190,177.82337649086298
2438,458723,-19364.073829,192,battery_depleted,0,1,0,0,12,9,34,39,19.72308292331602,17.47906755216053,51,0.265625,0.0,0.0,,,,192,169.99494936611674
2439,458905,-17492.90806,182,battery_depleted,0,1,0,0,18,38,33,46,16.55294535724685,0.44705464275315165,32,0.17582417582417584,0.0,0.0,,,,182,181.06601717798225
2440,459086,-17261.027867,181,battery_depleted,0,1,0,0,38,38,8,5,38.2099463490856,6.388259892869918,27,0.14917127071823205,0.0,0.0,,,,181,185.06601717798233
2441,459267,-17213.932719,181,battery_depleted,0,1,0,0,43,48,0,28,30.0,17.423622805517503,25,0.13812154696132597,0.0,0.0,,,,181,187.06601717798236
2442,459452,-18036.421302,185,battery_depleted,0,1,0,0,23,41,10,12,26.40075756488817,5.379739599253238,38,0.20540540540540542,0.0,0.0,,,,185,177.65180361560923
2443,459634,-17420.203689,182,battery_depleted,0,1,0,0,2,43,19,12,25.942243542145693,9.413095517181684,29,0.15934065934065933,0.0,0.0,,,,182,184.4802307403554
2444,459804,-15138.092413,170,battery_depleted,0,1,0,0,49,47,34,16,10.0,24.438350715445125,11,0.06470588235294118,0.0,0.0,,,,170,195.03657992645952
2445,459821,-121.16,17,goal_reached,1,0,0,0,0,32,2,32,0.0,2.0,4,0.23529411764705882,90.8,0.0,,,,17,15.899494936611667
2446,460005,-17917.64693,184,battery_depleted,0,1,0,0,48,8,49,33,29.427877939124322,-4.407885932730714,41,0.22282608695652173,0.0,0.0,,,,184,175.7228714274747
2447,460195,-19038.526898,190,battery_depleted,0,1,0,0,5,26,8,31,5.385164807134504,0.445787087710797,51,0.26842105263157895,0.0,0.0,,,,190,172.13708498984772
2448,460385,-19018.159861,190,battery_depleted,0,1,0,0,0,33,10,20,12.165525060596439,4.235694406260288,46,0.24210526315789474,0.0,0.0,,,,190,171.7523086789975
2449,460565,-17030.738152,180,battery_depleted,0,1,0,0,31,33,47,11,13.038404810405298,14.16453620706559,29,0.16111111111111112,0.0,0.0,,,,180,185.37972567696704
2450,460749,-17881.911311,184,battery_depleted,0,1,0,0,13,22,47,41,38.2099463490856,0.7387378392152968,38,0.20652173913043478,0.0,0.0,,,,184,179.55129855222083
2451,460913,-14197.912982,164,battery_depleted,0,1,0,0,36,44,12,14,36.235341863986875,2.1834035606102162,0,0.0,0.0,0.0,,,,164,202.52186130069813
2452,461106,-19573.224913,193,battery_depleted,0,1,0,0,1,46,44,13,31.400636936215164,22.802683995255443,60,0.31088082901554404,0.0,0.0,,,,193,164.06601717798222
2453,461300,-19793.06173,194,battery_depleted,0,1,0,0,3,36,49,42,37.0,9.389654018972806,50,0.25773195876288657,0.0,0.0,,,,194,170.09545442950508
2454,461483,-17570.493725,183,battery_depleted,0,1,0,0,25,42,44,24,7.810249675906654,18.362254980698147,32,0.17486338797814208,0.0,0.0,,,,183,181.2375900532361
2455,461657,-15972.822199,174,battery_depleted,0,1,0,0,39,25,42,29,7.615773105863909,-2.6157731058639087,6,0.034482758620689655,0.0,0.0,,,,174,197.40916292849
2456,461853,-20233.908881,196,battery_depleted,0,1,0,0,49,7,41,24,11.661903789690601,7.126390438365334,63,0.32142857142857145,0.0,0.0,,,,196,161.99494936611677
2457,462056,-21731.944954,203,battery_depleted,0,1,0,0,8,2,34,35,37.64306044943742,4.368842625762589,77,0.3793103448275862,0.0,0.0,,,,203,154.16652224137044
2458,462239,-17605.209784,183,battery_depleted,0,1,0,0,19,1,47,35,27.784887978899608,16.26054311219087,33,0.18032786885245902,0.0,0.0,,,,183,182.30865786510154
2459,462432,-19593.685477,193,battery_depleted,0,1,0,0,22,27,8,6,18.24828759089466,6.990571337353266,46,0.23834196891191708,0.0,0.0,,,,193,172.2670273047589
2460,462636,-21993.347004,204,battery_depleted,0,1,0,0,19,14,25,20,16.1245154965971,-7.639234122358529,69,0.3382352941176471,0.0,0.0,,,,204,160.26702730475887
2461,462830,-19818.458793,194,battery_depleted,0,1,0,0,4,15,18,22,7.0710678118654755,8.581408030633053,55,0.28350515463917525,0.0,0.0,,,,194,169.6518036156092
2462,463037,-22529.420274,207,battery_depleted,0,1,0,0,11,25,29,34,17.0,3.1246117974981082,80,0.3864734299516908,0.0,0.0,,,,207,152.26702730475884
2463,463254,-24769.803281,217,battery_depleted,0,1,0,0,12,6,10,19,7.211102550927978,5.941843887037927,99,0.45622119815668205,0.0,0.0,,,,217,141.6101730552664
2464,463421,-14732.583815,167,battery_depleted,0,1,0,0,38,43,32,49,9.219544457292887,-0.7342630830543175,5,0.029940119760479042,0.0,0.0,,,,167,198.8650070512058
2465,463592,-15400.570457,171,battery_depleted,0,1,0,0,36,31,46,3,23.021728866442675,6.710408628194337,9,0.05263157894736842,0.0,0.0,,,,171,196.79393923934023
2466,463777,-18056.131915,185,battery_depleted,0,1,0,0,20,18,13,28,8.94427190999916,3.262283705734543,42,0.22702702702702704,0.0,0.0,,,,185,176.96551211459396
2467,463977,-21039.443399,200,battery_depleted,0,1,0,0,15,3,16,43,25.632011235952593,14.380486811532517,67,0.335,0.0,0.0,,,,200,162.4091629284898
2468,464156,-16966.060021,179,battery_depleted,0,1,0,0,11,27,45,1,44.40720662234904,-1.6053375042836464,36,0.2011173184357542,0.0,0.0,,,,179,179.0365799264594
2469,464345,-18806.470314,189,battery_depleted,0,1,0,0,37,11,2,39,40.52159917870962,4.300270483320318,44,0.2328042328042328,0.0,0.0,,,,189,174.82337649086298
2470,464544,-20859.936935,199,battery_depleted,0,1,0,0,3,20,30,46,33.421549934136806,4.061779693845821,65,0.32663316582914576,0.0,0.0,,,,199,162.9949493661167
2471,464734,-18849.32297,190,goal_reached,1,0,0,0,29,16,1,23,0.0,28.861739379323623,56,0.29473684210526313,4.699999999999978,0.0,,,,190,159.26702730475887
2472,464923,-18849.943698,189,battery_depleted,0,1,0,0,41,13,34,26,16.97056274847714,-2.205739688243739,42,0.2222222222222222,0.0,0.0,,,,189,176.4091629284899
2473,465130,-22560.00328,207,battery_depleted,0,1,0,0,34,24,6,43,26.1725046566048,7.665343974772462,74,0.357487922705314,0.0,0.0,,,,207,157.43860018001266
2474,465297,-14660.529515,167,battery_depleted,0,1,0,0,49,33,15,21,23.430749027719962,12.62476372691993,2,0.011976047904191617,0.0,0.0,,,,167,200.62236636408647
2475,465477,-17131.752204,180,battery_depleted,0,1,0,0,27,1,38,7,13.038404810405298,-0.5084407242636306,36,0.2,0.0,0.0,,,,180,180.03657992645944
2476,465653,-16382.317315,176,battery_depleted,0,1,0,0,12,35,12,27,15.033296378372908,-7.033296378372908,19,0.10795454545454546,0.0,0.0,,,,176,190.5512985522209
2477,465836,-17609.804,183,battery_depleted,0,1,0,0,24,14,41,1,7.0710678118654755,14.32986674716722,34,0.18579234972677597,0.0,0.0,,,,183,180.89444430272846
2478,466026,-19092.103951,190,battery_depleted,0,1,0,0,25,35,0,26,37.107950630558946,-10.5372901193861,39,0.20526315789473684,0.0,0.0,,,,190,178.3380951166244
2479,466110,-3835.956634,84,goal_reached,1,0,0,0,10,15,0,20,0.0,11.180339887498949,36,0.42857142857142855,61.49999999999999,0.0,,,,84,56.69848480983498
2480,466316,-22303.167467,206,battery_depleted,0,1,0,0,18,15,9,33,8.94427190999916,11.180339887498949,73,0.35436893203883496,0.0,0.0,,,,206,159.50966799187813
2481,466487,-15441.330677,171,battery_depleted,0,1,0,0,37,29,25,25,15.132745950421556,-2.4836353097480384,7,0.04093567251461988,0.0,0.0,,,,171,197.5512985522209
2482,466659,-15637.76842,172,battery_depleted,0,1,0,0,35,43,0,39,34.36568055487916,0.8621493527379087,13,0.0755813953488372,0.0,0.0,,,,172,194.20815280171337
2483,466835,-16298.105287,176,battery_depleted,0,1,0,0,30,39,41,10,16.1245154965971,14.891609341944548,20,0.11363636363636363,0.0,0.0,,,,176,189.965512114594
2484,467008,-15837.923863,173,battery_depleted,0,1,0,0,38,27,25,12,25.079872407968907,-5.230439166689699,14,0.08092485549132948,0.0,0.0,,,,173,192.965512114594
2485,467228,-25441.395073,220,battery_depleted,0,1,0,0,0,3,41,41,48.25971404805462,7.641985389440123,108,0.4909090909090909,0.0,0.0,,,,220,135.19595949289328
2486,467419,-19270.953731,191,battery_depleted,0,1,0,0,40,47,34,43,16.1245154965971,-8.91341294566912,42,0.2198952879581152,0.0,0.0,,,,191,177.5807358037437
2487,467608,-18874.253169,189,battery_depleted,0,1,0,0,24,35,25,13,27.730849247724095,-5.708133702178856,37,0.19576719576719576,0.0,0.0,,,,189,178.50966799187825
2488,467807,-20757.096635,199,battery_depleted,0,1,0,0,8,33,42,19,15.231546211727817,21.538006409972652,62,0.31155778894472363,0.0,0.0,,,,199,166.40916292848982
2489,467984,-16451.389167,177,battery_depleted,0,1,0,0,45,13,45,49,23.0,13.0,13,0.07344632768361582,0.0,0.0,,,,177,194.23759005323612
2490,468156,-15624.18114,172,battery_depleted,0,1,0,0,47,28,22,45,31.827660925679098,-1.5952280100171485,14,0.08139534883720931,0.0,0.0,,,,172,194.0365799264595
2491,468370,-23995.633142,214,battery_depleted,0,1,0,0,48,15,11,38,24.758836806279895,18.807205015304035,89,0.4158878504672897,0.0,0.0,,,,214,146.53910524340094
2492,468562,-19445.163976,192,battery_depleted,0,1,0,0,48,36,22,32,27.294688127912362,-0.9887952519805516,44,0.22916666666666666,0.0,0.0,,,,192,175.75230867899748
2493,468738,-16295.683892,176,battery_depleted,0,1,0,0,47,30,8,3,34.713109915419565,12.721054987106122,15,0.08522727272727272,0.0,0.0,,,,176,193.30865786510162
2494,468938,-21102.010768,200,battery_depleted,0,1,0,0,45,27,36,13,13.601470508735444,3.041846468357795,66,0.33,0.0,0.0,,,,200,162.9949493661167
2495,469122,-17864.003105,184,battery_depleted,0,1,0,0,39,35,22,32,12.529964086141668,4.732712415490401,38,0.20652173913043478,0.0,0.0,,,,184,178.72287142747464
2496,469321,-20837.474487,199,battery_depleted,0,1,0,0,18,22,32,43,18.027756377319946,7.211102550927979,70,0.35175879396984927,0.0,0.0,,,,199,158.4091629284898
2497,469525,-21927.80184,204,battery_depleted,0,1,0,0,26,20,44,2,21.93171219946131,3.5241319232544015,75,0.36764705882352944,0.0,0.0,,,,204,156.33809511662432
2498,469696,-15395.761179,171,battery_depleted,0,1,0,0,46,33,3,8,41.23105625617661,8.508264205606942,13,0.07602339181286549,0.0,0.0,,,,171,192.79393923934023
2499,469864,-14905.07399,168,battery_depleted,0,1,0,0,44,35,36,27,11.180339887498949,0.13336861148581214,7,0.041666666666666664,0.0,0.0,,,,168,197.45079348883263
2500,470045,-17262.695233,181,battery_depleted,0,1,0,0,37,27,44,7,12.0,9.189620100417091,34,0.1878453038674033,0.0,0.0,,,,181,180.96551211459393
2501,470260,-24437.074978,215,battery_depleted,0,1,0,0,6,10,17,1,15.620499351813308,-1.4078289482614128,99,0.4604651162790698,0.0,0.0,,,,215,141.68124086713186
2502,470433,-15829.634413,173,battery_depleted,0,1,0,0,37,20,40,47,23.53720459187964,3.628950822532609,21,0.12138728323699421,0.0,0.0,,,,173,189.27922061357884
2503,470607,-15992.884023,174,battery_depleted,0,1,0,0,10,35,25,9,27.65863337187866,2.3580286677286075,17,0.09770114942528736,0.0,0.0,,,,174,190.55129855222097
2504,470793,-18267.764624,186,battery_depleted,0,1,0,0,10,37,29,46,23.853720883753127,-2.8299248421244876,36,0.1935483870967742,0.0,0.0,,,,186,179.40916292848988
2505,470995,-21487.162678,202,battery_depleted,0,1,0,0,11,3,49,22,26.570660511172846,15.914631061323156,71,0.35148514851485146,0.0,0.0,,,,202,159.9949493661167
2506,471184,-18750.059449,189,battery_depleted,0,1,0,0,25,0,0,25,23.021728866442675,12.333610192884702,33,0.1746031746031746,0.0,0.0,,,,189,181.68124086713206
2507,471396,-23640.25155,212,battery_depleted,0,1,0,0,8,3,3,47,31.144823004794873,13.138356646174188,94,0.44339622641509435,0.0,0.0,,,,212,143.26702730475876
2508,471592,-20228.616838,196,battery_depleted,0,1,0,0,23,0,26,34,24.041630560342615,10.09046577140941,61,0.3112244897959184,0.0,0.0,,,,196,163.16652224137047
2509,471778,-18180.775301,186,battery_depleted,0,1,0,0,39,34,6,36,12.649110640673518,20.41143986895956,43,0.23118279569892472,0.0,0.0,,,,186,176.13708498984775
2510,471992,-24186.567721,214,battery_depleted,0,1,0,0,23,28,37,36,18.35755975068582,-2.233044254088721,97,0.4532710280373832,0.0,0.0,,,,214,141.85281374238568
2511,472180,-18596.330666,188,battery_depleted,0,1,0,0,0,28,43,27,29.154759474226502,13.856866860986635,50,0.26595744680851063,0.0,0.0,,,,188,171.96551211459393
2512,472361,-17246.671681,181,battery_depleted,0,1,0,0,14,49,21,18,17.0,14.780497164141408,37,0.20441988950276244,0.0,0.0,,,,181,178.37972567696707
2513,472551,-19060.703287,190,battery_depleted,0,1,0,0,8,19,29,19,26.92582403567252,-5.92582403567252,47,0.24736842105263157,0.0,0.0,,,,190,173.2375900532361
2514,472748,-20424.174917,197,battery_depleted,0,1,0,0,38,48,45,49,3.605551275463989,3.4655165364014864,57,0.2893401015228426,0.0,0.0,,,,197,166.9238815542513
2515,472920,-15629.82914,172,battery_depleted,0,1,0,0,45,19,40,3,19.6468827043885,-2.8838280901482882,12,0.06976744186046512,0.0,0.0,,,,172,194.37972567696715
2516,473102,-17450.300663,182,battery_depleted,0,1,0,0,44,36,2,47,36.76955262170047,6.647034070484352,27,0.14835164835164835,0.0,0.0,,,,182,184.823376490863
2517,473318,-24564.018045,216,battery_depleted,0,1,0,0,18,0,8,4,8.94427190999916,1.8260577042698483,98,0.4537037037037037,0.0,0.0,,,,216,144.50966799187805
2518,473492,-15948.572054,174,battery_depleted,0,1,0,0,21,44,36,4,35.05709628591621,7.662922440671444,20,0.11494252873563218,0.0,0.0,,,,174,190.4507934888326
2519,473663,-15446.390555,171,battery_depleted,0,1,0,0,34,45,37,46,6.324555320336759,-3.1622776601683795,7,0.04093567251461988,0.0,0.0,,,,171,197.965512114594
2520,473833,-15161.001192,170,battery_depleted,0,1,0,0,46,45,40,24,2.23606797749979,19.604261690341765,11,0.06470588235294118,0.0,0.0,,,,170,195.8650070512057
2521,474015,-17489.216228,182,battery_depleted,0,1,0,0,46,29,25,35,18.601075237738275,3.23925443010328,31,0.17032967032967034,0.0,0.0,,,,182,183.30865786510162
2522,474183,-14970.32339,168,battery_depleted,0,1,0,0,31,44,22,44,24.698178070456937,-15.698178070456937,1,0.005952380952380952,0.0,0.0,,,,168,201.7939392393402
2523,474363,-17066.849299,180,battery_depleted,0,1,0,0,24,32,2,7,24.698178070456937,8.60347354023649,28,0.15555555555555556,0.0,0.0,,,,180,184.72287142747464
2524,474578,-24267.6666,215,battery_depleted,0,1,0,0,23,28,12,18,6.324555320336759,8.541513426981748,89,0.413953488372093,0.0,0.0,,,,215,149.61017305526644
2525,474772,-19883.872702,194,battery_depleted,0,1,0,0,4,20,32,5,38.897300677553446,-7.1325403290162654,62,0.31958762886597936,0.0,0.0,,,,194,164.30865786510148
2526,474962,-19034.49468,190,battery_depleted,0,1,0,0,24,40,32,37,7.615773105863909,0.9282306394536217,41,0.21578947368421053,0.0,0.0,,,,190,176.3380951166244
2527,475156,-19731.654184,194,battery_depleted,0,1,0,0,33,5,3,26,14.212670403551895,22.406996443649213,45,0.23195876288659795,0.0,0.0,,,,194,175.50966799187827
2528,475350,-19853.253352,194,battery_depleted,0,1,0,0,7,16,15,22,8.54400374531753,1.4559962546824696,54,0.27835051546391754,0.0,0.0,,,,194,169.40916292848985
2529,475539,-18753.60429,189,battery_depleted,0,1,0,0,46,1,16,24,21.633307652783937,16.168808690087662,42,0.2222222222222222,0.0,0.0,,,,189,176.82337649086296
2530,475727,-18637.433373,188,battery_depleted,0,1,0,0,26,33,9,48,17.11724276862369,5.554325328885579,42,0.22340425531914893,0.0,0.0,,,,188,175.4091629284899
2531,475896,-15099.439792,169,battery_depleted,0,1,0,0,34,40,13,26,32.14031735997639,-6.901458431728468,1,0.005917159763313609,0.0,0.0,,,,169,201.9655121145941
2532,476079,-17663.239642,183,battery_depleted,0,1,0,0,17,38,16,2,33.015148038438355,2.998738172299859,40,0.2185792349726776,0.0,0.0,,,,183,177.7939392393401
2533,476259,-17087.931908,180,battery_depleted,0,1,0,0,48,40,22,21,28.600699292150182,3.6017850840590526,31,0.17222222222222222,0.0,0.0,,,,180,183.79393923934015
2534,476468,-23048.202572,209,battery_depleted,0,1,0,0,34,16,46,24,16.401219466856727,-1.9790143650007703,87,0.41626794258373206,0.0,0.0,,,,209,149.7523086789974
2535,476658,-19059.8125,190,battery_depleted,0,1,0,0,42,21,28,8,19.1049731745428,0.0,49,0.2578947368421053,0.0,0.0,,,,190,172.0660171779823
2536,476833,-16157.898473,175,battery_depleted,0,1,0,0,23,45,37,38,8.54400374531753,7.108472097180998,23,0.13142857142857142,0.0,0.0,,,,175,186.79393923934023
2537,477031,-20559.965074,198,battery_depleted,0,1,0,0,36,42,12,31,4.123105625617661,22.27765193927051,60,0.30303030303030304,0.0,0.0,,,,198,166.16652224137056
2538,477223,-19418.690346,192,battery_depleted,0,1,0,0,2,10,24,45,30.610455730027933,10.729597487160841,54,0.28125,0.0,0.0,,,,192,168.65180361560917
2539,477405,-17362.332362,182,battery_depleted,0,1,0,0,19,49,47,36,8.54400374531753,22.32669433554873,29,0.15934065934065933,0.0,0.0,,,,182,184.06601717798233
2540,477583,-16707.993902,178,battery_depleted,0,1,0,0,22,7,21,24,14.0,3.0293863659264026,23,0.12921348314606743,0.0,0.0,,,,178,186.8944443027285
2541,477766,-17663.540202,183,battery_depleted,0,1,0,0,2,23,14,34,11.045361017187261,5.233459578912445,41,0.22404371584699453,0.0,0.0,,,,183,175.5512985522208
2542,477899,-9404.65811,133,goal_reached,1,0,0,0,16,35,14,27,0.0,8.246211251235321,33,0.24812030075187969,29.549999999999905,0.0,,,,133,122.36753236814702
2543,478072,-15853.483221,173,battery_depleted,0,1,0,0,35,28,28,20,20.248456731316587,-9.618310918581937,16,0.09248554913294797,0.0,0.0,,,,173,192.62236636408636
2544,478278,-22336.553628,206,battery_depleted,0,1,0,0,26,16,0,24,15.0,12.202941017470888,74,0.3592233009708738,0.0,0.0,,,,206,158.09545442950503
2545,478475,-20454.197037,197,battery_depleted,0,1,0,0,37,4,11,38,34.713109915419565,8.088759202645825,63,0.3197969543147208,0.0,0.0,,,,197,162.5807358037436
2546,478659,-17768.579181,184,battery_depleted,0,1,0,0,31,5,24,36,10.0,21.78049716414141,36,0.1956521739130435,0.0,0.0,,,,184,179.4802307403554
2547,478843,-17898.190814,184,battery_depleted,0,1,0,0,17,31,42,16,28.160255680657446,0.9945037935690557,34,0.18478260869565216,0.0,0.0,,,,184,181.06601717798236
2548,479020,-16506.941469,177,battery_depleted,0,1,0,0,43,24,13,17,29.732137494637012,1.0737061068617137,14,0.07909604519774012,0.0,0.0,,,,177,193.65180361560925
2549,479217,-20444.45308,197,battery_depleted,0,1,0,0,8,20,45,15,28.442925306655784,8.893384098533158,62,0.3147208121827411,0.0,0.0,,,,197,163.99494936611677
2550,479393,-16233.587185,176,battery_depleted,0,1,0,0,22,45,49,31,7.810249675906654,22.603562975584445,22,0.125,0.0,0.0,,,,176,187.96551211459402
2551,479585,-19389.283199,192,battery_depleted,0,1,0,0,40,42,48,27,10.44030650891055,6.559693491089449,46,0.23958333333333334,0.0,0.0,,,,192,173.33809511662443
2552,479763,-16656.788131,178,battery_depleted,0,1,0,0,48,22,16,19,22.135943621178654,10.004373738797739,20,0.11235955056179775,0.0,0.0,,,,178,189.89444430272854
2553,479929,-14583.819468,166,battery_depleted,0,1,0,0,42,29,32,18,18.867962264113206,-4.0018935167947,8,0.04819277108433735,0.0,0.0,,,,166,197.35028842544432
2554,480116,-18380.73197,187,battery_depleted,0,1,0,0,3,22,27,47,17.08800749063506,17.567439411691854,43,0.22994652406417113,0.0,0.0,,,,187,175.89444430272852
2555,480303,-18520.887481,187,battery_depleted,0,1,0,0,30,10,33,10,10.770329614269007,-7.7703296142690075,41,0.2192513368983957,0.0,0.0,,,,187,177.89444430272846
2556,480472,-15081.765373,169,battery_depleted,0,1,0,0,24,36,17,16,20.615528128088304,0.5740919723287874,9,0.05325443786982249,0.0,0.0,,,,169,195.62236636408645
2557,480683,-23367.605934,211,battery_depleted,0,1,0,0,11,14,29,20,5.0990195135927845,13.874646447417492,91,0.4312796208530806,0.0,0.0,,,,211,149.8233764908628
2558,480879,-20251.891668,196,battery_depleted,0,1,0,0,40,20,18,17,18.110770276274835,4.092833034899684,51,0.2602040816326531,0.0,0.0,,,,196,172.33809511662437
2559,481061,-17466.889975,182,battery_depleted,0,1,0,0,14,28,36,27,17.88854381999832,4.134171725546921,31,0.17032967032967034,0.0,0.0,,,,182,182.48023074035538
2560,481281,-25531.548108,220,battery_depleted,0,1,0,0,21,28,38,33,28.0,-10.27995485333065,104,0.4727272727272727,0.0,0.0,,,,220,139.19595949289328
2561,481477,-20242.336972,196,battery_depleted,0,1,0,0,24,22,48,39,28.30194339616981,1.108938943535673,54,0.2755102040816326,0.0,0.0,,,,196,168.50966799187813
2562,481650,-15769.385555,173,battery_depleted,0,1,0,0,38,38,38,27,3.1622776601683795,7.83772233983162,11,0.06358381502890173,0.0,0.0,,,,173,194.7228714274748
2563,481814,-14277.695106,164,battery_depleted,0,1,0,0,34,35,3,49,46.486557196677836,-12.471854493287935,3,0.018292682926829267,0.0,0.0,,,,164,199.52186130069813
2564,482002,-18545.874167,188,battery_depleted,0,1,0,0,6,20,6,47,11.0,16.0,39,0.2074468085106383,0.0,0.0,,,,188,176.75230867899742
2565,482172,-15222.358202,170,battery_depleted,0,1,0,0,41,19,38,36,12.36931687685298,4.893359624779087,4,0.023529411764705882,0.0,0.0,,,,170,199.551298552221
2566,482361,-18821.266083,189,battery_depleted,0,1,0,0,0,30,8,4,24.020824298928627,3.182116718542261,40,0.21164021164021163,0.0,0.0,,,,189,177.16652224137064
2567,482581,-25423.736672,220,battery_depleted,0,1,0,0,5,5,35,46,36.069377593742864,14.734165589779288,103,0.4681818181818182,0.0,0.0,,,,220,138.95331880577402
2568,482749,-14843.029452,168,battery_depleted,0,1,0,0,32,37,39,20,4.0,14.384776310850235,6,0.03571428571428571,0.0,0.0,,,,168,198.45079348883266
2569,482832,-3707.872161,83,goal_reached,1,0,0,0,42,31,43,24,0.0,7.0710678118654755,7,0.08433734939759036,53.44999999999993,0.0,,,,83,89.254833995939
2570,483018,-18213.211817,186,battery_depleted,0,1,0,0,47,2,33,27,18.788294228055936,9.86480333573287,37,0.1989247311827957,0.0,0.0,,,,186,179.23759005323612
2571,483065,-1239.095154,47,goal_reached,1,0,0,0,30,31,28,35,0.0,4.47213595499958,13,0.2765957446808511,75.55000000000001,0.0,,,,47,40.627416997969505
2572,483250,-18053.92597,185,battery_depleted,0,1,0,0,6,34,20,11,28.0178514522438,-1.0920274165712804,27,0.14594594594594595,0.0,0.0,,,,185,186.16652224137061
2573,483451,-21319.106966,201,battery_depleted,0,1,0,0,43,35,32,36,11.40175425099138,-0.356393233804118,72,0.3582089552238806,0.0,0.0,,,,201,159.237590053236
2574,483634,-17646.449706,183,battery_depleted,0,1,0,0,26,1,11,27,22.20360331117452,7.81305872843275,34,0.18579234972677597,0.0,0.0,,,,183,180.89444430272846
2575,483822,-18549.393218,188,battery_depleted,0,1,0,0,11,49,20,5,25.0,19.91102314577124,48,0.2553191489361702,0.0,0.0,,,,188,173.96551211459396
2576,484000,-16662.949646,178,battery_depleted,0,1,0,0,46,44,38,29,6.082762530298219,10.917237469701782,23,0.12921348314606743,0.0,0.0,,,,178,187.72287142747462
2577,484187,-18449.890295,187,battery_depleted,0,1,0,0,34,30,8,38,21.0,6.202941017470888,40,0.21390374331550802,0.0,0.0,,,,187,177.6518036156092
2578,484372,-18120.601036,185,battery_depleted,0,1,0,0,23,38,1,16,47.16990566028302,-16.05720728807493,32,0.17297297297297298,0.0,0.0,,,,185,182.823376490863
2579,484587,-24323.955572,215,battery_depleted,0,1,0,0,19,1,11,44,35.6931365951495,8.044718862108581,101,0.4697674418604651,0.0,0.0,,,,215,140.92388155425112
2580,484772,-18016.651727,185,battery_depleted,0,1,0,0,18,41,6,24,13.341664064126334,7.466987982558479,40,0.21621621621621623,0.0,0.0,,,,185,178.13708498984775
2581,484967,-20043.148427,195,battery_depleted,0,1,0,0,13,35,16,21,11.180339887498949,3.1374811757774044,55,0.28205128205128205,0.0,0.0,,,,195,166.50966799187816
2582,485151,-17810.26098,184,battery_depleted,0,1,0,0,20,48,25,21,18.027756377319946,9.431304058172017,25,0.1358695652173913,0.0,0.0,,,,184,187.16652224137061
2583,485327,-16327.210232,176,battery_depleted,0,1,0,0,35,26,7,37,25.495097567963924,4.588120345018723,13,0.07386363636363637,0.0,0.0,,,,176,193.65180361560925
2584,485506,-16813.447889,179,battery_depleted,0,1,0,0,22,43,45,14,18.439088914585774,18.57442213205772,22,0.12290502793296089,0.0,0.0,,,,179,188.06601717798233
2585,485681,-16193.917946,175,battery_depleted,0,1,0,0,35,34,43,40,16.492422502470642,-6.492422502470642,17,0.09714285714285714,0.0,0.0,,,,175,192.7939392393402
2586,485865,-17825.586707,184,battery_depleted,0,1,0,0,36,9,28,26,14.142135623730951,4.6461586043249845,29,0.15760869565217392,0.0,0.0,,,,184,183.99494936611677
2587,486047,-17482.433042,182,battery_depleted,0,1,0,0,33,40,34,25,13.038404810405298,1.9948915679676098,29,0.15934065934065933,0.0,0.0,,,,182,183.23759005323615
2588,486218,-15417.218539,171,battery_depleted,0,1,0,0,37,35,4,0,45.48626166217664,2.6177922210461375,9,0.05263157894736842,0.0,0.0,,,,171,195.55129855222094
2589,486410,-19431.651511,192,battery_depleted,0,1,0,0,16,22,32,34,14.142135623730951,5.857864376269049,49,0.2552083333333333,0.0,0.0,,,,192,172.40916292848982
2590,486456,-1135.191801,46,goal_reached,1,0,0,0,11,37,1,34,0.0,10.44030650891055,8,0.17391304347826086,74.79999999999997,0.0,,,,46,45.870057685088796
2591,486632,-16383.336289,176,battery_depleted,0,1,0,0,32,15,36,15,8.06225774829855,-4.062257748298549,16,0.09090909090909091,0.0,0.0,,,,176,192.72287142747473
2592,486812,-17090.952234,180,battery_depleted,0,1,0,0,47,41,33,45,15.0,-0.4397802214389639,24,0.13333333333333333,0.0,0.0,,,,180,187.89444430272854
2593,486986,-15866.078238,174,battery_depleted,0,1,0,0,49,33,4,40,28.071337695236398,17.469852451706405,5,0.028735632183908046,0.0,0.0,,,,174,199.23759005323618
2594,487159,-15758.90111,173,battery_depleted,0,1,0,0,37,29,6,44,28.861739379323623,5.576611336121502,5,0.028901734104046242,0.0,0.0,,,,173,199.0660171779823
2595,487385,-26879.657246,226,battery_depleted,0,1,0,0,29,23,0,18,26.570660511172846,2.8572174279514755,120,0.5309734513274337,0.0,0.0,,,,226,129.19595949289322
2596,487605,-25506.28904,220,battery_depleted,0,1,0,0,11,8,33,12,19.4164878389476,2.9441919360502986,104,0.4727272727272727,0.0,0.0,,,,220,138.7817459305202
2597,487807,-21497.813632,202,battery_depleted,0,1,0,0,6,15,18,22,14.212670403551895,-0.3202264141020912,69,0.3415841584158416,0.0,0.0,,,,202,161.1665222413705
2598,487986,-16924.026059,179,battery_depleted,0,1,0,0,30,11,48,14,18.973665961010276,-0.7253783701156173,27,0.15083798882681565,0.0,0.0,,,,179,186.37972567696707
2599,488166,-17079.912879,180,battery_depleted,0,1,0,0,34,2,14,6,10.816653826391969,9.57942422797917,32,0.17777777777777778,0.0,0.0,,,,180,183.20815280171325
2600,488339,-15824.91062,173,battery_depleted,0,1,0,0,20,35,28,46,12.041594578792296,1.5598759299431482,18,0.10404624277456648,0.0,0.0,,,,173,191.03657992645952
2601,488516,-16533.834039,177,battery_depleted,0,1,0,0,33,10,5,31,32.55764119219941,2.442358807800588,23,0.12994350282485875,0.0,0.0,,,,177,187.55129855222086
2602,488707,-19228.26074,191,battery_depleted,0,1,0,0,46,1,31,41,37.0,5.720018726587654,49,0.25654450261780104,0.0,0.0,,,,191,172.65180361560917
2603,488895,-18634.770235,188,battery_depleted,0,1,0,0,21,10,34,11,5.830951894845301,7.207452915559998,45,0.2393617021276596,0.0,0.0,,,,188,174.8944443027284
2604,489114,-25186.338201,219,battery_depleted,0,1,0,0,3,1,14,6,5.0990195135927845,6.984026460001788,100,0.45662100456621,0.0,0.0,,,,219,142.61017305526644
2605,489305,-19288.241279,191,battery_depleted,0,1,0,0,8,11,20,2,16.492422502470642,-1.4924225024706423,47,0.24607329842931938,0.0,0.0,,,,191,174.2375900532361
2606,489511,-22361.600781,206,battery_depleted,0,1,0,0,21,6,0,27,23.323807579381203,6.374677230453791,81,0.3932038834951456,0.0,0.0,,,,206,152.7523086789974
2607,489706,-20033.93321,195,battery_depleted,0,1,0,0,37,0,36,33,20.248456731316587,12.766691307121768,60,0.3076923076923077,0.0,0.0,,,,195,163.58073580374364
2608,489888,-17418.800495,182,battery_depleted,0,1,0,0,19,39,41,13,22.47220505424423,11.586567677608574,28,0.15384615384615385,0.0,0.0,,,,182,183.40916292848996
2609,490067,-16955.453606,179,battery_depleted,0,1,0,0,25,48,31,47,16.64331697709324,-10.56055444679502,25,0.13966480446927373,0.0,0.0,,,,179,187.13708498984784
2610,490267,-21144.039716,200,battery_depleted,0,1,0,0,9,24,18,22,14.317821063276353,-5.098276605983466,66,0.33,0.0,0.0,,,,200,162.99494936611677
2611,490269,98.75,2,goal_reached,1,0,0,0,24,2,22,2,0.0,2.0,0,0.0,99.0,0.0,,,,2,2.0
2612,490451,-17487.557475,182,battery_depleted,0,1,0,0,34,13,29,41,25.709920264364882,2.733005042290902,31,0.17032967032967034,0.0,0.0,,,,182,183.7228714274747
2613,490625,-15950.275933,174,battery_depleted,0,1,0,0,49,31,40,35,9.219544457292887,0.6293133445032169,5,0.028735632183908046,0.0,0.0,,,,174,199.23759005323618
2614,490796,-15404.944565,171,battery_depleted,0,1,0,0,42,37,18,33,15.033296378372908,9.29775374281997,12,0.07017543859649122,0.0,0.0,,,,171,194.20815280171328
2615,490985,-18783.619463,189,battery_depleted,0,1,0,0,9,18,8,45,13.038404810405298,13.980107361807294,44,0.2328042328042328,0.0,0.0,,,,189,176.06601717798227
2616,491157,-15620.457878,172,battery_depleted,0,1,0,0,33,26,42,21,10.198039027185569,0.09759111380143182,11,0.06395348837209303,0.0,0.0,,,,172,194.55129855222097
2617,491340,-17678.890576,183,battery_depleted,0,1,0,0,48,7,25,6,25.45584412271571,-2.434115256273035,30,0.16393442622950818,0.0,0.0,,,,183,184.89444430272852
2618,491532,-19455.799875,192,battery_depleted,0,1,0,0,28,6,37,4,5.0990195135927845,4.120524943700103,51,0.265625,0.0,0.0,,,,192,169.16652224137056
2619,491726,-19843.376508,194,battery_depleted,0,1,0,0,44,3,35,38,35.4400902933387,0.6985317058466052,49,0.25257731958762886,0.0,0.0,,,,194,171.09545442950508
2620,491901,-16051.821773,175,battery_depleted,0,1,0,0,47,44,39,14,6.708203932499369,24.34014546002068,19,0.10857142857142857,0.0,0.0,,,,175,190.3797256769671
2621,492112,-23515.088934,211,battery_depleted,0,1,0,0,1,13,8,17,8.246211251235321,-0.18395350293677204,97,0.4597156398104265,0.0,0.0,,,,211,143.40916292848974
2622,492308,-20173.351502,196,battery_depleted,0,1,0,0,6,46,34,8,30.01666203960727,17.18503284521652,52,0.2653061224489796,0.0,0.0,,,,196,169.26702730475887
2623,492501,-19674.719577,193,battery_depleted,0,1,0,0,23,16,0,6,32.01562118716424,-6.935748779195336,55,0.2849740932642487,0.0,0.0,,,,193,166.9949493661167
2624,492676,-16157.634436,175,battery_depleted,0,1,0,0,41,27,42,24,5.385164807134504,-2.222887146966124,12,0.06857142857142857,0.0,0.0,,,,175,194.48023074035547
2625,492846,-15289.167818,170,battery_depleted,0,1,0,0,43,33,7,16,40.311288741492746,-0.4992302667039823,16,0.09411764705882353,0.0,0.0,,,,170,192.1076477383249
2626,493028,-17490.249568,182,battery_depleted,0,1,0,0,2,45,12,16,31.400636936215164,-0.724913635859231,34,0.18681318681318682,0.0,0.0,,,,182,181.55129855222086
2627,493222,-19822.992708,194,battery_depleted,0,1,0,0,46,3,34,35,30.675723300355934,3.500291680914188,51,0.26288659793814434,0.0,0.0,,,,194,170.3380951166244
2628,493443,-25744.753896,221,battery_depleted,0,1,0,0,24,28,48,41,33.28663395418648,-5.991945826274115,111,0.502262443438914,0.0,0.0,,,,221,133.61017305526633
2629,493624,-17237.091938,181,battery_depleted,0,1,0,0,46,35,26,17,14.142135623730951,12.765112470416469,25,0.13812154696132597,0.0,0.0,,,,181,186.65180361560925
2630,493803,-16866.767319,179,battery_depleted,0,1,0,0,42,40,48,4,25.079872407968907,11.416702773820411,29,0.16201117318435754,0.0,0.0,,,,179,185.20815280171334
2631,493996,-19625.565275,193,battery_depleted,0,1,0,0,44,7,14,39,35.90264614203248,7.960778256890137,57,0.29533678756476683,0.0,0.0,,,,193,166.23759005323606
2632,494210,-24102.9034,214,battery_depleted,0,1,0,0,34,20,4,25,21.540659228538015,8.873153422953084,95,0.4439252336448598,0.0,0.0,,,,214,143.8528137423857
2633,494397,-18457.802081,187,battery_depleted,0,1,0,0,9,46,23,44,9.055385138137417,5.086750485593534,47,0.25133689839572193,0.0,0.0,,,,187,173.13708498984775
2634,494594,-20512.096139,197,battery_depleted,0,1,0,0,8,20,7,9,18.439088914585774,-7.393727897398513,61,0.3096446700507614,0.0,0.0,,,,197,165.82337649086293
2635,494774,-17110.704785,180,battery_depleted,0,1,0,0,9,49,30,46,17.804493814764857,3.4087096208315693,32,0.17777777777777778,0.0,0.0,,,,180,182.3797256769671
2636,494950,-16271.957146,176,battery_depleted,0,1,0,0,44,36,44,17,6.082762530298219,12.917237469701782,16,0.09090909090909091,0.0,0.0,,,,176,191.48023074035547
2637,495135,-18092.926217,185,battery_depleted,0,1,0,0,3,30,6,1,35.12833614050059,-5.9735766662740915,30,0.16216216216216217,0.0,0.0,,,,185,183.5807358037437
2638,495323,-18599.014803,188,battery_depleted,0,1,0,0,26,42,35,28,3.1622776601683795,13.481039316924859,42,0.22340425531914893,0.0,0.0,,,,188,175.4091629284899
2639,495519,-20245.260931,196,battery_depleted,0,1,0,0,6,15,29,14,12.806248474865697,10.215480391576978,68,0.3469387755102041,0.0,0.0,,,,196,161.96551211459385
2640,495698,-16856.169371,179,battery_depleted,0,1,0,0,10,47,27,26,17.029386365926403,9.98912580628619,22,0.12290502793296089,0.0,0.0,,,,179,188.89444430272854
2641,495879,-17123.356574,181,battery_depleted,0,1,0,0,43,46,41,2,15.132745950421556,28.91268514066892,24,0.13259668508287292,0.0,0.0,,,,181,189.3086578651016
2642,496066,-18424.980473,187,battery_depleted,0,1,0,0,19,10,32,38,23.08679276123039,7.7839053196358705,46,0.24598930481283424,0.0,0.0,,,,187,172.89444430272846
2643,496252,-18195.606967,186,battery_depleted,0,1,0,0,19,22,16,46,9.0,15.186773244895647,43,0.23118279569892472,0.0,0.0,,,,186,174.89444430272846
2644,496453,-21255.775915,201,battery_depleted,0,1,0,0,39,23,7,45,25.019992006393608,13.812983671501591,69,0.34328358208955223,0.0,0.0,,,,201,160.99494936611674
2645,496654,-21329.084285,201,battery_depleted,0,1,0,0,20,28,39,16,23.769728648009426,-1.2975235937651952,74,0.3681592039800995,0.0,0.0,,,,201,158.89444430272835
2646,496842,-18590.346797,188,battery_depleted,0,1,0,0,12,41,17,5,18.027756377319946,18.317807313452548,59,0.31382978723404253,0.0,0.0,,,,188,165.86500705120557
2647,497029,-18373.915606,187,battery_depleted,0,1,0,0,36,4,27,24,10.0,11.931712199461309,37,0.19786096256684493,0.0,0.0,,,,187,178.58073580374372
2648,497200,-15490.391434,171,battery_depleted,0,1,0,0,32,49,27,40,22.627416997969522,-12.331786856982522,7,0.04093567251461988,0.0,0.0,,,,171,198.79393923934026
2649,497373,-15774.637485,173,battery_depleted,0,1,0,0,29,46,35,34,13.038404810405298,0.3780030545934405,5,0.028901734104046242,0.0,0.0,,,,173,199.48023074035552
2650,497554,-17299.91757,181,battery_depleted,0,1,0,0,14,49,17,39,10.816653826391969,-0.37634731748141803,27,0.14917127071823205,0.0,0.0,,,,181,184.65180361560923
2651,497762,-22828.338333,208,battery_depleted,0,1,0,0,9,6,16,6,9.0,-2.0,86,0.41346153846153844,0.0,0.0,,,,208,151.82337649086284
2652,497933,-15427.459129,171,battery_depleted,0,1,0,0,43,32,35,21,15.033296378372908,-1.4318258696374642,4,0.023391812865497075,0.0,0.0,,,,171,198.4802307403555
2653,498124,-19161.475984,191,battery_depleted,0,1,0,0,8,42,48,39,25.079872407968907,15.032469832294254,44,0.23036649214659685,0.0,0.0,,,,191,173.92388155425127
2654,498298,-15996.06487,174,battery_depleted,0,1,0,0,39,29,7,41,38.01315561749642,-3.8371406362263016,11,0.06321839080459771,0.0,0.0,,,,174,195.3086578651016
2655,498482,-17863.183972,184,battery_depleted,0,1,0,0,7,39,3,9,30.364452901377952,-0.09896100053483892,33,0.1793478260869565,0.0,0.0,,,,184,183.72287142747467
2656,498657,-16072.125715,175,battery_depleted,0,1,0,0,49,40,12,31,22.80350850198276,15.275357027336785,13,0.07428571428571429,0.0,0.0,,,,175,193.48023074035544
2657,498853,-20260.308291,196,battery_depleted,0,1,0,0,34,12,24,17,5.385164807134504,5.795175080364445,59,0.3010204081632653,0.0,0.0,,,,196,166.4091629284898
2658,499071,-24998.899926,218,battery_depleted,0,1,0,0,27,12,39,29,13.601470508735444,7.207181537949369,109,0.5,0.0,0.0,,,,218,134.26702730475876
2659,499245,-15986.584436,174,battery_depleted,0,1,0,0,36,44,5,43,32.7566787083184,-1.7405538697767504,16,0.09195402298850575,0.0,0.0,,,,174,191.55129855222089
2660,499429,-17788.423554,184,battery_depleted,0,1,0,0,27,46,4,37,12.206555615733702,12.491622454723235,26,0.14130434782608695,0.0,0.0,,,,184,185.75230867899757
2661,499607,-16575.216659,178,battery_depleted,0,1,0,0,33,48,49,13,12.041594578792296,26.442168230995417,19,0.10674157303370786,0.0,0.0,,,,178,190.89444430272852
2662,499797,-19027.691869,190,battery_depleted,0,1,0,0,21,31,15,22,11.045361017187261,-0.22870719079529245,42,0.22105263157894736,0.0,0.0,,,,190,177.40916292848985
2663,499986,-18859.187406,189,battery_depleted,0,1,0,0,11,29,4,20,14.866068747318506,-3.464314496327127,47,0.24867724867724866,0.0,0.0,,,,189,174.72287142747464
2664,500152,-14528.853523,166,battery_depleted,0,1,0,0,40,26,44,40,8.06225774829855,6.497962030262487,6,0.03614457831325301,0.0,0.0,,,,166,197.69343417595186
2665,500348,-20223.501699,196,battery_depleted,0,1,0,0,22,42,22,25,11.180339887498949,5.819660112501051,56,0.2857142857142857,0.0,0.0,,,,196,166.50966799187813
2666,500534,-18220.403426,186,battery_depleted,0,1,0,0,17,34,49,12,31.827660925679098,7.005314752216101,40,0.21505376344086022,0.0,0.0,,,,186,178.72287142747467
2667,500746,-23610.124193,212,battery_depleted,0,1,0,0,37,0,16,5,14.422205101855956,7.1648280430669455,82,0.3867924528301887,0.0,0.0,,,,212,153.19595949289337
2668,500931,-18114.810773,185,battery_depleted,0,1,0,0,18,12,1,40,40.0,-7.243321291681603,51,0.2756756756756757,0.0,0.0,,,,185,170.03657992645935
2669,501110,-16801.922996,179,battery_depleted,0,1,0,0,2,33,36,28,13.152946437965905,21.212734116913257,26,0.1452513966480447,0.0,0.0,,,,179,185.72287142747473
2670,501291,-17301.817677,181,battery_depleted,0,1,0,0,39,32,27,45,15.524174696260024,2.1676313166941075,23,0.1270718232044199,0.0,0.0,,,,181,188.6518036156092
2671,501377,-3981.133944,86,goal_reached,1,0,0,0,22,5,24,13,0.0,8.246211251235321,10,0.11627906976744186,52.699999999999925,0.0,,,,86,89.254833995939
2672,501563,-18179.800837,186,battery_depleted,0,1,0,0,13,29,37,37,6.324555320336759,18.973665961010276,39,0.20967741935483872,0.0,0.0,,,,186,177.23759005323612
2673,501745,-17369.399248,182,battery_depleted,0,1,0,0,38,41,9,22,16.76305461424021,17.906817032479218,26,0.14285714285714285,0.0,0.0,,,,182,185.40916292848993
